Data Check  ·  7 Oct 2026  ·  history checks: all rows; cross-source: yieldz protocol data + on-chain reads,,,,,,,,,,,
Tab,Farm,Chain,Protocol,APY Now,7d,Verdict,Cross-Source APY,Source,Flags,Risk,Risk Basis
USD Farms,SRMHYPER,Ethereum,Strata Markets,12.42535,7.31576,FLAGGED,7.681,strata on-chain lens,MISMATCH(source 7.68),High (3.5),"score 3.5; MHYPER 6.0 (credora 5.8, yearn 6.4); -2 red flags; -1 tvl<1M; +0.5 senior tranche buffer"
USD Farms,FAUSDE,Ethereum,Morpho Blue,11.11617,7.72507,FLAGGED,16.059,yieldz,MISMATCH(source 16.06),High (1.7),"score 1.7; allocation leg 4.7 (sUSDai 4.9@86%, sUSDat 3.7@14%, syrupUSDC 6.7@0%); -2 red flags; -1 util 97%"
USD Farms,ftUSD/USDC,Ethereum,Curve DEX,10.48049,11.80115,FLAGGED,2.032,curve-api (total),MISMATCH(curve total 2.03),High (2.2),"score 2.2; FTUSD 5.2 (pharos 5.9, yearn 4.4); USDC 8.5 (credora 9.5, pharos 8.8, tid 7.5); worst leg: FTUSD; -2 red flags; -1 tvl<1M"
USD Farms,FRXUSD-SUSDAI,Ethereum,Curve DEX,9.52748,11.1095,FLAGGED,6.204,curve-api (total),MISMATCH(curve total 6.20),High (1.9),"score 1.9; FRXUSD 6.2 (pharos 7.0, tid 5.5); SUSDAI 4.9 (pharos 5.4, tid 4.5); worst leg: SUSDAI; -2 red flags; -1 tvl<1M"
USD Farms,EDGEUSDC,Base,Morpho Blue,9.16958,8.68881,FLAGGED,4.825,yieldz,MISMATCH(source 4.82),High (0.7),"score 0.7; allocation leg 3.7 (cbXRP unrated@67%, cbDOGE unrated@12%, WETH 9.0*@10%); -2 red flags; -1 tvl<1M"
USD Farms,SRUSDE,Ethereum,Strata Markets,9.1036,4.85096,FLAGGED,4.681,strata on-chain lens,MISMATCH(source 4.68),Med-High (5.2),"score 5.2; USDE 6.7 (credora 7.4, pharos 6.3, tid 6.5); -2 red flags; +0.5 senior tranche buffer"
USD Farms,Y10KAUSD,Monad,Morpho Blue,8.10852,8.55761,FLAGGED,2.597,yieldz,MISMATCH(source 2.60),High (0.5),"score 0.5; allocation leg 3.0 (mROX unrated@97%, savUSD 4.7@3%, syzUSD 3.8@0%); -2 red flags; -0.5 concentrated book 97%"
ETH Farms,Fusion stETH looping Ethereum,Ethereum,Fusion by IPOR,7.80279,7.48181,FLAGGED,5.493,ipor-api,MISMATCH(source 5.49),Med-High (5.3),"score 5.3; STETH 9.5 (credora 9.5); allocation leg 8.3 (spark-lend 8.2†@69%, aave-v3 8.5†@29%, stETH 9.5@0%, wstETH 8.0@0%, wstETH 8.0@0%, stETH 9.5@0%, stETH 9.5@0%); allocation leg governs; -2 red flags; -1 leveraged strategy"
ETH Farms,IPOR WstETH Base,Base,Fusion by IPOR,6.877520000000001,6.69618,FLAGGED,4.634,ipor-api,MISMATCH(source 4.63),Med-High (4.0),"score 4.0; WSTETH 8.0 (tid 8.0); allocation leg 8.1 (wstETH 8.0@71%, aave-v3 8.5†@24%, wstETH 8.0@4%, WStETH 8.0@0%); -2 red flags; -1 tvl<1M; -1 leveraged strategy"
USD Farms,LlamaThena,Ethereum,Curve DEX,6.62423,6.30774,FLAGGED,1.785,curve-api (total),MISMATCH(curve total 1.78),High (3.9),"score 3.9; CRVUSD 5.9 (pharos 7.0, tid 5.0); SUSDE 6.2 (pharos 5.8, tid 6.5); worst leg: CRVUSD; -2 red flags"
USD Farms,KABUUSDC,Ethereum,Morpho Blue,6.55545,7.86185,FLAGGED,10.248,yieldz,MISMATCH(source 10.25),High (0.5),"score 0.5; allocation leg 3.0 (MORPHO unrated@58%, ONDO unrated@21%, SYRUP unrated@21%, EIGEN 6.5*@0%, wstETH 8.0@0%, FLUID 7.6@0%); -2 red flags; -1 tvl<1M; -1 util 100%"
USD Farms,RESERVOIRUSDC,Ethereum,Morpho Blue,6.511839999999999,6.71717,FLAGGED,4.041,yieldz,MISMATCH(source 4.04),Med-Low (6.0),score 6.0; allocation leg 9.5 (cbBTC 9.5@100%); -2 red flags; -1 tvl<1M; -0.5 concentrated book 100%
ETH Farms,TAU cbETH Dynamic Looping,Base,Fusion by IPOR,6.49162,6.13783,FLAGGED,4.109,ipor-api,MISMATCH(source 4.11),Med-High (5.3),"score 5.3; CBETH 8.3*; allocation leg 8.3 (aave-v3 8.5†@85%, euler?0x60c61a 6.0†@8%, cbETH 8.3*@7%, euler?0x358f25 6.0†@0%, cbETH 8.3*@0%, cbETH 8.3*@0%); allocation leg governs; -2 red flags; -1 leveraged strategy"
USD Farms,SaveDola,Ethereum,Curve DEX,6.4682,6.70267,FLAGGED,1.316,curve-api (total),MISMATCH(curve total 1.32),High (1.9),"score 1.9; CRVUSD 5.9 (pharos 7.0, tid 5.0); SDOLA 4.4 (pharos 4.3, tid 4.5); worst leg: SDOLA; -2 red flags; -0.5 pool 80% in sDOLA"
ETH Farms,Curve.fi Factory Pool: ETHx-ETH,Ethereum,Curve DEX,6.16907,6.38917,FLAGGED,4.284,curve-api (total),MISMATCH(curve total 4.28); REWARD-HEAVY(emissions 4.3 of 6.2 unverified),High (0.5),score 0.5; ETH 8.4 (credora 8.4); ETHX unrated 3.0; worst leg: ETHX; -2 red flags; -1 tvl<1M
USD Farms,frxUSD/sDOLA,Ethereum,Curve DEX,5.70201,5.61309,FLAGGED,1.059,curve-api (total),MISMATCH(curve total 1.06),High (0.9),"score 0.9; FRXUSD 6.2 (pharos 7.0, tid 5.5); SDOLA 4.4 (pharos 4.3, tid 4.5); worst leg: SDOLA; -2 red flags; -1 tvl<1M; -0.5 pool 79% in sDOLA"
USD Farms,FRXUSD-SUSDE,Ethereum,Curve DEX,5.51862,4.85828,FLAGGED,1.055,curve-api (total),MISMATCH(curve total 1.05),High (3.2),"score 3.2; FRXUSD 6.2 (pharos 7.0, tid 5.5); SUSDE 6.2 (pharos 5.8, tid 6.5); worst leg: FRXUSD; -2 red flags; -1 tvl<1M"
USD Farms,0.00%,BSC,Uniswap V4,5.26407,3.83764,FLAGGED,,,STALE(4d old),Med-High (4.1),"score 4.1; USDT 7.1 (credora 8.4, pharos 7.2, tid 6.0); USDC 8.5 (credora 9.5, pharos 8.8, tid 7.5); worst leg: USDT; -2 red flags; -1 tvl<1M"
USD Farms,Fluid Gho Token,Arbitrum,Fluid Lending,5.12,5.45857,FLAGGED,0.02,yieldz,MISMATCH(source 0.02),High (4.0),"score 4.0; GHO 6.0 (credora 8.4, pharos 4.2, tid 5.5); collateral leg 9.5 (WBTC 9.5@100%); -2 red flags"
USD Farms,USDS/stUSDS,Ethereum,Curve DEX,4.88783,5.07716,FLAGGED,2.496,curve-api (total),MISMATCH(curve total 2.50),High (1.8),"score 1.8; USDS 7.2 (credora 8.4, pharos 4.4, tid 7.0, yearn 9.6); STUSDS 3.8 (pharos 3.8); worst leg: STUSDS; -2 red flags"
USD Farms,USDT-USDE,Ethereum,Curve DEX,4.80898,4.36732,FLAGGED,2.806,curve-api (total),MISMATCH(curve total 2.81),Med-High (4.2),"score 4.2; USDT 7.1 (credora 8.4, pharos 7.2, tid 6.0); USDE 6.7 (credora 7.4, pharos 6.3, tid 6.5); worst leg: USDE; -2 red flags; -0.5 pool 80% in USDe"
USD Farms,VBSHUSDC,Ethereum,Morpho Blue,4.34942,4.33447,FLAGGED,5.854,yieldz,MISMATCH(source 5.85),High (2.8),"score 2.8; allocation leg 5.8 (PT-reUSD-10DEC2026→reUSD 4.1@47%, cbBTC 9.5@20%, WBTC 9.5@7%, sUSDat 3.7@6%, mF-ONE 8.4@5%, PT-apyUSD-5NOV2026→apyUSD 2.3@4%, AA_FalconXUSDC 5.0@1%, reUSD 4.6@1%); credora vault A (psl 0.15%); allocation leg governs; -2 red flags; -1 util 100%"
USD Farms,FRXUSD-SGHO,Ethereum,Curve DEX,4.28477,4.13409,FLAGGED,1.091,curve-api (total),MISMATCH(curve total 1.09),High (2.6),"score 2.6; FRXUSD 6.2 (pharos 7.0, tid 5.5); SGHO 5.6 (pharos 3.7, tid 5.5, yearn 8.0); worst leg: SGHO; -2 red flags; -1 tvl<1M"
USD Farms,DOLA/sUSDe,Ethereum,Curve DEX,4.04984,4.13235,FLAGGED,2.716,curve-api (total),MISMATCH(curve total 2.72); REWARD-HEAVY(emissions 2.7 of 4.0 unverified),High (2.5),"score 2.5; DOLA 4.5 (pharos 4.5, tid 4.5); SUSDE 6.2 (pharos 5.8, tid 6.5); worst leg: DOLA; -2 red flags"
USD Farms,GTEURCB,Base,Morpho Blue,4.032,3.66415,FLAGGED,2.99,yieldz,MISMATCH(source 2.99),Med-Low (6.2),"score 6.2; allocation leg 9.2 (cbBTC 9.5@78%, wstETH 8.0@19%, cbETH 8.3*@2%, WETH 9.0*@1%); -2 red flags; -1 tvl<1M"
USD Farms,Fluid Gho Token,Base,Fluid Lending,3.86,3.96143,FLAGGED,0,yieldz,MISMATCH(source 0.00),High (3.0),"score 3.0; GHO 6.0 (credora 8.4, pharos 4.2, tid 5.5); collateral leg 9.5 (cbBTC 9.5@100%); -2 red flags; -1 tvl<1M"
USD Farms,STEAKEURC,Base,Morpho Blue,3.8375,3.49171,FLAGGED,2.826,yieldz,MISMATCH(source 2.83),Med-Low (7.3),"score 7.3; allocation leg 9.3 (cbBTC 9.5@89%, wstETH 8.0@10%, cbETH 8.3*@2%); -2 red flags"
USD Farms,BBQUSDT,Ethereum,Morpho Blue,3.78909,3.98056,FLAGGED,5.811,yieldz,MISMATCH(source 5.81),High (1.8),"score 1.8; allocation leg 4.8 (PT-USDat-14JAN2027→USDat 4.8@59%, sUSDai 4.9@37%, PT-reUSD-10DEC2026→reUSD 4.1@4%, XAUt 7.3@0%, wstETH 8.0@0%, cbBTC 9.5@0%); -2 red flags; -1 util 93%"
USD Farms,vbUSDT yVault,Katana,Yearn Finance,3.40072,2.88607,FLAGGED,1.813,ydaemon,MISMATCH(source 1.81),High (3.8),"score 3.8; strategy book leg 5.8 (Morpho Yearn OG ~USDT 6.5†@80%, Single Sided Steer LP vbUS unrated@20%); -2 red flags"
USD Farms,sfrxUSD/frxUSD,Ethereum,Curve DEX,3.39154,3.52857,FLAGGED,0.766,curve-api (total),MISMATCH(curve total 0.77),Med-High (4.2),"score 4.2; FRXUSD 6.2 (pharos 7.0, tid 5.5); FRXUSD 6.2 (pharos 7.0, tid 5.5); -2 red flags"
ETH Farms,WSTETH-RETH-SFRXETH,Ethereum,Curve DEX,2.5,2.44,FLAGGED,0.044,on-chain (curve vp 7d),NOT-ACCRUING(realized 0.04 vs quoted 2.50),Med-High (5.0),score 5.0; WSTETH 8.0 (tid 8.0); RETH 8.4 (credora 8.4); SFRXETH 8.0*; worst leg: WSTETH; -2 red flags; -1 tvl<1M
ETH Farms,WSTETH-RETH-SFRXETH,Ethereum,Convex Finance,2.5,2.44,FLAGGED,0.044,on-chain (curve vp 7d),NOT-ACCRUING(realized 0.04 vs quoted 2.50),Med-High (5.0),score 5.0; WSTETH 8.0 (tid 8.0); RETH 8.4 (credora 8.4); SFRXETH 8.0*; worst leg: WSTETH; -2 red flags; -1 tvl<1M
ETH Farms,TAU infiniFi ETH Carry,Ethereum,Fusion by IPOR,2.34295,2.34318,FLAGGED,0.002,ipor-api,MISMATCH(source 0.00),Med-High (4.5),"score 4.5; WSTETH 8.0 (tid 8.0); allocation leg 8.0 (wstETH 8.0@100%, wstETH 8.0@0%); -2 red flags; -1 tvl<1M; -0.5 concentrated book 100%"
ETH Farms,weETH/WETH-ng,Ethereum,Curve DEX,2.2554,2.57064,FLAGGED,0.588,curve-api (total),MISMATCH(curve total 0.59),Med-High (5.0),score 5.0; WETH 9.0*; WEETH 7.0 (tid 7.0); worst leg: WEETH; -2 red flags
USD Farms,JRUSDAT,Ethereum,Strata Markets,0,0,FLAGGED,-31.928,strata on-chain lens,MISMATCH(source -31.93),High (1.8),"score 1.8; USDAT 5.3 (pharos 6.2, tid 4.5, yearn 5.4); -2 red flags; -1.5 junior tranche (first loss)"
USD Farms,JRUSDE,Ethereum,Strata Markets,0,5.38979,FLAGGED,4.453,strata on-chain lens,MISMATCH(source 4.45),High (3.2),"score 3.2; USDE 6.7 (credora 7.4, pharos 6.3, tid 6.5); -2 red flags; -1.5 junior tranche (first loss)"
USD Farms,CL1 - 0.03%,Base,Aerodrome Slipstream,35.89937,45.27718,CAUTION,,,REWARD-HEAVY(emissions 34.9 of 35.9 unverified),Med-Low (7.2),"score 7.2; XSGD 8.2 (pharos 8.2); USDC 8.5 (credora 9.5, pharos 8.8, tid 7.5); worst leg: XSGD; -1 tvl<1M"
USD Farms,StableV2 AMM - USDC/msUSD,OP Mainnet,Velodrome V2,35.73111,36.64955,CAUTION,,,REWARD-HEAVY(emissions 35.7 of 35.7 unverified),High (1.4),"score 1.4; USDC 8.5 (credora 9.5, pharos 8.8, tid 7.5); MSUSD 2.4 (pharos 3.5, tid 1.5); worst leg: MSUSD; -1 tvl<1M"
USD Farms,StableV2 AMM - USDC/sUSD,OP Mainnet,Velodrome V2,28.40085,28.96871,CAUTION,,,REWARD-HEAVY(emissions 28.4 of 28.4 unverified),High (3.7),"score 3.7; USDC 8.5 (credora 9.5, pharos 8.8, tid 7.5); SUSD 3.7 (pharos 3.7); worst leg: SUSD"
USD Farms,0.00%,Base,Uniswap V4,26.78569,,CAUTION,,,NEW(3d history),Med-Low (6.1),"score 6.1; USDC 8.5 (credora 9.5, pharos 8.8, tid 7.5); USDT 7.1 (credora 8.4, pharos 7.2, tid 6.0); worst leg: USDT; -1 tvl<1M"
USD Farms,Stable AMM - msUSD/USDC,Base,Aerodrome V1,20.72145,20.67585,CAUTION,,,REWARD-HEAVY(emissions 20.7 of 20.7 unverified),High (2.4),"score 2.4; MSUSD 2.4 (pharos 3.5, tid 1.5); USDC 8.5 (credora 9.5, pharos 8.8, tid 7.5); worst leg: MSUSD"
USD Farms,USDC-ALUSDB,Base,Aerodrome V1,19.62171,21.64389,CAUTION,29.915,merkl (reward APR),NEW(13d history),High (3.0),"score 3.0; USDC 8.5 (credora 9.5, pharos 8.8, tid 7.5); ALUSDB unrated 3.0; worst leg: ALUSDB"
USD Farms,SuperVault,Base,Superform,17.9908,18.23208,CAUTION,,,REWARD-HEAVY(emissions 18.0 of 18.0 unverified),High,unrated: internal signals only
ETH Farms,StableV2 AMM - msETH/WETH,OP Mainnet,Velodrome V2,15.28772,16.05902,CAUTION,,,REWARD-HEAVY(emissions 15.3 of 15.3 unverified),High (3.0),score 3.0; WETH 9.0*; MSETH unrated 3.0; worst leg: MSETH
USD Farms,CL10 - 0.05%,Base,Aerodrome Slipstream,13.89699,16.37031,CAUTION,,,NEW(13d history),High (2.0),"score 2.0; USDC 8.5 (credora 9.5, pharos 8.8, tid 7.5); ALUSDB unrated 3.0; worst leg: ALUSDB; -1 tvl<1M"
USD Farms,EUSD-USDC,Base,Aerodrome V1,12.21795,12.60799,CAUTION,,,REWARD-HEAVY(emissions 12.2 of 12.2 unverified),High (3.9),"score 3.9; EUSD 4.9 (pharos 4.9); USDC 8.5 (credora 9.5, pharos 8.8, tid 7.5); worst leg: EUSD; -1 tvl<1M"
USD Farms,R25 Treasury Vault,Sui,Ember Protocol,12,12,CAUTION,,,SELF-REPORTED(flat 30d history),Med-High (5.9),"score 5.9; USDC 8.5 (credora 9.5, pharos 8.8, tid 7.5); -2 self-reported; capped 5.9: allocation not visible"
USD Farms,RE7FRXUSD,Ethereum,Morpho Blue,11.504,28.47042,CAUTION,2.801,yieldz (base+reward),NEW(7d history),Med-High (4.4),score 4.4; allocation leg 4.9 (sUSDai 4.9@100%); -0.5 concentrated book 100%
USD Farms,SYNUSD,Ethereum,Lagoon,10.76844,10.76844,CAUTION,2.875,on-chain (7d realized),REALIZED-LOW(2.88 vs quoted 10.77),Med-High,unrated: internal signals only
USD Farms,EARNAUSDLOOP,Monad,Upshift,10.35586,9.72071,CAUTION,,,NEW(8d history),Med-High,unrated: internal signals only
USD Farms,Neverland Interest Bearing USDT0,Monad,Neverland,10.28396,10.47536,CAUTION,,,REWARD-HEAVY(emissions 7.1 of 10.3 unverified),Med-Low (6.1),"score 6.1; USDT 7.1 (credora 8.4, pharos 7.2, tid 6.0); -1 tvl<1M"
USD Farms,COREUSDC,Ethereum,Upshift,10,10,CAUTION,,,SELF-REPORTED(flat 30d history),High,unrated: internal signals only
USD Farms,IdleCDO AA Tranche - Adaptive FrontierUSDC,Ethereum,Pareto Credit,9.375,9.375,CAUTION,,,SELF-REPORTED(flat 30d history),Med-High (5.9),"score 5.9; USDC 8.5 (credora 9.5, pharos 8.8, tid 7.5); -2 self-reported; capped 5.9: allocation not visible"
USD Farms,Neverland Interest Bearing USDC,Monad,Neverland,9.26412,9.90474,CAUTION,,,REWARD-HEAVY(emissions 6.7 of 9.3 unverified),Med-Low (7.5),"score 7.5; USDC 8.5 (credora 9.5, pharos 8.8, tid 7.5); -1 tvl<1M"
USD Farms,UPUSDC,Ethereum,Upshift,9.09,9.09,CAUTION,,,SELF-REPORTED(flat 30d history),High,unrated: internal signals only
USD Farms,USDC,BSC,Lista Lending,8.36029,8.13295,CAUTION,,,REWARD-HEAVY(emissions 7.7 of 8.4 unverified),Med-Low (7.5),"score 7.5; USDC 8.5 (credora 9.5, pharos 8.8, tid 7.5); -1 tvl<1M"
ETH Farms,StableV2 AMM - alETH/WETH,OP Mainnet,Velodrome V2,8.12119,8.26386,CAUTION,,,REWARD-HEAVY(emissions 8.1 of 8.1 unverified),High (3.0),score 3.0; WETH 9.0*; ALETH unrated 3.0; worst leg: ALETH
USD Farms,fixed-rate,Ethereum,Strata Markets,8.11136,8.11136,CAUTION,7.8,strata on-chain lens,SELF-REPORTED(flat 30d history),High (3.8),"score 3.8; USDAT 5.3 (pharos 6.2, tid 4.5, yearn 5.4); -2 self-reported; +0.5 senior tranche buffer"
ETH Farms,Neverland Interest Bearing WETH,Monad,Neverland,7.97656,8.57093,CAUTION,,,REWARD-HEAVY(emissions 7.8 of 8.0 unverified),Med-Low (7.9),score 7.9; WETH 9.0*; -1 tvl<1M; capped 7.9: not VERIFIED
USD Farms,GTUSDGP,Arbitrum,Morpho Blue,7.76992,,CAUTION,0.23,yieldz (base),NEW(2d history),High (3.9),score 3.9; allocation leg 4.4 (syrupUSDG 4.4@100%); -0.5 concentrated book 100%
USD Farms,Curve Lend – fxSAVE collateral,Ethereum,Convex Finance,7.296250000000001,7.40118,CAUTION,,,REWARD-HEAVY(emissions 6.0 of 7.3 unverified),Med-High (4.9),"score 4.9; CRVUSD 5.9 (pharos 7.0, tid 5.0); -1 tvl<1M"
ETH Farms,Stable AMM - WETH/msETH,Base,Aerodrome V1,7.13845,7.2717,CAUTION,,,REWARD-HEAVY(emissions 7.1 of 7.1 unverified),High (3.0),score 3.0; WETH 9.0*; MSETH unrated 3.0; worst leg: MSETH
USD Farms,Lista USDC Savings Vault,Ethereum,Lista Lending,6.62264,7.22212,CAUTION,,,REWARD-HEAVY(emissions 5.4 of 6.6 unverified),Med-Low (7.9),"score 7.9; USDC 8.5 (credora 9.5, pharos 8.8, tid 7.5); capped 7.9: not VERIFIED"
USD Farms,Pareto AA Tranche - RockawayXUSDC,Ethereum,Pareto Credit,6.61607,6.61607,CAUTION,,,SELF-REPORTED(flat 30d history),Med-High (5.9),"score 5.9; USDC 8.5 (credora 9.5, pharos 8.8, tid 7.5); -2 self-reported; capped 5.9: allocation not visible"
USD Farms,BBQUSDC,Katana,Morpho Blue,6.56437,6.45425,CAUTION,,,REWARD-HEAVY(emissions 4.6 of 6.6 unverified),Med-Low (7.0),score 7.0; BBQUSDC 7.0 (pharos 7.0)
ETH Farms,HGETH,Ethereum,Upshift,6.15,6.15,CAUTION,,,SELF-REPORTED(flat 30d history),High (1.4),score 1.4; HGETH 3.4 (yearn 3.4); -2 self-reported
USD Farms,SDAI,Ethereum,Sky Lending,5.59714,5.59714,CAUTION,,,SELF-REPORTED(flat 30d history),High (3.2),score 3.2; SDAI 5.2 (pharos 5.2); -2 self-reported
USD Farms,Lista USDT Savings Vault,Ethereum,Lista Lending,5.52933,5.49723,CAUTION,,,REWARD-HEAVY(emissions 4.2 of 5.5 unverified),Med-Low (7.1),"score 7.1; USDT 7.1 (credora 8.4, pharos 7.2, tid 6.0)"
USD Farms,svZCHF collateral,Ethereum,Curve LlamaLend,5.50937,5.86834,CAUTION,,,REWARD-HEAVY(emissions 4.6 of 5.5 unverified),Med-High (4.9),"score 4.9; CRVUSD 5.9 (pharos 7.0, tid 5.0); -1 tvl<1M"
USD Farms,GROVE Farming Pool,Ethereum,Sky Lending,5.43202,5.51707,CAUTION,,,REWARD-HEAVY(emissions 5.4 of 5.4 unverified),Med-Low (7.2),"score 7.2; USDS 7.2 (credora 8.4, pharos 4.4, tid 7.0, yearn 9.6)"
ETH Farms,Lista WETH Savings Vault,Ethereum,Lista Lending,5.30295,5.56276,CAUTION,,,REWARD-HEAVY(emissions 4.9 of 5.3 unverified),Med-Low (7.9),score 7.9; WETH 9.0*; capped 7.9: not VERIFIED
ETH Farms,Volatile AMM - WETH/bsdETH,Base,Aerodrome V1,5.25951,5.35517,CAUTION,,,REWARD-HEAVY(emissions 5.3 of 5.3 unverified),Med-Low (7.4),score 7.4; WETH 9.0*; BSDETH 7.4 (credora 7.4); worst leg: BSDETH
USD Farms,Curve Vault for crvUSD,Ethereum,Convex Finance,5.14062,5.36573,CAUTION,,,REWARD-HEAVY(emissions 3.9 of 5.1 unverified),Med-High (5.9),"score 5.9; CRVUSD 5.9 (pharos 7.0, tid 5.0)"
USD Farms,vbUSDC yVault,Katana,Yearn Finance,5.12454,5.03404,CAUTION,1.285,ydaemon,REWARD-HEAVY(emissions 3.7 of 5.1 unverified),Med-High (5.8),"score 5.8; strategy book leg 5.8 (Morpho Yearn OG ~USDC 6.5†@51%, Single Sided Steer LP vbUS unrated@18%, Morpho Yearn Deg~USDC 6.5†@15%, Morpho V2 Steakhouse H[steakhouse hig] 6.2†@11%, Morpho Steakhous~USDC 6.5†@6%, Single Sided Ste~AUSD 7.3†@0%)"
USD Farms,fxSAVE collateral,Ethereum,Curve LlamaLend,5.0487,5.00405,CAUTION,,,REWARD-HEAVY(emissions 3.8 of 5.0 unverified),Med-High (4.9),"score 4.9; CRVUSD 5.9 (pharos 7.0, tid 5.0); -1 tvl<1M"
USD Farms,Aave Horizon RWA RLUSD,Ethereum,Aave V3,4.98575,4.92795,CAUTION,,,REWARD-HEAVY(emissions 3.3 of 5.0 unverified),Med-Low (7.8),"score 7.8; RLUSD 7.8 (credora 9.5, pharos 7.2, tid 7.0)"
USD Farms,SUSDE,Ethereum,Morpho Blue,4.97821,4.97821,CAUTION,,,SELF-REPORTED(flat 30d history),Med-High (4.2),"score 4.2; SUSDE 6.2 (pharos 5.8, tid 6.5); -2 self-reported"
USD Farms,Plus,Ethereum,Aave V4,4.97821,4.97821,CAUTION,4.971,yieldz (base+intrinsic),SELF-REPORTED(flat 30d history),Med-High (4.2),"score 4.2; SUSDE 6.2 (pharos 5.8, tid 6.5); pool collateral leg 8.5 (tBTC 9.0@44%, rETH 8.4@34%, weETH 7.0@13%, cbETH 8.3*@5%, AAVE 8.0*@1%, BTC.b 6.6@0%, LBTC 7.5*@0%, wstETH 8.0@0%, syrupUSDT 6.1@0%); -2 self-reported"
USD Farms,crvUSD borrow,Ethereum,Curve LlamaLend,4.97821,4.97821,CAUTION,,,SELF-REPORTED(flat 30d history),Med-High (4.2),"score 4.2; SUSDE 6.2 (pharos 5.8, tid 6.5); -2 self-reported"
USD Farms,SUSDE,Ethereum,Morpho Blue,4.97821,4.97821,CAUTION,,,SELF-REPORTED(flat 30d history),Med-High (4.2),"score 4.2; SUSDE 6.2 (pharos 5.8, tid 6.5); -2 self-reported"
USD Farms,SUSDE,Ethereum,Morpho Blue,4.97821,4.97821,CAUTION,,,SELF-REPORTED(flat 30d history),Med-High (4.2),"score 4.2; SUSDE 6.2 (pharos 5.8, tid 6.5); -2 self-reported"
USD Farms,SUSDE,Ethereum,Morpho Blue,4.97821,4.97821,CAUTION,,,SELF-REPORTED(flat 30d history),High (3.2),"score 3.2; SUSDE 6.2 (pharos 5.8, tid 6.5); -2 self-reported; -1 tvl<1M"
USD Farms,SUSDE,Ethereum,Morpho Blue,4.97821,4.97821,CAUTION,,,SELF-REPORTED(flat 30d history),High (3.2),"score 3.2; SUSDE 6.2 (pharos 5.8, tid 6.5); -2 self-reported; -1 tvl<1M"
USD Farms,SUSDE,Ethereum,Fluid Lending,4.97821,4.97821,CAUTION,,,SELF-REPORTED(flat 30d history),High (3.2),"score 3.2; SUSDE 6.2 (pharos 5.8, tid 6.5); -2 self-reported; -1 tvl<1M"
USD Farms,SUSDE,Ethereum,Fluid Lending,4.97821,4.97821,CAUTION,,,SELF-REPORTED(flat 30d history),High (3.2),"score 3.2; SUSDE 6.2 (pharos 5.8, tid 6.5); -2 self-reported; -1 tvl<1M"
USD Farms,SPK Farming Pool,Ethereum,SparkLend,4.90925,4.98415,CAUTION,,,REWARD-HEAVY(emissions 4.9 of 4.9 unverified),Med-Low (7.2),"score 7.2; USDS 7.2 (credora 8.4, pharos 4.4, tid 7.0, yearn 9.6)"
ETH Farms,Umbrella,Ethereum,Aave V3,4.83892,4.90498,CAUTION,1.349,yieldz (base),REWARD-HEAVY(emissions 3.5 of 4.8 unverified),Med-Low (7.9),"score 7.9; WETH 9.0*; pool collateral leg 8.4 (tBTC 9.0@42%, rETH 8.4@33%, weETH 7.0@12%, cbETH 8.3*@5%, LINK 8.0*@3%, XAUt 7.3@2%, AAVE 8.0*@1%, BTC.b 6.6@0%, LBTC 7.5*@0%); pool collateral leg governs; capped 7.9: not VERIFIED"
USD Farms,USDE,Robinhood Chain,Morpho Blue,4.75,4.78571,CAUTION,,,REWARD-HEAVY(emissions 4.8 of 4.8 unverified),Med-Low (6.7),"score 6.7; USDE 6.7 (credora 7.4, pharos 6.3, tid 6.5)"
USD Farms,Curve Vault for crvUSD,Ethereum,Convex Finance,4.64576,5.09413,CAUTION,,,REWARD-HEAVY(emissions 4.0 of 4.6 unverified),Med-High (5.9),"score 5.9; CRVUSD 5.9 (pharos 7.0, tid 5.0)"
USD Farms,GTUSDCRWA,Ethereum,Morpho Blue,4.60867,4.86429,CAUTION,4.659,yieldz (base),NEW(12d history),Med-Low (7.8),"score 7.8; allocation leg 7.8 (cbBTC 9.5@65%, AA_FalconXUSDC 5.0@18%, reUSD 4.6@17%)"
USD Farms,SGHO,Ethereum,Aave V3,4.5,4.5,CAUTION,,,SELF-REPORTED(flat 30d history),High (3.6),"score 3.6; SGHO 5.6 (pharos 3.7, tid 5.5, yearn 8.0); -2 self-reported"
USD Farms,Aave Gnosis sDAI,Gnosis,Aave V3,4.34714,4.34714,CAUTION,,,SELF-REPORTED(flat 30d history),High (3.2),score 3.2; SDAI 5.2 (pharos 5.2); -2 self-reported
USD Farms,JEUR-EURC,Base,Aerodrome V1,4.29894,4.41812,CAUTION,,,REWARD-HEAVY(emissions 4.3 of 4.3 unverified),High (2.0),score 2.0; EURC 8.3 (pharos 8.3); JEUR unrated 3.0; worst leg: JEUR; -1 tvl<1M
USD Farms,USDD,Tron,JustLend V1,3.99965,3.98453,CAUTION,,,REWARD-HEAVY(emissions 4.0 of 4.0 unverified),Med-High (4.5),"score 4.5; USDD 4.5 (credora 5.8, pharos 4.3, tid 3.5)"
USD Farms,fxSAVE collateral,Ethereum,Curve LlamaLend,3.8459,4.02559,CAUTION,,,REWARD-HEAVY(emissions 2.6 of 3.8 unverified),Med-High (5.9),"score 5.9; CRVUSD 5.9 (pharos 7.0, tid 5.0)"
USD Farms,SUSDS,Ethereum,Sky Lending,3.6,3.6,CAUTION,,,SELF-REPORTED(flat 30d history),High (3.6),"score 3.6; SUSDS 5.6 (pharos 3.9, tid 7.0); -2 self-reported"
USD Farms,Savings USDS,Arbitrum,Spark Savings,3.6,3.6,CAUTION,,,SELF-REPORTED(flat 30d history),Med-High (5.2),"score 5.2; USDS 7.2 (credora 8.4, pharos 4.4, tid 7.0, yearn 9.6); -2 self-reported"
USD Farms,SUSDS,Arbitrum,Sky Lending,3.6,3.6,CAUTION,,,SELF-REPORTED(flat 30d history),High (3.6),"score 3.6; SUSDS 5.6 (pharos 3.9, tid 7.0); -2 self-reported"
USD Farms,Spark Savings USDC,Ethereum,Spark Savings,3.6,3.6,CAUTION,,,SELF-REPORTED(flat 30d history),Med-Low (6.5),"score 6.5; USDC 8.5 (credora 9.5, pharos 8.8, tid 7.5); -2 self-reported"
USD Farms,SUSDS,Ethereum,Morpho Blue,3.6,3.6,CAUTION,,,SELF-REPORTED(flat 30d history),High (3.6),"score 3.6; SUSDS 5.6 (pharos 3.9, tid 7.0); -2 self-reported"
USD Farms,SUSDS,Ethereum,Morpho Blue,3.6,3.6,CAUTION,,,SELF-REPORTED(flat 30d history),High (3.6),"score 3.6; SUSDS 5.6 (pharos 3.9, tid 7.0); -2 self-reported"
USD Farms,Savings USDS,Base,Spark Savings,3.6,3.6,CAUTION,,,SELF-REPORTED(flat 30d history),Med-High (5.2),"score 5.2; USDS 7.2 (credora 8.4, pharos 4.4, tid 7.0, yearn 9.6); -2 self-reported"
USD Farms,SUSDS,OP Mainnet,Sky Lending,3.6,3.6,CAUTION,,,SELF-REPORTED(flat 30d history),High (3.6),"score 3.6; SUSDS 5.6 (pharos 3.9, tid 7.0); -2 self-reported"
USD Farms,Spark Savings USDC,Avalanche,Spark Savings,3.6,3.6,CAUTION,,,SELF-REPORTED(flat 30d history),Med-Low (6.5),"score 6.5; USDC 8.5 (credora 9.5, pharos 8.8, tid 7.5); -2 self-reported"
USD Farms,Spark sUSDS,Ethereum,SparkLend,3.6,3.6,CAUTION,,,SELF-REPORTED(flat 30d history),High (3.6),"score 3.6; SUSDS 5.6 (pharos 3.9, tid 7.0); -2 self-reported"
USD Farms,SUSDS,Arbitrum,Morpho Blue,3.6,3.6,CAUTION,,,SELF-REPORTED(flat 30d history),High (2.6),"score 2.6; SUSDS 5.6 (pharos 3.9, tid 7.0); -2 self-reported; -1 tvl<1M"
USD Farms,Spark Savings USDG,Robinhood Chain,Spark Savings,3.5,3.5,CAUTION,,,SELF-REPORTED(flat 30d history),Med-High (5.7),"score 5.7; USDG 7.7 (credora 9.0, pharos 7.2, tid 6.5, yearn 8.5); -2 self-reported"
USD Farms,SENPATHUSD,Tempo,Morpho Blue,3.49678,3.49418,CAUTION,,,REWARD-HEAVY(emissions 3.5 of 3.5 unverified),Med-High (4.8),score 4.8; SENPATHUSD 4.8 (pharos 4.8)
USD Farms,GTPATHUSDP,Tempo,Morpho Blue,3.43246,3.44073,CAUTION,,,REWARD-HEAVY(emissions 3.2 of 3.4 unverified),High,unrated: internal signals only
ETH Farms,CL1 - 0.0085%,Base,Aerodrome Slipstream,3.35898,3.28086,CAUTION,,,REWARD-HEAVY(emissions 3.0 of 3.4 unverified),Med-Low (7.0),score 7.0; WEETH 7.0 (tid 7.0); WETH 9.0*; worst leg: WEETH
USD Farms,sreUSD collateral,Ethereum,Curve LlamaLend,3.00799,3.02085,CAUTION,,,REWARD-HEAVY(emissions 2.4 of 3.0 unverified),Med-High (5.9),"score 5.9; CRVUSD 5.9 (pharos 7.0, tid 5.0)"
USD Farms,STEAKEURCV,Ethereum,Morpho Blue,3,3,CAUTION,3,yieldz (base),SELF-REPORTED(flat 30d history),High (0.5),"score 0.5; STEAKEURCV 1.9 (pharos 1.9); allocation leg 8.7 (cbBTC 9.5@37%, wstETH 8.0@23%, WBTC 9.5@12%, cbBTC 9.5@8%, EUTBL 6.5@7%, wstETH 8.0@5%, WBTC 9.5@4%, steakUSDC 6.4@2%, eurSAFO 5.4@1%); credora vault A (psl 0.35%); worst leg: STEAKEURCV; -2 self-reported"
ETH Farms,frxUSD borrow,Ethereum,Fraxlend,2.5138,2.5138,CAUTION,,,SELF-REPORTED(flat 30d history),Med-Low (6.0),score 6.0; SFRXETH 8.0*; -2 self-reported
ETH Farms,FRAX borrow,Ethereum,Fraxlend,2.5138,2.5138,CAUTION,,,SELF-REPORTED(flat 30d history),Med-High (5.0),score 5.0; SFRXETH 8.0*; -2 self-reported; -1 tvl<1M
ETH Farms,CBETH,Base,Morpho Blue,2.38166,2.38166,CAUTION,4.114,on-chain (7d realized),SELF-REPORTED(flat 30d history),Med-Low (6.3),score 6.3; CBETH 8.3*; credora vault A (psl 0.18%); worst leg: CBETH; -2 self-reported
ETH Farms,CBETH,Base,Morpho Blue,2.38166,2.38166,CAUTION,,,SELF-REPORTED(flat 30d history),Med-Low (6.3),score 6.3; CBETH 8.3*; -2 self-reported
ETH Farms,CBETH,Base,Morpho Blue,2.38166,2.38166,CAUTION,,,SELF-REPORTED(flat 30d history),Med-Low (6.3),score 6.3; CBETH 8.3*; -2 self-reported
ETH Farms,CBETH,Base,Morpho Blue,2.38166,2.38166,CAUTION,,,SELF-REPORTED(flat 30d history),Med-Low (6.3),score 6.3; CBETH 8.3*; -2 self-reported
ETH Farms,USDC-pool,Base,Compound V3,2.38166,2.38166,CAUTION,,,SELF-REPORTED(flat 30d history),Med-Low (6.3),score 6.3; CBETH 8.3*; -2 self-reported
ETH Farms,CBETH,Base,Morpho Blue,2.38166,2.38166,CAUTION,,,SELF-REPORTED(flat 30d history),Med-High (5.3),score 5.3; CBETH 8.3*; -2 self-reported; -1 tvl<1M
ETH Farms,WETH-pool,Base,Compound V3,2.38166,2.38166,CAUTION,,,SELF-REPORTED(flat 30d history),Med-High (5.3),score 5.3; CBETH 8.3*; -2 self-reported; -1 tvl<1M
ETH Farms,CBETH,Base,Morpho Blue,2.38166,2.38166,CAUTION,,,SELF-REPORTED(flat 30d history),Med-High (5.3),score 5.3; CBETH 8.3*; -2 self-reported; -1 tvl<1M
ETH Farms,Core,Ethereum,Aave V4,2.37,2.37,CAUTION,0,yieldz (base),SELF-REPORTED(flat 30d history),High (0.5),"score 0.5; RSETH 1.5 (credora 1.5); pool collateral leg 8.5 (tBTC 9.0@44%, rETH 8.4@34%, weETH 7.0@13%, cbETH 8.3*@5%, AAVE 8.0*@1%, BTC.b 6.6@0%, LBTC 7.5*@0%, wstETH 8.0@0%, syrupUSDT 6.1@0%); -2 self-reported"
ETH Farms,Aave Linea wstETH,Linea,Aave V3,2.34292,2.34292,CAUTION,,,SELF-REPORTED(flat 30d history),Med-High (5.0),score 5.0; WSTETH 8.0 (tid 8.0); -2 self-reported; -1 tvl<1M
ETH Farms,Aave Arbitrum wstETH,Arbitrum,Aave V3,2.34202,2.34202,CAUTION,2.364,yieldz (base+intrinsic),SELF-REPORTED(flat 30d history),Med-Low (6.0),"score 6.0; WSTETH 8.0 (tid 8.0); pool collateral leg 8.7 (WETH 9.0*@31%, WBTC 9.5@29%, USDC 8.5@21%, weETH 7.0@13%, USD₮0 7.1@5%); -2 self-reported"
ETH Farms,Spark wstETH,Ethereum,SparkLend,2.342,2.342,CAUTION,,,SELF-REPORTED(flat 30d history),Med-Low (6.0),score 6.0; WSTETH 8.0 (tid 8.0); -2 self-reported
ETH Farms,WSTETH,Ethereum,Morpho Blue,2.342,2.342,CAUTION,861.845,on-chain (7d realized),SELF-REPORTED(flat 30d history),Med-Low (6.0),score 6.0; WSTETH 8.0 (tid 8.0); -2 self-reported
ETH Farms,USDC-pool,Ethereum,Compound V3,2.342,2.342,CAUTION,,,SELF-REPORTED(flat 30d history),Med-Low (6.0),score 6.0; WSTETH 8.0 (tid 8.0); -2 self-reported
ETH Farms,ETH-pool,Ethereum,Compound V3,2.342,2.342,CAUTION,,,SELF-REPORTED(flat 30d history),Med-Low (6.0),score 6.0; WSTETH 8.0 (tid 8.0); -2 self-reported
ETH Farms,WSTETH,Ethereum,Morpho Blue,2.342,2.342,CAUTION,,,SELF-REPORTED(flat 30d history),Med-Low (6.0),score 6.0; WSTETH 8.0 (tid 8.0); -2 self-reported
ETH Farms,WSTETH,Ethereum,Morpho Blue,2.342,2.342,CAUTION,,,SELF-REPORTED(flat 30d history),Med-Low (6.0),score 6.0; WSTETH 8.0 (tid 8.0); -2 self-reported
ETH Farms,WSTETH-A,Ethereum,Sky Lending,2.342,2.342,CAUTION,,,SELF-REPORTED(flat 30d history),Med-Low (6.0),score 6.0; WSTETH 8.0 (tid 8.0); -2 self-reported
ETH Farms,WSTETH,Ethereum,Liquity V2,2.342,2.342,CAUTION,,,SELF-REPORTED(flat 30d history),Med-Low (6.0),score 6.0; WSTETH 8.0 (tid 8.0); -2 self-reported
ETH Farms,USDT-pool,Ethereum,Compound V3,2.342,2.342,CAUTION,,,SELF-REPORTED(flat 30d history),Med-Low (6.0),score 6.0; WSTETH 8.0 (tid 8.0); -2 self-reported
ETH Farms,Aave Gnosis wstETH,Gnosis,Aave V3,2.342,2.342,CAUTION,,,SELF-REPORTED(flat 30d history),Med-Low (6.0),score 6.0; WSTETH 8.0 (tid 8.0); -2 self-reported
ETH Farms,WSTETH-B,Ethereum,Sky Lending,2.342,2.342,CAUTION,,,SELF-REPORTED(flat 30d history),Med-Low (6.0),score 6.0; WSTETH 8.0 (tid 8.0); -2 self-reported
ETH Farms,Core,Ethereum,Aave V4,2.342,2.342,CAUTION,2.365,yieldz (base+intrinsic),SELF-REPORTED(flat 30d history),Med-Low (6.0),"score 6.0; WSTETH 8.0 (tid 8.0); pool collateral leg 8.4 (tBTC 9.0@42%, rETH 8.4@33%, weETH 7.0@12%, cbETH 8.3*@5%, LINK 8.0*@3%, XAUt 7.3@2%, AAVE 8.0*@1%, BTC.b 6.6@0%, LBTC 7.5*@0%); -2 self-reported"
ETH Farms,WSTETH,Monad,Morpho Blue,2.342,2.342,CAUTION,,,SELF-REPORTED(flat 30d history),Med-Low (6.0),score 6.0; WSTETH 8.0 (tid 8.0); -2 self-reported
ETH Farms,WSTETH,Ethereum,Morpho Blue,2.342,2.342,CAUTION,,,SELF-REPORTED(flat 30d history),Med-Low (6.0),score 6.0; WSTETH 8.0 (tid 8.0); -2 self-reported
ETH Farms,Prime,Ethereum,Aave V4,2.342,2.342,CAUTION,2.365,yieldz (base+intrinsic),SELF-REPORTED(flat 30d history),Med-Low (6.0),"score 6.0; WSTETH 8.0 (tid 8.0); pool collateral leg 8.4 (tBTC 9.0@42%, rETH 8.4@33%, weETH 7.0@12%, cbETH 8.3*@5%, LINK 8.0*@3%, XAUt 7.3@2%, AAVE 8.0*@1%, BTC.b 6.6@0%, LBTC 7.5*@0%); -2 self-reported"
ETH Farms,WSTETH,Ethereum,Morpho Blue,2.342,2.342,CAUTION,,,SELF-REPORTED(flat 30d history),Med-Low (6.0),score 6.0; WSTETH 8.0 (tid 8.0); -2 self-reported
ETH Farms,WSTETH,Ethereum,Morpho Blue,2.342,2.342,CAUTION,,,SELF-REPORTED(flat 30d history),Med-Low (6.0),score 6.0; WSTETH 8.0 (tid 8.0); -2 self-reported
ETH Farms,WSTETH,Arbitrum,Fluid Lending,2.342,2.342,CAUTION,,,SELF-REPORTED(flat 30d history),Med-Low (6.0),score 6.0; WSTETH 8.0 (tid 8.0); -2 self-reported
ETH Farms,USDC-pool,Arbitrum,Compound V3,2.342,2.342,CAUTION,,,SELF-REPORTED(flat 30d history),Med-Low (6.0),score 6.0; WSTETH 8.0 (tid 8.0); -2 self-reported
ETH Farms,USDT-pool,Arbitrum,Compound V3,2.342,2.342,CAUTION,,,SELF-REPORTED(flat 30d history),Med-Low (6.0),score 6.0; WSTETH 8.0 (tid 8.0); -2 self-reported
ETH Farms,WSTETH,Base,Morpho Blue,2.342,2.342,CAUTION,,,SELF-REPORTED(flat 30d history),Med-Low (6.0),score 6.0; WSTETH 8.0 (tid 8.0); -2 self-reported
ETH Farms,wstETH,Ethereum,Dolomite,2.342,2.342,CAUTION,,,SELF-REPORTED(flat 30d history),Med-Low (6.0),score 6.0; WSTETH 8.0 (tid 8.0); -2 self-reported
ETH Farms,WSTETH,Base,Morpho Blue,2.342,2.342,CAUTION,,,SELF-REPORTED(flat 30d history),Med-Low (6.0),score 6.0; WSTETH 8.0 (tid 8.0); -2 self-reported
ETH Farms,WSTETH,Ethereum,Morpho Blue,2.342,2.342,CAUTION,,,SELF-REPORTED(flat 30d history),Med-Low (6.0),score 6.0; WSTETH 8.0 (tid 8.0); -2 self-reported
ETH Farms,WSTETH,Ethereum,Morpho Blue,2.342,2.342,CAUTION,,,SELF-REPORTED(flat 30d history),Med-Low (6.0),score 6.0; WSTETH 8.0 (tid 8.0); -2 self-reported
ETH Farms,WSTETH,Ethereum,Morpho Blue,2.342,2.342,CAUTION,,,SELF-REPORTED(flat 30d history),Med-Low (6.0),score 6.0; WSTETH 8.0 (tid 8.0); -2 self-reported
ETH Farms,WSTETH,Base,Morpho Blue,2.342,2.342,CAUTION,,,SELF-REPORTED(flat 30d history),Med-Low (6.0),score 6.0; WSTETH 8.0 (tid 8.0); -2 self-reported
ETH Farms,WSTETH,OP Mainnet,Morpho Blue,2.342,2.342,CAUTION,3.331,on-chain (7d realized),SELF-REPORTED(flat 30d history),Med-Low (6.0),score 6.0; WSTETH 8.0 (tid 8.0); -2 self-reported
ETH Farms,WSTETH,Ethereum,Morpho Blue,2.342,2.342,CAUTION,,,SELF-REPORTED(flat 30d history),Med-Low (6.0),score 6.0; WSTETH 8.0 (tid 8.0); -2 self-reported
ETH Farms,WSTETH,Arbitrum,Morpho Blue,2.342,2.342,CAUTION,351.558,on-chain (7d realized),SELF-REPORTED(flat 30d history),Med-Low (6.0),score 6.0; WSTETH 8.0 (tid 8.0); -2 self-reported
ETH Farms,WSTETH,Ethereum,Morpho Blue,2.342,2.342,CAUTION,,,SELF-REPORTED(flat 30d history),Med-Low (6.0),score 6.0; WSTETH 8.0 (tid 8.0); -2 self-reported
ETH Farms,WSTETH,Ethereum,Morpho Blue,2.342,2.342,CAUTION,,,SELF-REPORTED(flat 30d history),Med-Low (6.0),score 6.0; WSTETH 8.0 (tid 8.0); -2 self-reported
ETH Farms,USDT-pool,OP Mainnet,Compound V3,2.342,2.342,CAUTION,,,SELF-REPORTED(flat 30d history),Med-Low (6.0),score 6.0; WSTETH 8.0 (tid 8.0); -2 self-reported
ETH Farms,WSTETH,Arbitrum,Fluid Lending,2.342,2.342,CAUTION,,,SELF-REPORTED(flat 30d history),Med-Low (6.0),score 6.0; WSTETH 8.0 (tid 8.0); -2 self-reported
ETH Farms,WSTETH,Arbitrum,Fluid Lending,2.342,2.342,CAUTION,,,SELF-REPORTED(flat 30d history),Med-Low (6.0),score 6.0; WSTETH 8.0 (tid 8.0); -2 self-reported
ETH Farms,WSTETH,Arbitrum,Fluid Lending,2.342,2.342,CAUTION,,,SELF-REPORTED(flat 30d history),Med-Low (6.0),score 6.0; WSTETH 8.0 (tid 8.0); -2 self-reported
ETH Farms,USDC-pool,Base,Compound V3,2.342,2.342,CAUTION,,,SELF-REPORTED(flat 30d history),Med-High (5.0),score 5.0; WSTETH 8.0 (tid 8.0); -2 self-reported; -1 tvl<1M
ETH Farms,crvUSD borrow,Ethereum,Curve LlamaLend,2.342,2.342,CAUTION,,,SELF-REPORTED(flat 30d history),Med-High (5.0),score 5.0; WSTETH 8.0 (tid 8.0); -2 self-reported; -1 tvl<1M
ETH Farms,WETH-pool,Base,Compound V3,2.342,2.342,CAUTION,,,SELF-REPORTED(flat 30d history),Med-High (5.0),score 5.0; WSTETH 8.0 (tid 8.0); -2 self-reported; -1 tvl<1M
ETH Farms,WSTETH,Unichain,Morpho Blue,2.342,2.342,CAUTION,,,SELF-REPORTED(flat 30d history),Med-High (5.0),score 5.0; WSTETH 8.0 (tid 8.0); -2 self-reported; -1 tvl<1M
ETH Farms,WSTETH,Ethereum,Morpho Blue,2.342,2.342,CAUTION,,,SELF-REPORTED(flat 30d history),Med-High (5.0),score 5.0; WSTETH 8.0 (tid 8.0); -2 self-reported; -1 tvl<1M
ETH Farms,WSTETH,Polygon,Fluid Lending,2.342,2.342,CAUTION,,,SELF-REPORTED(flat 30d history),Med-High (5.0),score 5.0; WSTETH 8.0 (tid 8.0); -2 self-reported; -1 tvl<1M
ETH Farms,WSTETH,Polygon,Fluid Lending,2.342,2.342,CAUTION,,,SELF-REPORTED(flat 30d history),Med-High (5.0),score 5.0; WSTETH 8.0 (tid 8.0); -2 self-reported; -1 tvl<1M
ETH Farms,WSTETH,Base,Morpho Blue,2.342,2.342,CAUTION,,,SELF-REPORTED(flat 30d history),Med-High (5.0),score 5.0; WSTETH 8.0 (tid 8.0); -2 self-reported; -1 tvl<1M
ETH Farms,USDC-pool,OP Mainnet,Compound V3,2.342,2.342,CAUTION,,,SELF-REPORTED(flat 30d history),Med-High (5.0),score 5.0; WSTETH 8.0 (tid 8.0); -2 self-reported; -1 tvl<1M
ETH Farms,WSTETH,MegaETH,Aave V3,2.342,2.342,CAUTION,,,SELF-REPORTED(flat 30d history),Med-High (5.0),score 5.0; WSTETH 8.0 (tid 8.0); -2 self-reported; -1 tvl<1M
ETH Farms,WSTETH,Ethereum,Morpho Blue,2.342,2.342,CAUTION,,,SELF-REPORTED(flat 30d history),Med-High (5.0),score 5.0; WSTETH 8.0 (tid 8.0); -2 self-reported; -1 tvl<1M
ETH Farms,WSTETH,Arbitrum,Fluid Lending,2.342,2.342,CAUTION,,,SELF-REPORTED(flat 30d history),Med-High (5.0),score 5.0; WSTETH 8.0 (tid 8.0); -2 self-reported; -1 tvl<1M
ETH Farms,mETH,Ethereum,Dolomite,2.26815,2.26815,CAUTION,,,SELF-REPORTED(flat 30d history),Med-High (5.8),score 5.8; METH 7.8*; -2 self-reported
ETH Farms,Aave Base weETH,Base,Aave V3,2.2674,2.2674,CAUTION,2.047,yieldz (base+intrinsic),SELF-REPORTED(flat 30d history),Med-High (5.0),"score 5.0; WEETH 7.0 (tid 7.0); pool collateral leg 8.9 (WETH 9.0*@29%, cbBTC 9.5@28%, USDC 8.5@21%, cbETH 8.3*@17%, wstETH 8.0@3%); -2 self-reported"
ETH Farms,Aave Arbitrum weETH,Arbitrum,Aave V3,2.26734,2.26734,CAUTION,2.047,yieldz (base+intrinsic),SELF-REPORTED(flat 30d history),Med-High (5.0),"score 5.0; WEETH 7.0 (tid 7.0); pool collateral leg 8.9 (WETH 9.0*@33%, WBTC 9.5@31%, USDC 8.5@22%, wstETH 8.0@8%, USD₮0 7.1@6%); -2 self-reported"
ETH Farms,Aave Ethereum weETH,Ethereum,Aave V3,2.26733,2.26733,CAUTION,2.047,yieldz (base+intrinsic),SELF-REPORTED(flat 30d history),Med-High (5.0),"score 5.0; WEETH 7.0 (tid 7.0); pool collateral leg 8.6 (tBTC 9.0@48%, rETH 8.4@37%, cbETH 8.3*@6%, LINK 8.0*@3%, XAUt 7.3@2%, AAVE 8.0*@1%, BTC.b 6.6@0%, LBTC 7.5*@0%, wstETH 8.0@0%); -2 self-reported"
ETH Farms,WEETH,Ethereum,Morpho Blue,2.26731,2.26731,CAUTION,,,SELF-REPORTED(flat 30d history),Med-High (5.0),score 5.0; WEETH 7.0 (tid 7.0); -2 self-reported
ETH Farms,Core,Ethereum,Aave V4,2.26731,2.26731,CAUTION,2.047,yieldz (base+intrinsic),SELF-REPORTED(flat 30d history),Med-High (5.0),"score 5.0; WEETH 7.0 (tid 7.0); pool collateral leg 8.6 (tBTC 9.0@48%, rETH 8.4@37%, cbETH 8.3*@6%, LINK 8.0*@3%, XAUt 7.3@2%, AAVE 8.0*@1%, BTC.b 6.6@0%, LBTC 7.5*@0%, wstETH 8.0@0%); -2 self-reported"
ETH Farms,Spark weETH,Ethereum,SparkLend,2.26731,2.26731,CAUTION,,,SELF-REPORTED(flat 30d history),Med-High (5.0),score 5.0; WEETH 7.0 (tid 7.0); -2 self-reported
ETH Farms,WEETH,Ethereum,Morpho Blue,2.26731,2.26731,CAUTION,,,SELF-REPORTED(flat 30d history),Med-High (5.0),score 5.0; WEETH 7.0 (tid 7.0); -2 self-reported
ETH Farms,WEETH,Ethereum,Morpho Blue,2.26731,2.26731,CAUTION,,,SELF-REPORTED(flat 30d history),Med-High (5.0),score 5.0; WEETH 7.0 (tid 7.0); -2 self-reported
ETH Farms,weETH,Ethereum,Dolomite,2.26731,2.26731,CAUTION,,,SELF-REPORTED(flat 30d history),Med-High (5.0),score 5.0; WEETH 7.0 (tid 7.0); -2 self-reported
ETH Farms,ETH-pool,Ethereum,Compound V3,2.26731,2.26731,CAUTION,,,SELF-REPORTED(flat 30d history),Med-High (5.0),score 5.0; WEETH 7.0 (tid 7.0); -2 self-reported
ETH Farms,WEETH,Ethereum,Morpho Blue,2.26731,2.26731,CAUTION,,,SELF-REPORTED(flat 30d history),Med-High (5.0),score 5.0; WEETH 7.0 (tid 7.0); -2 self-reported
ETH Farms,WEETH,Ethereum,Morpho Blue,2.26731,2.26731,CAUTION,,,SELF-REPORTED(flat 30d history),Med-High (5.0),score 5.0; WEETH 7.0 (tid 7.0); -2 self-reported
ETH Farms,Aave Monad weETH,Monad,Aave V3,2.26731,2.26731,CAUTION,2.047,yieldz (base+intrinsic),SELF-REPORTED(flat 30d history),Med-High (5.0),"score 5.0; WEETH 7.0 (tid 7.0); pool collateral leg 8.1 (USDC 8.5@68%, USDT0 7.1@20%, GHO 6.0@8%, WETH 9.0*@3%, cbBTC 9.5@0%); -2 self-reported"
ETH Farms,WEETH,Ethereum,Fluid Lending,2.26731,2.26731,CAUTION,,,SELF-REPORTED(flat 30d history),Med-High (5.0),score 5.0; WEETH 7.0 (tid 7.0); -2 self-reported
ETH Farms,WEETH,Ethereum,Morpho Blue,2.26731,2.26731,CAUTION,,,SELF-REPORTED(flat 30d history),Med-High (5.0),score 5.0; WEETH 7.0 (tid 7.0); -2 self-reported
ETH Farms,Aave Linea weETH,Linea,Aave V3,2.26731,2.26731,CAUTION,,,SELF-REPORTED(flat 30d history),Med-High (5.0),score 5.0; WEETH 7.0 (tid 7.0); -2 self-reported
ETH Farms,WEETH,Ethereum,Morpho Blue,2.26731,2.26731,CAUTION,,,SELF-REPORTED(flat 30d history),Med-High (5.0),score 5.0; WEETH 7.0 (tid 7.0); -2 self-reported
ETH Farms,WEETH,Ethereum,Fluid Lending,2.26731,2.26731,CAUTION,,,SELF-REPORTED(flat 30d history),Med-High (5.0),score 5.0; WEETH 7.0 (tid 7.0); -2 self-reported
ETH Farms,WEETH,Ethereum,Fluid Lending,2.26731,2.26731,CAUTION,,,SELF-REPORTED(flat 30d history),Med-High (5.0),score 5.0; WEETH 7.0 (tid 7.0); -2 self-reported
ETH Farms,WEETH,Base,Morpho Blue,2.26731,2.26731,CAUTION,,,SELF-REPORTED(flat 30d history),Med-High (5.0),score 5.0; WEETH 7.0 (tid 7.0); -2 self-reported
ETH Farms,WETH-pool,Arbitrum,Compound V3,2.26731,2.26731,CAUTION,,,SELF-REPORTED(flat 30d history),Med-High (5.0),score 5.0; WEETH 7.0 (tid 7.0); -2 self-reported
ETH Farms,WETH-pool,Base,Compound V3,2.26731,2.26731,CAUTION,,,SELF-REPORTED(flat 30d history),Med-High (5.0),score 5.0; WEETH 7.0 (tid 7.0); -2 self-reported
ETH Farms,EVK Vault eweETH-6,Ethereum,Euler V2,2.26731,2.26731,CAUTION,,,SELF-REPORTED(flat 30d history),Med-High (5.0),score 5.0; WEETH 7.0 (tid 7.0); -2 self-reported
ETH Farms,WEETH,Ethereum,Fluid Lending,2.26731,2.26731,CAUTION,,,SELF-REPORTED(flat 30d history),Med-High (5.0),score 5.0; WEETH 7.0 (tid 7.0); -2 self-reported
ETH Farms,WEETH,Ethereum,Morpho Blue,2.26731,2.26731,CAUTION,,,SELF-REPORTED(flat 30d history),Med-High (4.0),score 4.0; WEETH 7.0 (tid 7.0); -2 self-reported; -1 tvl<1M
ETH Farms,WETH-pool,OP Mainnet,Compound V3,2.26731,2.26731,CAUTION,,,SELF-REPORTED(flat 30d history),Med-High (4.0),score 4.0; WEETH 7.0 (tid 7.0); -2 self-reported; -1 tvl<1M
ETH Farms,WEETH,Base,Morpho Blue,2.26731,2.26731,CAUTION,,,SELF-REPORTED(flat 30d history),Med-High (4.0),score 4.0; WEETH 7.0 (tid 7.0); -2 self-reported; -1 tvl<1M
ETH Farms,WEETH,Base,Fluid Lending,2.26731,2.26731,CAUTION,,,SELF-REPORTED(flat 30d history),Med-High (4.0),score 4.0; WEETH 7.0 (tid 7.0); -2 self-reported; -1 tvl<1M
ETH Farms,WEETH,Ethereum,Fluid Lending,2.26731,2.26731,CAUTION,,,SELF-REPORTED(flat 30d history),Med-High (4.0),score 4.0; WEETH 7.0 (tid 7.0); -2 self-reported; -1 tvl<1M
ETH Farms,USDC-pool,Ethereum,Compound V3,2.26731,2.26731,CAUTION,,,SELF-REPORTED(flat 30d history),Med-High (4.0),score 4.0; WEETH 7.0 (tid 7.0); -2 self-reported; -1 tvl<1M
ETH Farms,WEETH,Plasma,Fluid Lending,2.26731,2.26731,CAUTION,,,SELF-REPORTED(flat 30d history),Med-High (4.0),score 4.0; WEETH 7.0 (tid 7.0); -2 self-reported; -1 tvl<1M
ETH Farms,WEETH,Arbitrum,Fluid Lending,2.26731,2.26731,CAUTION,,,SELF-REPORTED(flat 30d history),Med-High (4.0),score 4.0; WEETH 7.0 (tid 7.0); -2 self-reported; -1 tvl<1M
ETH Farms,WEETH,Arbitrum,Fluid Lending,2.26731,2.26731,CAUTION,,,SELF-REPORTED(flat 30d history),Med-High (4.0),score 4.0; WEETH 7.0 (tid 7.0); -2 self-reported; -1 tvl<1M
ETH Farms,WEETH,Plasma,Fluid Lending,2.26731,2.26731,CAUTION,,,SELF-REPORTED(flat 30d history),Med-High (4.0),score 4.0; WEETH 7.0 (tid 7.0); -2 self-reported; -1 tvl<1M
ETH Farms,WEETH,Arbitrum,Fluid Lending,2.26731,2.26731,CAUTION,,,SELF-REPORTED(flat 30d history),Med-High (4.0),score 4.0; WEETH 7.0 (tid 7.0); -2 self-reported; -1 tvl<1M
ETH Farms,Aave Ethereum rETH,Ethereum,Aave V3,2.17988,2.17988,CAUTION,0,yieldz (base),SELF-REPORTED(flat 30d history),Med-Low (6.4),"score 6.4; RETH 8.4 (credora 8.4); pool collateral leg 8.5 (tBTC 9.0@63%, weETH 7.0@18%, cbETH 8.3*@7%, LINK 8.0*@4%, XAUt 7.3@3%, AAVE 8.0*@2%, BTC.b 6.6@1%, LBTC 7.5*@0%, wstETH 8.0@0%); -2 self-reported"
ETH Farms,RETH,Ethereum,Liquity V2,2.17986,2.17986,CAUTION,,,SELF-REPORTED(flat 30d history),Med-Low (6.4),score 6.4; RETH 8.4 (credora 8.4); -2 self-reported
ETH Farms,RETH,Ethereum,Morpho Blue,2.17986,2.17986,CAUTION,,,SELF-REPORTED(flat 30d history),Med-Low (6.4),score 6.4; RETH 8.4 (credora 8.4); -2 self-reported
ETH Farms,RETH,Ethereum,Morpho Blue,2.17986,2.17986,CAUTION,,,SELF-REPORTED(flat 30d history),Med-Low (6.4),score 6.4; RETH 8.4 (credora 8.4); -2 self-reported
ETH Farms,RETH,Base,Morpho Blue,2.17986,2.17986,CAUTION,,,SELF-REPORTED(flat 30d history),Med-High (5.4),score 5.4; RETH 8.4 (credora 8.4); -2 self-reported; -1 tvl<1M
ETH Farms,WETH-pool,OP Mainnet,Compound V3,2.17986,2.17986,CAUTION,,,SELF-REPORTED(flat 30d history),Med-High (5.4),score 5.4; RETH 8.4 (credora 8.4); -2 self-reported; -1 tvl<1M
ETH Farms,Aave Linea ezETH,Linea,Aave V3,2.03748,2.03748,CAUTION,,,SELF-REPORTED(flat 30d history),Med-High (5.4),score 5.4; EZETH 7.4 (credora 7.4); -2 self-reported
ETH Farms,WETH-pool,OP Mainnet,Compound V3,2.03748,2.03748,CAUTION,,,SELF-REPORTED(flat 30d history),Med-High (4.4),score 4.4; EZETH 7.4 (credora 7.4); -2 self-reported; -1 tvl<1M
ETH Farms,WETH-pool,Arbitrum,Compound V3,2.03748,2.03748,CAUTION,,,SELF-REPORTED(flat 30d history),Med-High (4.4),score 4.4; EZETH 7.4 (credora 7.4); -2 self-reported; -1 tvl<1M
ETH Farms,WETH-pool,Base,Compound V3,2.03748,2.03748,CAUTION,,,SELF-REPORTED(flat 30d history),Med-High (4.4),score 4.4; EZETH 7.4 (credora 7.4); -2 self-reported; -1 tvl<1M
USD Farms,IREETPMUSD,Ethereum,Yearn Finance,55.16675,58.38671,UNVERIFIED,,,,High,unrated: internal signals only
USD Farms,Apyx apyUSD · Junior,Ethereum,Royco V2,37.3598,43.70788,UNVERIFIED,,,,High,unrated: internal signals only
USD Farms,CL50 - 0.0073%,Base,Aerodrome Slipstream,33.3273,28.46609,UNVERIFIED,,,,Med-Low (7.9),"score 7.9; EURC 8.3 (pharos 8.3); USDC 8.5 (credora 9.5, pharos 8.8, tid 7.5); worst leg: EURC; capped 7.9: not VERIFIED"
USD Farms,CL1 - 0.0009%,Base,Aerodrome Slipstream,32.04782,28.76184,UNVERIFIED,,,,Med-Low (7.1),"score 7.1; USDC 8.5 (credora 9.5, pharos 8.8, tid 7.5); USDT 7.1 (credora 8.4, pharos 7.2, tid 6.0); worst leg: USDT"
USD Farms,CL50 - 0.05%,Base,Aerodrome Slipstream,21.54182,27.05152,UNVERIFIED,,,,High (2.4),"score 2.4; MSUSD 2.4 (pharos 3.5, tid 1.5); USDC 8.5 (credora 9.5, pharos 8.8, tid 7.5); worst leg: MSUSD"
USD Farms,RUSH-USDC,Solana,Orca DEX,20.23735,92.28828,UNVERIFIED,,,,High (2.0),"score 2.0; USDC 8.5 (credora 9.5, pharos 8.8, tid 7.5); RUSH unrated 3.0; worst leg: RUSH; -1 tvl<1M"
USD Farms,CL50 - 0.05%,Base,Aerodrome Slipstream,20.00822,25.6686,UNVERIFIED,,,,High (2.0),"score 2.0; USDC 8.5 (credora 9.5, pharos 8.8, tid 7.5); JEUR unrated 3.0; worst leg: JEUR; -1 tvl<1M"
ETH Farms,CRVCVXETH,Ethereum,Yearn Finance,19.81352,20.86854,UNVERIFIED,,,,High,unrated: internal signals only
USD Farms,Aave Monad GHO,Monad,Aave V3,18.5381,9.66682,UNVERIFIED,,,,Med-High (5.0),"score 5.0; GHO 6.0 (credora 8.4, pharos 4.2, tid 5.5); -1 tvl<1M"
ETH Farms,CL50 - 0.05%,Base,Aerodrome Slipstream,18.1097,21.62896,UNVERIFIED,,,,High (3.0),score 3.0; WETH 9.0*; MSETH unrated 3.0; worst leg: MSETH
USD Farms,DUSD,Ethereum,Makina,17.68743,10.71383,UNVERIFIED,,,,Med-High (4.9),"score 4.9; DUSD 4.9 (pharos 4.9, tid 5.0)"
USD Farms,REUSD+FXUSD,Ethereum,fx Protocol,16.98,16.96143,UNVERIFIED,,,,High,unrated: internal signals only
USD Farms,0.03%,Ethereum,Uniswap V4,16.35848,14.04879,UNVERIFIED,,,,Med-Low (7.9),"score 7.9; EURC 8.3 (pharos 8.3); USDC 8.5 (credora 9.5, pharos 8.8, tid 7.5); worst leg: EURC; capped 7.9: not VERIFIED"
USD Farms,FRXUSDDUSD,Ethereum,Yearn Finance,16.20209,16.62971,UNVERIFIED,,,,High,unrated: internal signals only
USD Farms,SYNUSDX,Ethereum,Lagoon,15.90705,15.90705,UNVERIFIED,,,,High,unrated: internal signals only
USD Farms,Basis Vault,Sui,Ember Protocol,15.57953,17.68029,UNVERIFIED,,,,Med-High (5.9),"score 5.9; USDC 8.5 (credora 9.5, pharos 8.8, tid 7.5); -1 tvl<1M; capped 5.9: allocation not visible"
USD Farms,CL1 - 0.01%,Base,Aerodrome Slipstream,15.42281,7.66603,UNVERIFIED,,,,High (3.9),"score 3.9; USDC 8.5 (credora 9.5, pharos 8.8, tid 7.5); EUSD 4.9 (pharos 4.9); worst leg: EUSD; -1 tvl<1M"
USD Farms,USDS,Ethereum,Yearn Finance,14.60603,13.80966,UNVERIFIED,,,,Med-High (5.9),"score 5.9; USDS 7.2 (credora 8.4, pharos 4.4, tid 7.0, yearn 9.6); capped 5.9: allocation not visible"
USD Farms,Apyx apyUSD · Senior,Ethereum,Royco V2,14.09394,16.50235,UNVERIFIED,,,,High,unrated: internal signals only
USD Farms,Umbrella,Ethereum,Aave V3,13.97978,6.78945,UNVERIFIED,,,,Med-Low (7.9),"score 7.9; USDC 8.5 (credora 9.5, pharos 8.8, tid 7.5); capped 7.9: not VERIFIED"
USD Farms,SUSD3,Ethereum,3Jane Lending,13.95956,13.35028,UNVERIFIED,,,,High,unrated: internal signals only
USD Farms,USDC-EURC,Solana,Orca DEX,13.09817,11.14003,UNVERIFIED,,,,Med-Low (7.3),"score 7.3; USDC 8.5 (credora 9.5, pharos 8.8, tid 7.5); EURC 8.3 (pharos 8.3); worst leg: EURC; -1 tvl<1M"
USD Farms,Ember TulipaPRWA,Ethereum,Ember Protocol,12.93,12.93,UNVERIFIED,,,,Med-High (5.9),"score 5.9; USDC 8.5 (credora 9.5, pharos 8.8, tid 7.5); capped 7.9: not VERIFIED; capped 5.9: allocation not visible"
USD Farms,SYZUSD-CSUSDC,Monad,Balancer V3,12.87433,13.10539,UNVERIFIED,,,,High (2.0),"score 2.0; SYZUSD 3.8 (pharos 4.8, tid 3.0); CSUSDC unrated 3.0; worst leg: CSUSDC; -1 tvl<1M"
USD Farms,USDG-USDe,Solana,Orca DEX,12.79082,11.95283,UNVERIFIED,,,,Med-Low (6.7),"score 6.7; USDG 7.7 (credora 9.0, pharos 7.2, tid 6.5, yearn 8.5); USDE 6.7 (credora 7.4, pharos 6.3, tid 6.5); worst leg: USDE"
ETH Farms,Based ETH,Base,Reserve Protocol,12.42339,11.85952,UNVERIFIED,,,,Med-Low (7.4),score 7.4; BSDETH 7.4 (credora 7.4)
USD Farms,EURE-AAVEUSDC,Arbitrum,Balancer V3,12.30933,13.03624,UNVERIFIED,,,,High (2.0),score 2.0; EURE 5.4 (pharos 5.4); AAVEUSDC unrated 3.0; worst leg: AAVEUSDC; -1 tvl<1M
USD Farms,USDC,Ethereum,Aave V3,12.29978,5.10231,UNVERIFIED,,,,Med-Low (7.9),"score 7.9; USDC 8.5 (credora 9.5, pharos 8.8, tid 7.5); capped 7.9: not VERIFIED"
USD Farms,StabilityPool wstETH,Ethereum,fx Protocol,12.05,12.21857,UNVERIFIED,,,,High,unrated: internal signals only
USD Farms,REUSDSDOLA,Ethereum,Yearn Finance,11.97494,12.76992,UNVERIFIED,,,,High,unrated: internal signals only
USD Farms,9SICUSDC,Ethereum,Lagoon,11.89909,12.91282,UNVERIFIED,,,,High,unrated: internal signals only
USD Farms,Re Protocol reUSDe,Ethereum,Re,11.81406,11.80431,UNVERIFIED,,,,High (3.0),score 3.0; REUSDE 3.0 (tid 3.0)
USD Farms,Aerodrome,Base,Beefy,11.7198,12.10904,UNVERIFIED,,,,High (3.9),"score 3.9; USDC 8.5 (credora 9.5, pharos 8.8, tid 7.5); EUSD 4.9 (pharos 4.9); worst leg: EUSD; -1 tvl<1M"
USD Farms,Core,Ethereum,Aave V4,11.33923,6.0902,UNVERIFIED,,,,Med-Low (7.1),"score 7.1; USDT 7.1 (credora 8.4, pharos 7.2, tid 6.0)"
USD Farms,JRNOPAL,Ethereum,Strata Markets,11.27989,11.18314,UNVERIFIED,,,,High (1.8),score 1.8; NOPAL 4.3 (pharos 4.3); -1 tvl<1M; -1.5 junior tranche (first loss)
USD Farms,IdleCDO AA Tranche - BastionUSDC,Ethereum,Pareto Credit,10.58537,10.58537,UNVERIFIED,,,,Med-High (5.9),"score 5.9; USDC 8.5 (credora 9.5, pharos 8.8, tid 7.5); capped 7.9: not VERIFIED; capped 5.9: allocation not visible"
USD Farms,Bitwise Premium+ RWA,Sui,Ember Protocol,10.21111,10.89365,UNVERIFIED,,,,Med-High (5.9),"score 5.9; USDC 8.5 (credora 9.5, pharos 8.8, tid 7.5); capped 7.9: not VERIFIED; capped 5.9: allocation not visible"
USD Farms,Ember Earn Vault,Sui,Ember Protocol,10.16314,10.04986,UNVERIFIED,,,,Med-High (5.9),"score 5.9; USDC 8.5 (credora 9.5, pharos 8.8, tid 7.5); capped 7.9: not VERIFIED; capped 5.9: allocation not visible"
USD Farms,0.01%,Ethereum,Uniswap V4,9.94633,2.86913,UNVERIFIED,,,,Med-Low (6.7),"score 6.7; USDC 8.5 (credora 9.5, pharos 8.8, tid 7.5); USDG 7.7 (credora 9.0, pharos 7.2, tid 6.5, yearn 8.5); worst leg: USDG; -1 tvl<1M"
USD Farms,USDG-USDE,Solana,Kamino Liquidity,9.79971,10.09791,UNVERIFIED,,,,Med-High (5.7),"score 5.7; USDG 7.7 (credora 9.0, pharos 7.2, tid 6.5, yearn 8.5); USDE 6.7 (credora 7.4, pharos 6.3, tid 6.5); worst leg: USDE; -1 tvl<1M"
USD Farms,pyusd-USDe,Solana,Orca DEX,9.76555,9.5335,UNVERIFIED,,,,Med-Low (6.7),"score 6.7; PYUSD 7.8 (credora 9.5, pharos 7.2, tid 7.0); USDE 6.7 (credora 7.4, pharos 6.3, tid 6.5); worst leg: USDE"
USD Farms,HIGHYIELDTERMAUSD,Ethereum,Steakhouse Financial,9.69014,9.52653,UNVERIFIED,,,,High,unrated: internal signals only
USD Farms,Neverland Interest Bearing AUSD,Monad,Neverland,9.65289,9.4801,UNVERIFIED,,,,Med-Low (6.3),"score 6.3; AUSD 7.3 (credora 9.0, pharos 7.3, tid 6.0); -1 tvl<1M"
USD Farms,EVK Vault eAUSD-16,Monad,Euler V2,9.62606,11.07666,UNVERIFIED,,,,Med-Low (7.3),"score 7.3; AUSD 7.3 (credora 9.0, pharos 7.3, tid 6.0)"
USD Farms,FEUSDT02,Hyperliquid L1,Morpho Blue,9.49162,8.72535,UNVERIFIED,,,,High,unrated: internal signals only
USD Farms,ZIG USD1,Ethereum,Concrete,9.30821,9.31331,UNVERIFIED,,,,High,unrated: internal signals only
USD Farms,YVUSD,Ethereum,Yearn Finance,8.91115,9.21799,UNVERIFIED,,,,Med-Low (7.9),score 7.9; YVUSD 8.1 (yearn 8.1); capped 7.9: not VERIFIED
USD Farms,Fraxlend Interest Bearing FRAX (Staked Frax Ether) - 16,Ethereum,Fraxlend,8.60437,8.60437,UNVERIFIED,,,,High (2.9),"score 2.9; FRAX 3.9 (pharos 5.6, tid 2.5); -1 tvl<1M"
ETH Farms,BALANCERRETH-AAVEWETH,Arbitrum,Balancer V3,8.49977,7.16047,UNVERIFIED,,,,High,unrated: internal signals only
USD Farms,mHYPER,Ethereum,Midas RWA,8.38,8.72571,UNVERIFIED,,,,Med-Low (6.0),"score 6.0; MHYPER 6.0 (credora 5.8, yearn 6.4)"
USD Farms,Staked USN · Junior,Base,Royco V2,8.34027,8.922,UNVERIFIED,,,,High,unrated: internal signals only
USD Farms,FRXUSD-SUSDE,Ethereum,Convex Finance,8.29791,8.35599,UNVERIFIED,,,,Med-High (5.2),"score 5.2; FRXUSD 6.2 (pharos 7.0, tid 5.5); SUSDE 6.2 (pharos 5.8, tid 6.5); worst leg: FRXUSD; -1 tvl<1M"
USD Farms,Pareto AA Tranche - FalconXUSDC,Ethereum,Pareto Credit,8.06349,8.06349,UNVERIFIED,,,,Med-High (5.9),"score 5.9; USDC 8.5 (credora 9.5, pharos 8.8, tid 7.5); capped 7.9: not VERIFIED; capped 5.9: allocation not visible"
USD Farms,FXUSDSTABILITYPOOLV2.0,Ethereum,fx Protocol,8.06,7.34143,UNVERIFIED,,,,High,unrated: internal signals only
USD Farms,SYZUSD,Monad,Yuzu Money,7.93482,7.87154,UNVERIFIED,,,,High (3.8),"score 3.8; SYZUSD 3.8 (pharos 4.8, tid 3.0)"
USD Farms,SYZUSD,Sei,Yuzu Money,7.93482,7.87154,UNVERIFIED,,,,High (3.8),"score 3.8; SYZUSD 3.8 (pharos 4.8, tid 3.0)"
USD Farms,SYZUSD,Ethereum,Yuzu Money,7.93482,7.87154,UNVERIFIED,,,,High (2.8),"score 2.8; SYZUSD 3.8 (pharos 4.8, tid 3.0); -1 tvl<1M"
USD Farms,USD1,Ethereum,Dolomite,7.85588,7.71206,UNVERIFIED,,,,Med-Low (7.5),"score 7.5; USD1 7.5 (credora 9.0, pharos 6.0)"
USD Farms,Staked USN · Senior,Base,Royco V2,7.79503,7.91949,UNVERIFIED,,,,High,unrated: internal signals only
USD Farms,SuperVault,Ethereum,Superform,7.68017,7.8899,UNVERIFIED,,,,High,unrated: internal signals only
USD Farms,Clearstar Earn USDC,Monad,Euler V2,7.62657,7.76153,UNVERIFIED,,,,Med-Low (7.9),"score 7.9; USDC 8.5 (credora 9.5, pharos 8.8, tid 7.5); capped 7.9: not VERIFIED"
USD Farms,wnAUSD / wnUSDC / wnUSDT0,Monad,Balancer V3,7.57974,7.27285,UNVERIFIED,,,,High,unrated: internal signals only
USD Farms,CRV collateral,Arbitrum,Curve LlamaLend,7.5268,10.43599,UNVERIFIED,,,,Med-High (4.9),"score 4.9; CRVUSD 5.9 (pharos 7.0, tid 5.0); -1 tvl<1M"
USD Farms,Staked Avant USD · Junior,Avalanche,Royco V2,7.51442,7.75189,UNVERIFIED,,,,High,unrated: internal signals only
USD Farms,USDC,Ethereum,Dolomite,7.50992,7.37941,UNVERIFIED,,,,Med-Low (7.9),"score 7.9; USDC 8.5 (credora 9.5, pharos 8.8, tid 7.5); capped 7.9: not VERIFIED"
USD Farms,Gains Network USDC,Base,Gains Network,7.46637,6.90132,UNVERIFIED,,,,Med-Low (7.5),"score 7.5; USDC 8.5 (credora 9.5, pharos 8.8, tid 7.5); -1 tvl<1M"
USD Farms,Curve Vault for crvUSD,Ethereum,Convex Finance,7.46183,4.88572,UNVERIFIED,,,,Med-High (5.9),"score 5.9; CRVUSD 5.9 (pharos 7.0, tid 5.0)"
USD Farms,0.01%,Ethereum,Uniswap V4,7.29594,3.07372,UNVERIFIED,,,,High (3.5),"score 3.5; DOLA 4.5 (pharos 4.5, tid 4.5); USDC 8.5 (credora 9.5, pharos 8.8, tid 7.5); worst leg: DOLA; -1 tvl<1M"
USD Farms,CRVUSD,Ethereum,Yearn Finance,7.25063,7.81324,UNVERIFIED,,,,Med-High (4.9),"score 4.9; CRVUSD 5.9 (pharos 7.0, tid 5.0); -1 tvl<1M"
USD Farms,EVK Vault eUSDC-17,Monad,Euler V2,7.20631,6.84027,UNVERIFIED,,,,Med-Low (7.5),"score 7.5; USDC 8.5 (credora 9.5, pharos 8.8, tid 7.5); -1 tvl<1M"
USD Farms,Morpho,Monad,Beefy,7.14408,6.93024,UNVERIFIED,,,,Med-Low (7.5),"score 7.5; USDC 8.5 (credora 9.5, pharos 8.8, tid 7.5); -1 tvl<1M"
USD Farms,Re Protocol Deposit Token,Ethereum,Re,7.00313,6.92073,UNVERIFIED,,,,Med-High (4.6),"score 4.6; REUSD 4.6 (pharos 4.3, tid 5.0, yearn 4.2)"
USD Farms,StableEarn,Stable,Morpho Blue,6.97762,6.92757,UNVERIFIED,,,,High,unrated: internal signals only
USD Farms,Morpho Yearn OG USDC Compounder,Ethereum,Yearn Finance,6.96465,6.86519,UNVERIFIED,,,,Med-High (5.9),"score 5.9; USDC 8.5 (credora 9.5, pharos 8.8, tid 7.5); capped 7.9: not VERIFIED; capped 5.9: allocation not visible"
USD Farms,Morini Stock Market TR Basis Trade · Junior,Ethereum,Royco V2,6.95197,5.86344,UNVERIFIED,,,,High,unrated: internal signals only
USD Farms,Morini Stock Market TR Basis Trade · Senior,Ethereum,Royco V2,6.93565,5.84688,UNVERIFIED,,,,High,unrated: internal signals only
USD Farms,id 142,Avalanche,Silo V2,6.90558,6.85927,UNVERIFIED,,,,Med-Low (7.5),"score 7.5; USDC 8.5 (credora 9.5, pharos 8.8, tid 7.5); -1 tvl<1M"
USD Farms,USDC-2 yVault,Ethereum,Yearn Finance,6.90317,7.6387,UNVERIFIED,,,,Med-High (5.9),"score 5.9; USDC 8.5 (credora 9.5, pharos 8.8, tid 7.5); -1 tvl<1M; capped 5.9: allocation not visible"
USD Farms,0.00%,Ethereum,Uniswap V4,6.88292,6.52283,UNVERIFIED,,,,Med-Low (6.7),"score 6.7; USDE 6.7 (credora 7.4, pharos 6.3, tid 6.5); USDC 8.5 (credora 9.5, pharos 8.8, tid 7.5); worst leg: USDE"
USD Farms,0.00%,Base,Uniswap V4,6.87418,10.68061,UNVERIFIED,,,,Med-Low (6.1),"score 6.1; USDC 8.5 (credora 9.5, pharos 8.8, tid 7.5); USDT 7.1 (credora 8.4, pharos 7.2, tid 6.0); worst leg: USDT; -1 tvl<1M"
USD Farms,Fluid Lite USD Vault,Ethereum,Fluid Lite,6.82,6.86714,UNVERIFIED,,,,Med-Low (7.9),"score 7.9; USDC 8.5 (credora 9.5, pharos 8.8, tid 7.5); capped 7.9: not VERIFIED"
USD Farms,USDC+fxUSD,Ethereum,fx Protocol,6.77,6.94429,UNVERIFIED,,,,High,unrated: internal signals only
USD Farms,Staked Avant USD · Senior,Avalanche,Royco V2,6.7653,6.96552,UNVERIFIED,,,,High,unrated: internal signals only
USD Farms,STEAKUSDG,Robinhood Chain,Morpho Blue,6.758010000000001,7.00551,UNVERIFIED,,,,High (1.8),score 1.8; STEAKUSDG 1.8 (pharos 1.8)
USD Farms,Fluid USD Coin,Base,Fluid Lending,6.66,8.39571,UNVERIFIED,,,,Med-Low (7.9),"score 7.9; USDC 8.5 (credora 9.5, pharos 8.8, tid 7.5); capped 7.9: not VERIFIED"
USD Farms,EVK Vault eUSDC-132,Ethereum,Euler V2,6.65237,6.96662,UNVERIFIED,,,,Med-Low (7.5),"score 7.5; USDC 8.5 (credora 9.5, pharos 8.8, tid 7.5); -1 tvl<1M"
USD Farms,USD3,Ethereum,3Jane Lending,6.62635,6.47161,UNVERIFIED,,,,Med-High (5.4),"score 5.4; USD3 5.4 (credora 6.6, pharos 7.7, tid 3.5, yearn 4.2)"
USD Farms,Gauntlet USDT Vault,BSC,Lista Lending,6.59867,4.03917,UNVERIFIED,,,,Med-Low (7.1),"score 7.1; USDT 7.1 (credora 8.4, pharos 7.2, tid 6.0)"
USD Farms,DOLA-SUSDS,Ethereum,Yearn Finance,6.53681,6.68952,UNVERIFIED,,,,Med-High (4.5),"score 4.5; DOLA 4.5 (pharos 4.5, tid 4.5); SUSDS 5.6 (pharos 3.9, tid 7.0); worst leg: DOLA"
USD Farms,SuperVault,Base,Superform,6.49676,6.73839,UNVERIFIED,,,,High,unrated: internal signals only
USD Farms,mM1USD,Ethereum,Midas RWA,6.48,6.48,UNVERIFIED,,,,High,unrated: internal signals only
USD Farms,sfrxUSD collateral,Ethereum,Curve LlamaLend,6.4746,3.88064,UNVERIFIED,,,,Med-High (5.9),"score 5.9; CRVUSD 5.9 (pharos 7.0, tid 5.0)"
USD Farms,EVK Vault eUSDC-12,Monad,Euler V2,6.37657,6.51154,UNVERIFIED,,,,Med-Low (7.5),"score 7.5; USDC 8.5 (credora 9.5, pharos 8.8, tid 7.5); -1 tvl<1M"
USD Farms,AGUSDC,Avalanche,Lagoon,6.35495,5.70908,UNVERIFIED,,,,High,unrated: internal signals only
ETH Farms,ezETH-ETH,Ethereum,Fluid DEX,6.35047,1.71285,UNVERIFIED,,,,Med-Low (6.4),score 6.4; EZETH 7.4 (credora 7.4); ETH 8.4 (credora 8.4); worst leg: EZETH; -1 tvl<1M
ETH Farms,DQAEETH,Ethereum,Makina,6.34705,5.33761,UNVERIFIED,,,,High,unrated: internal signals only
USD Farms,Curve Lend – syrupUSDC collateral,Ethereum,Convex Finance,6.30551,5.9392,UNVERIFIED,,,,Med-High (5.9),"score 5.9; CRVUSD 5.9 (pharos 7.0, tid 5.0)"
USD Farms,0.05%,Ethereum,Uniswap V3,6.26464,7.27532,UNVERIFIED,,,,High (3.0),"score 3.0; USDC 8.5 (credora 9.5, pharos 8.8, tid 7.5); EUROC unrated 3.0; worst leg: EUROC"
USD Farms,id 20,Sonic,Silo V2,6.25029,5.09559,UNVERIFIED,,,,Med-Low (7.5),"score 7.5; USDC 8.5 (credora 9.5, pharos 8.8, tid 7.5); -1 tvl<1M"
USD Farms,Aave Ethereum USDS,Ethereum,Aave V3,6.23903,3.97999,UNVERIFIED,,,,Med-Low (7.2),"score 7.2; USDS 7.2 (credora 8.4, pharos 4.4, tid 7.0, yearn 9.6)"
USD Farms,mGLO,Base,Midas RWA,6.2,6.2,UNVERIFIED,,,,High,unrated: internal signals only
USD Farms,mGLO,Robinhood Chain,Midas RWA,6.2,6.2,UNVERIFIED,,,,High,unrated: internal signals only
USD Farms,Curve Vault for crvUSD,Ethereum,Convex Finance,6.19156,5.7589,UNVERIFIED,,,,Med-High (5.9),"score 5.9; CRVUSD 5.9 (pharos 7.0, tid 5.0)"
USD Farms,mGLOBAL,Ethereum,Midas RWA,6.1,6.1,UNVERIFIED,,,,Med-High (4.8),"score 4.8; MGLOBAL 4.8 (pharos 5.1, yearn 4.3)"
USD Farms,EVK Vault eUSDC-15,Monad,Euler V2,6.07146,6.06475,UNVERIFIED,,,,Med-Low (7.5),"score 7.5; USDC 8.5 (credora 9.5, pharos 8.8, tid 7.5); -1 tvl<1M"
USD Farms,MURMURRUSDCONE,Ethereum,Lagoon,6.0492,5.98922,UNVERIFIED,,,,High,unrated: internal signals only
USD Farms,Curve Lend – sDOLA collateral,Ethereum,Convex Finance,6.04578,6.03416,UNVERIFIED,,,,Med-High (5.9),"score 5.9; CRVUSD 5.9 (pharos 7.0, tid 5.0)"
USD Farms,0.01%,Ethereum,Uniswap V4,5.95247,4.85664,UNVERIFIED,,,,Med-High (5.2),"score 5.2; SUSDE 6.2 (pharos 5.8, tid 6.5); USDT 7.1 (credora 8.4, pharos 7.2, tid 6.0); worst leg: SUSDE; -1 tvl<1M"
USD Farms,Curve Lend – sfrxUSD collateral,Ethereum,Convex Finance,5.924580000000001,5.84216,UNVERIFIED,,,,Med-High (5.9),"score 5.9; CRVUSD 5.9 (pharos 7.0, tid 5.0)"
USD Farms,USDC,Arbitrum,Dolomite,5.79661,5.3295,UNVERIFIED,,,,Med-Low (7.5),"score 7.5; USDC 8.5 (credora 9.5, pharos 8.8, tid 7.5); -1 tvl<1M"
USD Farms,USDSHFMK,Ethereum,Makina,5.79455,5.96988,UNVERIFIED,,,,High,unrated: internal signals only
USD Farms,Morpho,Ethereum,Beefy,5.76353,6.45931,UNVERIFIED,,,,Med-Low (7.5),"score 7.5; USDC 8.5 (credora 9.5, pharos 8.8, tid 7.5); -1 tvl<1M"
USD Farms,Curve Vault for crvUSD,Ethereum,Convex Finance,5.74544,5.78053,UNVERIFIED,,,,Med-High (5.9),"score 5.9; CRVUSD 5.9 (pharos 7.0, tid 5.0)"
USD Farms,Curve DOLA-sUSDe Factory yVault,Ethereum,Yearn Finance,5.72614,5.83797,UNVERIFIED,,,,Med-High (4.5),"score 4.5; DOLA 4.5 (pharos 4.5, tid 4.5); SUSDE 6.2 (pharos 5.8, tid 6.5); worst leg: DOLA"
USD Farms,YNUSDX,Ethereum,YieldNest,5.55898,7.63802,UNVERIFIED,,,,High,unrated: internal signals only
USD Farms,AAVEUSDC-AAVEGHO,Base,Balancer V3,5.54837,5.82679,UNVERIFIED,,,,High,unrated: internal signals only
USD Farms,Syrup USDT,Ethereum,Maple,5.54832,5.51761,UNVERIFIED,,,,Med-Low (7.1),"score 7.1; USDT 7.1 (credora 8.4, pharos 7.2, tid 6.0)"
USD Farms,USD Vault,Sui,Ember Protocol,5.54741,10.03685,UNVERIFIED,,,,Med-High (5.9),"score 5.9; USDC 8.5 (credora 9.5, pharos 8.8, tid 7.5); -1 tvl<1M; capped 5.9: allocation not visible"
USD Farms,USDM,MegaETH,Aave V3,5.54187,5.44619,UNVERIFIED,,,,High (3.9),"score 3.9; USDM 4.9 (pharos 4.7, tid 5.0); -1 tvl<1M"
USD Farms,USDC,Avalanche,Aave V3,5.47518,5.55681,UNVERIFIED,,,,Med-Low (7.9),"score 7.9; USDC 8.5 (credora 9.5, pharos 8.8, tid 7.5); capped 7.9: not VERIFIED"
USD Farms,EVK Vault eUSDT0-13,Monad,Euler V2,5.45189,5.36452,UNVERIFIED,,,,Med-Low (6.1),"score 6.1; USDT 7.1 (credora 8.4, pharos 7.2, tid 6.0); -1 tvl<1M"
USD Farms,BOLD deposited in the RETH Stability Pool earns continuous BOLD yield and periodic RETH rewards from Trove liquidations,Ethereum,Liquity V2,5.39269,5.66421,UNVERIFIED,,,,Med-Low (7.4),"score 7.4; BOLD 7.4 (pharos 8.4, tid 6.5)"
USD Farms,Ember Basis,Sui,Ember Protocol,5.38432,6.06952,UNVERIFIED,,,,Med-High (5.9),"score 5.9; USDC 8.5 (credora 9.5, pharos 8.8, tid 7.5); -1 tvl<1M; capped 5.9: allocation not visible"
USD Farms,LIQUIDUSD,Ethereum,ether.fi Liquid,5.37677,5.45363,UNVERIFIED,,,,High,unrated: internal signals only
USD Farms,USDp-csbUSDC,Hyperliquid L1,Balancer V3,5.36843,5.84255,UNVERIFIED,,,,High (2.0),"score 2.0; USDP 5.6 (pharos 6.3, tid 5.0); CSBUSDC unrated 3.0; worst leg: CSBUSDC; -1 tvl<1M"
USD Farms,Maple Finance syrupUSDC · Senior,Ethereum,Royco V2,5.35842,5.1364,UNVERIFIED,,,,High,unrated: internal signals only
USD Farms,Aave,Monad,Beefy,5.3162,7.18198,UNVERIFIED,,,,Med-Low (6.3),"score 6.3; AUSD 7.3 (credora 9.0, pharos 7.3, tid 6.0); -1 tvl<1M"
USD Farms,wstETH collateral,Ethereum,Curve LlamaLend,5.30281,5.20998,UNVERIFIED,,,,Med-High (5.9),"score 5.9; CRVUSD 5.9 (pharos 7.0, tid 5.0)"
USD Farms,WBTC collateral,Ethereum,Curve LlamaLend,5.28463,5.1191,UNVERIFIED,,,,Med-High (5.9),"score 5.9; CRVUSD 5.9 (pharos 7.0, tid 5.0)"
USD Farms,Moo AaveV3 Monad USDC,Monad,Beefy,5.27496,7.51764,UNVERIFIED,,,,Med-Low (7.9),"score 7.9; USDC 8.5 (credora 9.5, pharos 8.8, tid 7.5); capped 7.9: not VERIFIED"
USD Farms,Concentrated - 0.01%,Solana,Raydium AMM,5.27,4.04286,UNVERIFIED,,,,Med-High (5.0),"score 5.0; TUSD 6.0 (pharos 6.0); USDT 7.1 (credora 8.4, pharos 7.2, tid 6.0); worst leg: TUSD; -1 tvl<1M"
USD Farms,Fluid Tether USD,Ethereum,Fluid Lending,5.26,4.88714,UNVERIFIED,,,,Med-Low (7.1),"score 7.1; USDT 7.1 (credora 8.4, pharos 7.2, tid 6.0)"
ETH Farms,Instadapp ETH v2,Ethereum,Fluid Lite,5.17664,4.98326,UNVERIFIED,,,,Med-Low (7.9),score 7.9; ETH 8.4 (credora 8.4); capped 7.9: not VERIFIED
USD Farms,Syrup USDC,Ethereum,Maple,5.17636,5.1489,UNVERIFIED,,,,Med-Low (7.9),"score 7.9; USDC 8.5 (credora 9.5, pharos 8.8, tid 7.5); capped 7.9: not VERIFIED"
USD Farms,sfrxUSD collateral,Ethereum,Curve LlamaLend,5.156029999999999,5.04037,UNVERIFIED,,,,Med-High (5.9),"score 5.9; CRVUSD 5.9 (pharos 7.0, tid 5.0)"
ETH Farms,Moonwell Wrapped Lido Staked Ether,Base,Moonwell Lending,5.151680000000001,5.13605,UNVERIFIED,,,,Med-Low (7.0),score 7.0; WSTETH 8.0 (tid 8.0); -1 tvl<1M
ETH Farms,ETHPlus,Ethereum,Reserve Protocol,5.11353,4.93228,UNVERIFIED,,,,Med-Low (7.9),score 7.9; ETHPLUS 9.0 (yearn 9.0); capped 7.9: not VERIFIED
USD Farms,syrupUSDC collateral,Ethereum,Curve LlamaLend,5.102869999999999,4.6279,UNVERIFIED,,,,Med-High (5.9),"score 5.9; CRVUSD 5.9 (pharos 7.0, tid 5.0)"
USD Farms,SUSDE-USDT,Ethereum,Fluid DEX,5.10179,0.56106,UNVERIFIED,,,,Med-High (5.2),"score 5.2; SUSDE 6.2 (pharos 5.8, tid 6.5); USDT 7.1 (credora 8.4, pharos 7.2, tid 6.0); worst leg: SUSDE; -1 tvl<1M"
USD Farms,Curve Vault for crvUSD,Ethereum,Convex Finance,5.07357,5.49745,UNVERIFIED,,,,Med-High (5.9),"score 5.9; CRVUSD 5.9 (pharos 7.0, tid 5.0)"
USD Farms,Expert Mode,Ethereum,Sky Lending,5.07,5.07,UNVERIFIED,,,,High (3.8),score 3.8; STUSDS 3.8 (pharos 3.8)
USD Farms,sDOLA collateral,Ethereum,Curve LlamaLend,4.97273,4.94383,UNVERIFIED,,,,Med-High (5.9),"score 5.9; CRVUSD 5.9 (pharos 7.0, tid 5.0)"
USD Farms,0.01%,Ethereum,Uniswap V3,4.95845,3.12883,UNVERIFIED,,,,Med-Low (6.7),"score 6.7; USDE 6.7 (credora 7.4, pharos 6.3, tid 6.5); USDC 8.5 (credora 9.5, pharos 8.8, tid 7.5); worst leg: USDE"
USD Farms,syrupUSDG,Ethereum,Maple,4.94964,4.98237,UNVERIFIED,,,,Med-Low (7.7),"score 7.7; USDG 7.7 (credora 9.0, pharos 7.2, tid 6.5, yearn 8.5)"
USD Farms,0.01%,Ethereum,Uniswap V4,4.93988,12.86289,UNVERIFIED,,,,Med-High (5.0),"score 5.0; GHO 6.0 (credora 8.4, pharos 4.2, tid 5.5); USDT 7.1 (credora 8.4, pharos 7.2, tid 6.0); worst leg: GHO; -1 tvl<1M"
USD Farms,Morpho Yearn Morpho Vault 1 Compounder,Base,Yearn Finance,4.88156,4.83613,UNVERIFIED,,,,Med-High (5.9),"score 5.9; USDC 8.5 (credora 9.5, pharos 8.8, tid 7.5); capped 7.9: not VERIFIED; capped 5.9: allocation not visible"
USD Farms,Morpho,Base,Beefy,4.86318,4.81817,UNVERIFIED,,,,Med-Low (7.5),"score 7.5; USDC 8.5 (credora 9.5, pharos 8.8, tid 7.5); -1 tvl<1M"
USD Farms,YBOLD,Ethereum,Yearn Finance,4.78415,4.79873,UNVERIFIED,,,,Med-Low (7.9),score 7.9; YBOLD 7.9 (pharos 7.9)
USD Farms,0.01%,Polygon,Uniswap V3,4.77124,4.72478,UNVERIFIED,,,,Med-Low (7.5),"score 7.5; USDC 8.5 (credora 9.5, pharos 8.8, tid 7.5); USDC 8.5 (credora 9.5, pharos 8.8, tid 7.5); -1 tvl<1M"
USD Farms,Aave Polygon DAI,Polygon,Aave V3,4.75553,4.73095,UNVERIFIED,,,,Med-High (4.3),score 4.3; DAI 5.3 (pharos 5.3); -1 tvl<1M
ETH Farms,BALANCERRETH-AAVEWETH,OP Mainnet,Balancer V3,4.69661,4.42241,UNVERIFIED,,,,High,unrated: internal signals only
USD Farms,gtUSDa,Ethereum,Gauntlet,4.66995,4.66463,UNVERIFIED,,,,High,unrated: internal signals only
USD Farms,USDC,Base,Compound V3,4.66696,4.92348,UNVERIFIED,,,,Med-Low (7.5),"score 7.5; USDC 8.5 (credora 9.5, pharos 8.8, tid 7.5); -1 tvl<1M"
USD Farms,Gauntlet USD Alpha,Arbitrum,Gauntlet,4.65979,4.6598,UNVERIFIED,,,,High,unrated: internal signals only
USD Farms,Dynamic fee (hook),Ethereum,Uniswap V4,4.65556,5.74732,UNVERIFIED,,,,Med-Low (7.1),"score 7.1; USDC 8.5 (credora 9.5, pharos 8.8, tid 7.5); USDT 7.1 (credora 8.4, pharos 7.2, tid 6.0); worst leg: USDT"
USD Farms,Fluid USD Coin,Ethereum,Fluid Lending,4.64,4.64571,UNVERIFIED,,,,Med-Low (7.9),"score 7.9; USDC 8.5 (credora 9.5, pharos 8.8, tid 7.5); capped 7.9: not VERIFIED"
USD Farms,USDC,Ethereum,Fluid Lending,4.64,4.65714,UNVERIFIED,,,,Med-Low (7.5),"score 7.5; USDC 8.5 (credora 9.5, pharos 8.8, tid 7.5); -1 tvl<1M"
USD Farms,CRVUSDCWBTCWETH,Ethereum,Yearn Finance,4.62108,4.85719,UNVERIFIED,,,,High,unrated: internal signals only
USD Farms,Moo Morpho Base Steakhouse High Yield USDC,Base,Beefy,4.60859,4.58247,UNVERIFIED,,,,Med-Low (7.9),"score 7.9; USDC 8.5 (credora 9.5, pharos 8.8, tid 7.5); capped 7.9: not VERIFIED"
USD Farms,Moo Morpho Smokehouse USDC,Ethereum,Beefy,4.58025,4.88035,UNVERIFIED,,,,Med-Low (7.9),"score 7.9; USDC 8.5 (credora 9.5, pharos 8.8, tid 7.5); capped 7.9: not VERIFIED"
USD Farms,0.00%,Polygon,Uniswap V4,4.41275,4.4191,UNVERIFIED,,,,Med-High (4.3),"score 4.3; DAI 5.3 (pharos 5.3); USDT 7.1 (credora 8.4, pharos 7.2, tid 6.0); worst leg: DAI; -1 tvl<1M"
USD Farms,mRe7YIELD,Ethereum,Midas RWA,4.4,4.4,UNVERIFIED,,,,Med-High (4.3),score 4.3; MRE7YIELD 4.3 (pharos 4.3)
USD Farms,mRE7,Etherlink,Midas RWA,4.4,4.4,UNVERIFIED,,,,High,unrated: internal signals only
USD Farms,mRE7,TAC,Midas RWA,4.4,4.4,UNVERIFIED,,,,High,unrated: internal signals only
USD Farms,RockawayX PT Yield,BSC,Lista Lending,4.37387,6.09658,UNVERIFIED,,,,Med-Low (7.1),"score 7.1; USDT 7.1 (credora 8.4, pharos 7.2, tid 6.0)"
ETH Farms,DETH,Ethereum,Makina,4.34455,3.75437,UNVERIFIED,,,,High,unrated: internal signals only
USD Farms,BOLD deposited in the ETH Stability Pool earns continuous BOLD yield and periodic ETH rewards from Trove liquidations,Ethereum,Liquity V2,4.28203,4.40148,UNVERIFIED,,,,Med-Low (7.4),"score 7.4; BOLD 7.4 (pharos 8.4, tid 6.5)"
USD Farms,Fluid USD Coin,Arbitrum,Fluid Lending,4.27,5.08286,UNVERIFIED,,,,Med-Low (7.9),"score 7.9; USDC 8.5 (credora 9.5, pharos 8.8, tid 7.5); capped 7.9: not VERIFIED"
USD Farms,PLASMAUSD,Plasma,Veda,4.25194,4.23805,UNVERIFIED,,,,High,unrated: internal signals only
USD Farms,Concentrated - 0.01%,Solana,Raydium AMM,4.25,4.05714,UNVERIFIED,,,,Med-Low (6.1),"score 6.1; PYUSD 7.8 (credora 9.5, pharos 7.2, tid 7.0); USDT 7.1 (credora 8.4, pharos 7.2, tid 6.0); worst leg: USDT; -1 tvl<1M"
USD Farms,sUSDe collateral,Ethereum,Curve LlamaLend,4.22243,4.00828,UNVERIFIED,,,,Med-High (5.9),"score 5.9; CRVUSD 5.9 (pharos 7.0, tid 5.0)"
USD Farms,Aave InkWhitelabel USDC,Ink,Tydro,4.202,4.27724,UNVERIFIED,,,,Med-High (5.9),"score 5.9; USDC 8.5 (credora 9.5, pharos 8.8, tid 7.5); capped 7.9: not VERIFIED; capped 5.9: allocation not visible"
USD Farms,BOLD deposited in the WSTETH Stability Pool earns continuous BOLD yield and periodic WSTETH rewards from Trove liquidations,Ethereum,Liquity V2,4.20102,4.1969,UNVERIFIED,,,,Med-Low (7.4),"score 7.4; BOLD 7.4 (pharos 8.4, tid 6.5)"
USD Farms,USDY-USDC,Solana,Orca DEX,4.19945,2.13339,UNVERIFIED,,,,Med-Low (7.1),"score 7.1; USDY 7.1 (credora 8.4, pharos 4.9, yearn 8.1); USDC 8.5 (credora 9.5, pharos 8.8, tid 7.5); worst leg: USDY"
USD Farms,STEAKUSDC,Base,Morpho Blue,4.19594,4.197,UNVERIFIED,,,,Med-Low (6.4),score 6.4; STEAKUSDC 6.4 (pharos 6.4)
USD Farms,USDT0,Polygon,Fluid Lending,4.18,4.27429,UNVERIFIED,,,,Med-Low (6.1),"score 6.1; USDT 7.1 (credora 8.4, pharos 7.2, tid 6.0); -1 tvl<1M"
USD Farms,USDC,Sui,Scallop Lend,4.0006,4.10355,UNVERIFIED,,,,Med-High (5.9),"score 5.9; USDC 8.5 (credora 9.5, pharos 8.8, tid 7.5); -1 tvl<1M; capped 5.9: collateral not visible"
USD Farms,0.00%,Polygon,Uniswap V4,3.99254,11.50542,UNVERIFIED,,,,Med-Low (7.9),"score 7.9; USDC 8.5 (credora 9.5, pharos 8.8, tid 7.5); USDC 8.5 (credora 9.5, pharos 8.8, tid 7.5); capped 7.9: not VERIFIED"
ETH Farms,0.01%,Ethereum,Uniswap V3,3.94542,4.04363,UNVERIFIED,,,,Med-Low (7.4),score 7.4; RETH 8.4 (credora 8.4); WETH 9.0*; worst leg: RETH; -1 tvl<1M
USD Farms,ERC-4626: USDf → sUSDf,Ethereum,Falcon Finance,3.92832,3.92784,UNVERIFIED,,,,Med-High (4.8),score 4.8; SUSDF 4.8 (pharos 4.8)
USD Farms,USDS-1 yVault,Ethereum,Yearn Finance,3.91654,3.50921,UNVERIFIED,,,,Med-High (5.9),"score 5.9; USDS 7.2 (credora 8.4, pharos 4.4, tid 7.0, yearn 9.6); capped 5.9: allocation not visible"
USD Farms,mBASIS,Etherlink,Midas RWA,3.8,3.6,UNVERIFIED,,,,High,unrated: internal signals only
USD Farms,CSVBUSDT,Katana,Morpho Blue,3.76336,4.64339,UNVERIFIED,,,,High,unrated: internal signals only
USD Farms,USDC.e,Berachain,Dolomite,3.76063,3.72185,UNVERIFIED,,,,High,unrated: internal signals only
USD Farms,Spark Savings USDT,Ethereum,Spark Savings,3.75,3.60714,UNVERIFIED,,,,Med-Low (7.1),"score 7.1; USDT 7.1 (credora 8.4, pharos 7.2, tid 6.0)"
ETH Farms,GAMIETH,Ethereum,Lagoon,3.74772,3.61763,UNVERIFIED,,,,High,unrated: internal signals only
USD Farms,USDC,Hyperliquid L1,HyperLend Pooled,3.72063,3.73539,UNVERIFIED,,,,Med-Low (7.9),"score 7.9; USDC 8.5 (credora 9.5, pharos 8.8, tid 7.5); capped 7.9: not VERIFIED"
USD Farms,USDC-1 yVault,Ethereum,Yearn Finance,3.6727,3.70605,UNVERIFIED,,,,Med-High (5.9),"score 5.9; USDC 8.5 (credora 9.5, pharos 8.8, tid 7.5); capped 7.9: not VERIFIED; capped 5.9: allocation not visible"
USD Farms,USDC,Ethereum,Yearn Finance,3.66255,3.51595,UNVERIFIED,,,,Med-High (5.9),"score 5.9; USDC 8.5 (credora 9.5, pharos 8.8, tid 7.5); capped 7.9: not VERIFIED; capped 5.9: allocation not visible"
USD Farms,0.00%,Polygon,Uniswap V4,3.65599,4.04009,UNVERIFIED,,,,Med-Low (6.1),"score 6.1; USDC 8.5 (credora 9.5, pharos 8.8, tid 7.5); USDT 7.1 (credora 8.4, pharos 7.2, tid 6.0); worst leg: USDT; -1 tvl<1M"
ETH Farms,SuperVault,Ethereum,Superform,3.64473,14.90839,UNVERIFIED,,,,High,unrated: internal signals only
USD Farms,WETH collateral,Arbitrum,Curve LlamaLend,3.589,3.38784,UNVERIFIED,,,,Med-High (4.9),"score 4.9; CRVUSD 5.9 (pharos 7.0, tid 5.0); -1 tvl<1M"
USD Farms,0.01%,Arbitrum,Uniswap V3,3.57156,3.79868,UNVERIFIED,,,,Med-Low (7.1),"score 7.1; USDC 8.5 (credora 9.5, pharos 8.8, tid 7.5); USDT 7.1 (credora 8.4, pharos 7.2, tid 6.0); worst leg: USDT"
USD Farms,USDX T-POOL,Flare,Clearpool Lending,3.49924,3.49957,UNVERIFIED,,,,High (3.9),score 3.9; USDX 3.9 (pharos 3.9)
USD Farms,Dynamic fee (hook),Ethereum,Uniswap V4,3.45809,5.42028,UNVERIFIED,,,,Med-Low (7.7),"score 7.7; USDC 8.5 (credora 9.5, pharos 8.8, tid 7.5); USDG 7.7 (credora 9.0, pharos 7.2, tid 6.5, yearn 8.5); worst leg: USDG"
USD Farms,0.01%,Polygon,Uniswap V4,3.45238,3.41269,UNVERIFIED,,,,Med-High (4.3),"score 4.3; USDC 8.5 (credora 9.5, pharos 8.8, tid 7.5); DAI 5.3 (pharos 5.3); worst leg: DAI; -1 tvl<1M"
USD Farms,0.01%,Monad,Uniswap V3,3.4388,1.84318,UNVERIFIED,,,,High (3.0),"score 3.0; USDC 8.5 (credora 9.5, pharos 8.8, tid 7.5); EURW unrated 3.0; worst leg: EURW"
USD Farms,USDT,Ethereum,SparkLend,3.43564,3.40365,UNVERIFIED,,,,Med-Low (7.1),"score 7.1; USDT 7.1 (credora 8.4, pharos 7.2, tid 6.0)"
USD Farms,Fraxlend Interest Bearing frxUSD (Staked Frax Ether) - 58,Ethereum,Fraxlend,3.43388,3.43465,UNVERIFIED,,,,Med-Low (6.2),"score 6.2; FRXUSD 6.2 (pharos 7.0, tid 5.5)"
USD Farms,USDT,Avalanche,Aave V3,3.43234,4.01587,UNVERIFIED,,,,Med-Low (7.1),"score 7.1; USDT 7.1 (credora 8.4, pharos 7.2, tid 6.0)"
USD Farms,USDC,Ethereum,SparkLend,3.39078,3.39044,UNVERIFIED,,,,Med-Low (7.9),"score 7.9; USDC 8.5 (credora 9.5, pharos 8.8, tid 7.5); capped 7.9: not VERIFIED"
USD Farms,Gains Network USDC,Arbitrum,Gains Network,3.36924,19.97207,UNVERIFIED,,,,Med-Low (7.9),"score 7.9; USDC 8.5 (credora 9.5, pharos 8.8, tid 7.5); capped 7.9: not VERIFIED"
USD Farms,Plus,Ethereum,Aave V4,3.36459,3.99216,UNVERIFIED,,,,Med-Low (6.1),"score 6.1; USDT 7.1 (credora 8.4, pharos 7.2, tid 6.0); -1 tvl<1M"
ETH Farms,wstETH v3,Ethereum,Gearbox,3.34723,3.2711,UNVERIFIED,,,,Med-High (5.9),score 5.9; WSTETH 8.0 (tid 8.0); capped 7.9: not VERIFIED; capped 5.9: collateral not visible
USD Farms,EVK Vault eUSDC-4,Hyperliquid L1,Euler V2,3.28978,12.57939,UNVERIFIED,,,,Med-Low (7.5),"score 7.5; USDC 8.5 (credora 9.5, pharos 8.8, tid 7.5); -1 tvl<1M"
ETH Farms,LIQUIDETH,Ethereum,ether.fi Liquid,3.25872,3.09651,UNVERIFIED,,,,High,unrated: internal signals only
ETH Farms,0.01%,Ethereum,Uniswap V4,3.24492,1.42985,UNVERIFIED,,,,Med-Low (7.9),score 7.9; ETH 8.4 (credora 8.4); RETH 8.4 (credora 8.4); worst leg: ETH; capped 7.9: not VERIFIED
USD Farms,Prime Instance,Ethereum,Aave V3,3.24235,3.23722,UNVERIFIED,,,,Med-High (6.0),"score 6.0; GHO 6.0 (credora 8.4, pharos 4.2, tid 5.5)"
USD Farms,USDC,Ethereum,Compound V3,3.23818,4.08376,UNVERIFIED,,,,Med-Low (7.9),"score 7.9; USDC 8.5 (credora 9.5, pharos 8.8, tid 7.5); capped 7.9: not VERIFIED"
USD Farms,Aave Polygon USDT,Polygon,Aave V3,3.23473,3.19171,UNVERIFIED,,,,Med-Low (7.1),"score 7.1; USDT 7.1 (credora 8.4, pharos 7.2, tid 6.0)"
USD Farms,USDC,OP Mainnet,Aave V3,3.23071,3.04469,UNVERIFIED,,,,Med-Low (7.9),"score 7.9; USDC 8.5 (credora 9.5, pharos 8.8, tid 7.5); capped 7.9: not VERIFIED"
USD Farms,USDC.E,Gnosis,Aave V3,3.21752,3.21486,UNVERIFIED,,,,High,unrated: internal signals only
USD Farms,USDT,Ethereum,Compound V3,3.20889,3.21277,UNVERIFIED,,,,Med-Low (7.1),"score 7.1; USDT 7.1 (credora 8.4, pharos 7.2, tid 6.0)"
USD Farms,USDT-1 yVault,Ethereum,Yearn Finance,3.12502,3.13768,UNVERIFIED,,,,Med-High (5.9),"score 5.9; USDT 7.1 (credora 8.4, pharos 7.2, tid 6.0); capped 5.9: allocation not visible"
USD Farms,Fluid USDtb,Ethereum,Fluid Lending,3.12,2.89143,UNVERIFIED,,,,Med-Low (7.9),"score 7.9; USDTB 8.1 (credora 9.0, pharos 7.1); capped 7.9: not VERIFIED"
USD Farms,0.01%,Polygon,Uniswap V3,3.0783,3.84829,UNVERIFIED,,,,Med-Low (7.1),"score 7.1; USDC 8.5 (credora 9.5, pharos 8.8, tid 7.5); USDT 7.1 (credora 8.4, pharos 7.2, tid 6.0); worst leg: USDT"
USD Farms,USDT,OP Mainnet,Aave V3,3.07584,3.04542,UNVERIFIED,,,,Med-Low (6.1),"score 6.1; USDT 7.1 (credora 8.4, pharos 7.2, tid 6.0); -1 tvl<1M"
USD Farms,0.05%,Ethereum,Uniswap V4,3.04303,3.39858,UNVERIFIED,,,,Med-Low (7.4),"score 7.4; BOLD 7.4 (pharos 8.4, tid 6.5); USDC 8.5 (credora 9.5, pharos 8.8, tid 7.5); worst leg: BOLD"
USD Farms,Compound USDC,Arbitrum,Compound V3,3.04295,3.03619,UNVERIFIED,,,,Med-Low (7.9),"score 7.9; USDC 8.5 (credora 9.5, pharos 8.8, tid 7.5); capped 7.9: not VERIFIED"
USD Farms,USDC,BSC,Aave V3,3.04125,3.24175,UNVERIFIED,,,,Med-Low (7.9),"score 7.9; USDC 8.5 (credora 9.5, pharos 8.8, tid 7.5); capped 7.9: not VERIFIED"
USD Farms,USDT,OP Mainnet,Compound V3,3.03,3.02358,UNVERIFIED,,,,Med-Low (6.1),"score 6.1; USDT 7.1 (credora 8.4, pharos 7.2, tid 6.0); -1 tvl<1M"
ETH Farms,SuperVault,Base,Superform,2.97544,3.01048,UNVERIFIED,,,,High,unrated: internal signals only
ETH Farms,EVK Vault eWETH-3,Monad,Euler V2,2.96671,2.76758,UNVERIFIED,,,,Med-Low (7.9),score 7.9; WETH 9.0*; capped 7.9: not VERIFIED
ETH Farms,CL1 - 0.01%,Base,Aerodrome Slipstream,2.8249,2.68721,UNVERIFIED,,,,Med-Low (7.4),score 7.4; WETH 9.0*; BSDETH 7.4 (credora 7.4); worst leg: BSDETH
ETH Farms,WETH,Ethereum,Gearbox,2.7848,2.99777,UNVERIFIED,,,,Med-High (5.9),score 5.9; WETH 9.0*; -1 tvl<1M; capped 7.9: not VERIFIED; capped 5.9: collateral not visible
ETH Farms,K3 Capital Earn WETH,Monad,Euler V2,2.76358,2.70247,UNVERIFIED,,,,Med-Low (7.9),score 7.9; WETH 9.0*; capped 7.9: not VERIFIED
ETH Farms,mRe7ETH,OP Mainnet,Midas RWA,2.7,2.7,UNVERIFIED,,,,High,unrated: internal signals only
ETH Farms,EVK Vault eWETH-7,Monad,Euler V2,2.6352,2.68601,UNVERIFIED,,,,Med-Low (7.9),score 7.9; WETH 9.0*; capped 7.9: not VERIFIED
ETH Farms,weETH/WETH-ng,Ethereum,Convex Finance,2.62791,2.9542,UNVERIFIED,,,,Med-Low (7.0),score 7.0; WETH 9.0*; WEETH 7.0 (tid 7.0); worst leg: WEETH
ETH Farms,CL1 - 0.009%,Base,Aerodrome Slipstream,2.57653,2.76381,UNVERIFIED,,,,Med-Low (7.9),score 7.9; WETH 9.0*; WSTETH 8.0 (tid 8.0); worst leg: WSTETH; capped 7.9: not VERIFIED
ETH Farms,WEETH,Katana,Morpho Blue,2.46827,2.46897,UNVERIFIED,,,,Med-Low (7.0),score 7.0; WEETH 7.0 (tid 7.0)
ETH Farms,WSTETH,Base,Fluid Lending,2.412,2.39914,UNVERIFIED,,,,Med-Low (7.9),score 7.9; WSTETH 8.0 (tid 8.0); capped 7.9: not VERIFIED
ETH Farms,WSTETH,Base,Fluid Lending,2.412,2.39914,UNVERIFIED,,,,Med-Low (7.9),score 7.9; WSTETH 8.0 (tid 8.0); capped 7.9: not VERIFIED
ETH Farms,EVK Vault ewstETH-2,Ethereum,Euler V2,2.35989,2.35991,UNVERIFIED,,,,Med-Low (7.9),score 7.9; WSTETH 8.0 (tid 8.0); capped 7.9: not VERIFIED
ETH Farms,WSTETH,OP Mainnet,Moonwell Lending,2.34648,2.34485,UNVERIFIED,,,,Med-Low (7.0),score 7.0; WSTETH 8.0 (tid 8.0); -1 tvl<1M
ETH Farms,EVK Vault eWETH-2,Monad,Euler V2,2.34589,2.39604,UNVERIFIED,,,,Med-Low (7.9),score 7.9; WETH 9.0*; -1 tvl<1M; capped 7.9: not VERIFIED
ETH Farms,Aave Optimism wstETH,OP Mainnet,Aave V3,2.34359,2.34361,UNVERIFIED,,,,Med-Low (7.9),score 7.9; WSTETH 8.0 (tid 8.0); capped 7.9: not VERIFIED
ETH Farms,Aave Polygon wstETH,Polygon,Aave V3,2.34238,2.34239,UNVERIFIED,,,,Med-Low (7.9),score 7.9; WSTETH 8.0 (tid 8.0); capped 7.9: not VERIFIED
ETH Farms,WETH,Arbitrum,Dolomite,2.28365,2.2745,UNVERIFIED,,,,Med-Low (7.9),score 7.9; WETH 9.0*; capped 7.9: not VERIFIED
ETH Farms,EVK Vault eweETH-1,Unichain,Euler V2,2.26763,2.26763,UNVERIFIED,,,,Med-Low (6.0),score 6.0; WEETH 7.0 (tid 7.0); -1 tvl<1M
ETH Farms,EVK Vault eweETH-1,Base,Euler V2,2.26736,2.26736,UNVERIFIED,,,,Med-Low (6.0),score 6.0; WEETH 7.0 (tid 7.0); -1 tvl<1M
ETH Farms,WEETH,Ethereum,ether.fi Stake,2.26731,2.30871,UNVERIFIED,,,,Med-Low (7.0),score 7.0; WEETH 7.0 (tid 7.0)
ETH Farms,WEETH,Linea,ether.fi Stake,2.26731,2.30871,UNVERIFIED,,,,Med-Low (7.0),score 7.0; WEETH 7.0 (tid 7.0)
ETH Farms,WEETH,Base,ether.fi Stake,2.26731,2.30871,UNVERIFIED,,,,Med-Low (7.0),score 7.0; WEETH 7.0 (tid 7.0)
ETH Farms,WEETH,Katana,Morpho Blue,2.26731,2.26731,UNVERIFIED,,,,Med-Low (7.0),score 7.0; WEETH 7.0 (tid 7.0)
ETH Farms,WEETH,Scroll,ether.fi Stake,2.26731,2.30871,UNVERIFIED,,,,Med-Low (6.0),score 6.0; WEETH 7.0 (tid 7.0); -1 tvl<1M
ETH Farms,SURGETETH-LIDOWSTETH,Ethereum,Balancer V3,2.19738,2.27348,UNVERIFIED,,,,High,unrated: internal signals only
ETH Farms,YNETH,Ethereum,YieldNest,2.18941,2.19207,UNVERIFIED,,,,High,unrated: internal signals only
ETH Farms,Moonwell Rocket Ether,Base,Moonwell Lending,2.17988,2.17988,UNVERIFIED,,,,Med-Low (7.9),score 7.9; RETH 8.4 (credora 8.4); capped 7.9: not VERIFIED
ETH Farms,WETH-1 yVault,Ethereum,Yearn Finance,2.13415,2.14464,UNVERIFIED,,,,Med-High (5.9),score 5.9; WETH 9.0*; capped 7.9: not VERIFIED; capped 5.9: allocation not visible
ETH Farms,Core,Ethereum,Aave V4,2.06254,1.79523,UNVERIFIED,,,,Med-Low (7.9),score 7.9; WETH 9.0*; capped 7.9: not VERIFIED
ETH Farms,EVK Vault eWETH-36,Base,Euler V2,2.0286,2.01908,UNVERIFIED,,,,Med-Low (7.9),score 7.9; WETH 9.0*; capped 7.9: not VERIFIED
ETH Farms,WETH,Arbitrum,Gains Network,2.02326,2.45365,UNVERIFIED,,,,Med-Low (7.9),score 7.9; WETH 9.0*; -1 tvl<1M; capped 7.9: not VERIFIED
USD Farms,Gauntlet USD Alpha,Base,Gauntlet,0,0,UNVERIFIED,,,,High,unrated: internal signals only
USD Farms,PIKUUSDC,Ethereum,Morpho Blue,39.58532,41.27923,VERIFIED,9.055,yieldz (base),,High (1.5),score 1.5; allocation leg 3.0 (CarryTradeUSDTRYLeverage unrated@100%); -1 tvl<1M; -0.5 concentrated book 100%
USD Farms,Mento Fixed Price MM - EURm/USDm,Monad,Mento V3,25.31805,25.59052,VERIFIED,24.752,merkl (reward APR),,High (2.6),"score 2.6; EURM 3.6 (pharos 3.6); USDM 4.9 (pharos 4.7, tid 5.0); worst leg: EURM; -1 tvl<1M"
USD Farms,GBPM-USDM,Monad,Mento V3,24.38556,24.42511,VERIFIED,24.31,merkl (reward APR),,High (3.5),"score 3.5; GBPM 4.5 (pharos 4.5); USDM 4.9 (pharos 4.7, tid 5.0); worst leg: GBPM; -1 tvl<1M"
USD Farms,sdUSD/frxUSD,Ethereum,Curve DEX,19.00684,20.89158,VERIFIED,15.669,curve-api (total),,High (2.1),"score 2.1; SDUSD 3.6 (pharos 3.6); FRXUSD 6.2 (pharos 7.0, tid 5.5); worst leg: SDUSD; -1 tvl<1M; -0.5 pool 80% in sdUSD"
USD Farms,Pendle-10Dec26,Ethereum,Beefy,18.61383,18.87277,VERIFIED,18.613,beefy-api,,High (2.0),score 2.0; REUSDE 3.0 (tid 3.0); -1 tvl<1M
USD Farms,Fx,Ethereum,Beefy,17.24641,17.01525,VERIFIED,7.77,curve-api (total),,High (3.1),"score 3.1; REUSD 4.6 (pharos 4.3, tid 5.0, yearn 4.2); FXUSD 5.5 (pharos 4.4, tid 4.5, yearn 8.5); worst leg: REUSD; -1 tvl<1M; -0.5 pool 76% in reUSD"
USD Farms,pmUSD/crvUSD,Ethereum,Convex Finance,16.66679,17.40402,VERIFIED,8.405,curve-api (total),,High (1.5),"score 1.5; PMUSD 2.5 (pharos 2.5); CRVUSD 5.9 (pharos 7.0, tid 5.0); worst leg: PMUSD; -1 pool 95% in pmUSD"
USD Farms,pmUSD/frxUSD,Ethereum,Convex Finance,16.59697,17.31577,VERIFIED,8.008,curve-api (total),,High (1.5),"score 1.5; PMUSD 2.5 (pharos 2.5); FRXUSD 6.2 (pharos 7.0, tid 5.5); worst leg: PMUSD; -1 pool 95% in pmUSD"
USD Farms,CRVUSD-CVCRVUSD,Ethereum,Convex Finance,16.54644,17.34855,VERIFIED,8.194,curve-api (total),,High (2.0),"score 2.0; CRVUSD 5.9 (pharos 7.0, tid 5.0); CVCRVUSD unrated 3.0; worst leg: CVCRVUSD; -1 tvl<1M"
USD Farms,REUSD-SDOLA,Ethereum,Convex Finance,16.30398,16.68634,VERIFIED,8.418,curve-api (total),,Med-High (4.4),"score 4.4; REUSD 4.6 (pharos 4.3, tid 5.0, yearn 4.2); SDOLA 4.4 (pharos 4.3, tid 4.5); worst leg: SDOLA"
USD Farms,StableV2 AMM - USDC/alUSD,OP Mainnet,Velodrome V2,15.47477,15.77124,VERIFIED,12.03,merkl (reward APR),,High (3.1),"score 3.1; USDC 8.5 (credora 9.5, pharos 8.8, tid 7.5); ALUSD 3.1 (pharos 3.1); worst leg: ALUSD"
USD Farms,Moo Curve reUSD-scrvUSD,Ethereum,Beefy,15.09448,15.6518,VERIFIED,7.663,curve-api (total),,High (3.1),"score 3.1; REUSD 4.6 (pharos 4.3, tid 5.0, yearn 4.2); CRVUSD 5.9 (pharos 7.0, tid 5.0); worst leg: REUSD; -1 tvl<1M; -0.5 pool 76% in reUSD"
USD Farms,reUSD/scrvUSD,Ethereum,Convex Finance,14.98301,15.71096,VERIFIED,7.663,curve-api (total),,Med-High (4.1),"score 4.1; REUSD 4.6 (pharos 4.3, tid 5.0, yearn 4.2); CRVUSD 5.9 (pharos 7.0, tid 5.0); worst leg: REUSD; -0.5 pool 76% in reUSD"
USD Farms,VUSD-CRVUSD,Ethereum,Curve DEX,14.64979,15.28121,VERIFIED,14.706,curve-api (total),,High (2.0),"score 2.0; CRVUSD 5.9 (pharos 7.0, tid 5.0); VUSD unrated 3.0; worst leg: VUSD; -1 tvl<1M"
USD Farms,Mento Fixed Price MM - USDC/USDm,Monad,Mento V3,14.52694,15.49913,VERIFIED,11.701,merkl (reward APR),,High (3.9),"score 3.9; USDC 8.5 (credora 9.5, pharos 8.8, tid 7.5); USDM 4.9 (pharos 4.7, tid 5.0); worst leg: USDM; -1 tvl<1M"
USD Farms,Stakedao,Ethereum,Beefy,14.49144,14.64106,VERIFIED,14.469,beefy-api,,High (0.5),"score 0.5; PMUSD 2.5 (pharos 2.5); CRVUSD 5.9 (pharos 7.0, tid 5.0); worst leg: PMUSD; -1 tvl<1M; -1 pool 95% in pmUSD"
USD Farms,reUSD/sfrxUSD,Ethereum,Convex Finance,14.33675,15.89534,VERIFIED,7.546,curve-api (total),,Med-High (4.1),"score 4.1; REUSD 4.6 (pharos 4.3, tid 5.0, yearn 4.2); FRXUSD 6.2 (pharos 7.0, tid 5.5); worst leg: REUSD; -0.5 pool 76% in reUSD"
USD Farms,FTUSD-USDC,Ethereum,Convex Finance,13.11155,14.80852,VERIFIED,6.848,on-chain (curve vp 7d),,Med-High (4.2),"score 4.2; FTUSD 5.2 (pharos 5.9, yearn 4.4); USDC 8.5 (credora 9.5, pharos 8.8, tid 7.5); worst leg: FTUSD; -1 tvl<1M"
USD Farms,Ember Pharos Alpha,Ethereum,Ember Protocol,12.89972,12.89994,VERIFIED,12.102,on-chain (7d realized),,Med-High (5.9),"score 5.9; USDC 8.5 (credora 9.5, pharos 8.8, tid 7.5); capped 5.9: allocation not visible"
USD Farms,GAMILUSPC,Ethereum,Lagoon,12.64947,12.02186,VERIFIED,14.128,on-chain (7d realized),,High,unrated: internal signals only
USD Farms,AUSD-USDM,Monad,Mento V3,12.49955,12.88066,VERIFIED,12.143,merkl (reward APR),,Med-High (4.9),"score 4.9; AUSD 7.3 (credora 9.0, pharos 7.3, tid 6.0); USDM 4.9 (pharos 4.7, tid 5.0); worst leg: USDM"
USD Farms,alUSD/USDC,Arbitrum,Curve DEX,12.38676,9.05371,VERIFIED,12.4,curve-api (total),,High (1.1),"score 1.1; ALUSD 3.1 (pharos 3.1); USDC 8.5 (credora 9.5, pharos 8.8, tid 7.5); worst leg: ALUSD; -1 tvl<1M; -1 pool 93% in alUSD"
USD Farms,FCUSDT,Ethereum,Morpho Blue,12.36541,13.3388,VERIFIED,5.811,yieldz (base),,High (3.8),"score 3.8; allocation leg 4.8 (PT-USDat-14JAN2027→USDat 4.8@59%, sUSDai 4.9@37%, PT-reUSD-10DEC2026→reUSD 4.1@4%, XAUt 7.3@0%, wstETH 8.0@0%, cbBTC 9.5@0%); -1 util 93%"
USD Farms,August USDC V2,Monad,Morpho Blue,12.12009,10.41215,VERIFIED,6.749,yieldz (base),,High (2.5),score 2.5; allocation leg 3.0 (earnAUSD unrated@100%); -0.5 concentrated book 100%
USD Farms,DUSD/frxUSD,Ethereum,Convex Finance,11.86448,11.97848,VERIFIED,6.715,curve-api (total),,Med-High (4.9),"score 4.9; FRXUSD 6.2 (pharos 7.0, tid 5.5); DUSD 4.9 (pharos 4.9, tid 5.0); worst leg: DUSD"
USD Farms,YIELDUSDT,Ethereum,Lagoon,11.81253,11.67196,VERIFIED,9.429,on-chain (7d realized),,Med-High,unrated: internal signals only
USD Farms,evaUSDC/evaUSDT,Ethereum,Convex Finance,11.65052,12.10745,VERIFIED,6.246,curve-api (total),,Med-High,unrated: internal signals only
USD Farms,Bitcoin Dollar USDC,Ethereum,Fusion by IPOR,11.62414,11.86043,VERIFIED,11.613,ipor-api,,Med-High (4.5),"score 4.5; USDC 8.5 (credora 9.5, pharos 8.8, tid 7.5); allocation leg 6.0 (morpho?0xc89db3 6.0†@95%, erc4626 6.0†@5%, aave-v3 8.5†@0%, morpho?0xc89db3 6.0†@0%, USDC 8.5@0%, USDC 8.5@0%); allocation leg governs; -1 tvl<1M; -0.5 concentrated book 95%"
USD Farms,FRXUSD-AVUSD,Ethereum,Convex Finance,11.49599,11.83873,VERIFIED,4.682,curve-api (total),,Med-High (4.2),"score 4.2; FRXUSD 6.2 (pharos 7.0, tid 5.5); AVUSD 5.2 (credora 5.8, pharos 5.3, tid 4.5); worst leg: AVUSD; -1 tvl<1M"
USD Farms,Steakhouse Ethena USDtb,Ethereum,Morpho Blue,11.21114,9.70965,VERIFIED,8.288,on-chain (7d realized),,High,unrated: internal signals only
USD Farms,FRXUSD-USD3,Ethereum,Convex Finance,11.14623,13.97905,VERIFIED,5.196,curve-api (total),,Med-High (4.4),"score 4.4; FRXUSD 6.2 (pharos 7.0, tid 5.5); USD3 5.4 (credora 6.6, pharos 7.7, tid 3.5, yearn 4.2); worst leg: USD3; -1 pool 88% in frxUSD"
USD Farms,frxUSD/msUSD,Ethereum,Convex Finance,10.48528,10.89866,VERIFIED,7.726,curve-api (total),,High (1.4),"score 1.4; FRXUSD 6.2 (pharos 7.0, tid 5.5); MSUSD 2.4 (pharos 3.5, tid 1.5); worst leg: MSUSD; -1 pool 89% in msUSD"
USD Farms,TULIPAUSDC,Ethereum,Lagoon,10.46691,10.88671,VERIFIED,16.209,on-chain (7d realized),,Med-High,unrated: internal signals only
USD Farms,NOONECOUSDC,Base,Morpho Blue,10.13994,9.85318,VERIFIED,3.243,yieldz (base+reward),,Med-High (4.4),score 4.4; allocation leg 4.9 (sUSN 4.9@100%); -0.5 concentrated book 100%
USD Farms,EVAUSDT-USDT,Ethereum,Curve DEX,10.13311,10.38899,VERIFIED,10.193,curve-api (total),,High (2.0),"score 2.0; USDT 7.1 (credora 8.4, pharos 7.2, tid 6.0); EVAUSDT unrated 3.0; worst leg: EVAUSDT; -1 tvl<1M"
USD Farms,Convex,Ethereum,Beefy,10.02075,10.4624,VERIFIED,7.726,curve-api (total),,High (0.5),"score 0.5; FRXUSD 6.2 (pharos 7.0, tid 5.5); MSUSD 2.4 (pharos 3.5, tid 1.5); worst leg: MSUSD; -1 tvl<1M; -1 pool 89% in msUSD"
USD Farms,CRVUSD-ZCHF,Ethereum,Convex Finance,10.00773,11.22905,VERIFIED,5.081,curve-api (total),,High (2.7),"score 2.7; CRVUSD 5.9 (pharos 7.0, tid 5.0); ZCHF 4.2 (pharos 4.4, tid 4.0); worst leg: ZCHF; -1 tvl<1M; -0.5 pool 78% in ZCHF"
USD Farms,ROXCUSDC,Ethereum,Morpho Blue,10.00076,11.69502,VERIFIED,5.1,yieldz (base),,High (2.5),score 2.5; allocation leg 3.0 (PST unrated@96%); -0.5 concentrated book 96%
USD Farms,reUSD/fxUSD,Ethereum,Convex Finance,9.94475,9.91254,VERIFIED,7.77,curve-api (total),,Med-High (4.1),"score 4.1; REUSD 4.6 (pharos 4.3, tid 5.0, yearn 4.2); FXUSD 5.5 (pharos 4.4, tid 4.5, yearn 8.5); worst leg: REUSD; -0.5 pool 76% in reUSD"
USD Farms,REUSD-SDOLA,Ethereum,Curve DEX,9.77393,10.48733,VERIFIED,8.418,curve-api (total),,Med-High (4.4),"score 4.4; REUSD 4.6 (pharos 4.3, tid 5.0, yearn 4.2); SDOLA 4.4 (pharos 4.3, tid 4.5); worst leg: SDOLA"
USD Farms,alUSD/frxUSD,Ethereum,Convex Finance,9.63154,9.69381,VERIFIED,5.083,curve-api (total),,High (2.1),"score 2.1; ALUSD 3.1 (pharos 3.1); FRXUSD 6.2 (pharos 7.0, tid 5.5); worst leg: ALUSD; -1 pool 91% in alUSD"
USD Farms,Ember Earn,Ethereum,Ember Protocol,9.5063,9.4614,VERIFIED,9.056,on-chain (7d realized),,Med-High (5.9),"score 5.9; USDC 8.5 (credora 9.5, pharos 8.8, tid 7.5); capped 5.9: allocation not visible"
USD Farms,USDC,Solana,Project 0,9.48202,9.01323,VERIFIED,9.461,p0-api,,Med-High (5.9),"score 5.9; USDC 8.5 (credora 9.5, pharos 8.8, tid 7.5); -1 tvl<1M; capped 5.9: collateral not visible"
USD Farms,Moo Curve frxUSD-msUSD,Ethereum,Beefy,9.2735,9.56165,VERIFIED,7.726,curve-api (total),,High (0.5),"score 0.5; FRXUSD 6.2 (pharos 7.0, tid 5.5); MSUSD 2.4 (pharos 3.5, tid 1.5); worst leg: MSUSD; -1 tvl<1M; -1 pool 89% in msUSD"
USD Farms,USDC/USDf,Ethereum,Convex Finance,9.240409999999999,9.16198,VERIFIED,4.053,curve-api (total),,High (3.6),"score 3.6; USDC 8.5 (credora 9.5, pharos 8.8, tid 7.5); USDF 4.1 (credora 3.2, pharos 5.0); worst leg: USDF; -0.5 pool 81% in USDf"
USD Farms,GAMIUSDC,Ethereum,Lagoon,9.19662,9.19982,VERIFIED,8.729,on-chain (7d realized),,Med-High,unrated: internal signals only
USD Farms,aguaUSDCgc/USDC,Monad,Curvance,9.06838,9.09303,VERIFIED,7.266,curvance on-chain,,High (2.0),"score 2.0; USDC 8.5 (credora 9.5, pharos 8.8, tid 7.5); collateral leg 3.0 (aguaUSDCgc unrated@100%); collateral leg governs; -1 tvl<1M"
USD Farms,CADD-FRXUSD,Ethereum,Curve DEX,9.062800000000001,9.0133,VERIFIED,8.744,curve-api (total),,Med-High (5.2),"score 5.2; CADD 7.9 (pharos 7.9); FRXUSD 6.2 (pharos 7.0, tid 5.5); worst leg: FRXUSD; -1 tvl<1M"
USD Farms,SUSDX-USDX,Ethereum,Curve DEX,9.05,9.32,VERIFIED,9.259,on-chain (curve vp 7d),,High (3.9),score 3.9; SUSDX 3.9 (pharos 3.9); USDX 3.9 (pharos 3.9); worst leg: SUSDX
USD Farms,Moo Curve USDC-USDf,Ethereum,Beefy,8.84355,8.7559,VERIFIED,4.053,curve-api (total),,High (3.6),"score 3.6; USDF 4.1 (credora 3.2, pharos 5.0); USDC 8.5 (credora 9.5, pharos 8.8, tid 7.5); worst leg: USDF; -0.5 pool 81% in USDf"
USD Farms,reUSD/sfrxUSD,Ethereum,Curve DEX,8.721350000000001,8.36498,VERIFIED,7.546,curve-api (total),,Med-High (4.1),"score 4.1; REUSD 4.6 (pharos 4.3, tid 5.0, yearn 4.2); FRXUSD 6.2 (pharos 7.0, tid 5.5); worst leg: REUSD; -0.5 pool 76% in reUSD"
USD Farms,EmberMarket,Sui,Current,8.68051,8.67513,VERIFIED,2.63,current-api,,Med-High (5.9),"score 5.9; USDC 8.5 (credora 9.5, pharos 8.8, tid 7.5); -1 tvl<1M; capped 5.9: collateral not visible"
USD Farms,Moo FxConvex USDC-fxUSD,Ethereum,Beefy,8.65836,8.78951,VERIFIED,8.646,beefy-api,,Med-High (5.5),"score 5.5; FXUSD 5.5 (pharos 4.4, tid 4.5, yearn 8.5); USDC 8.5 (credora 9.5, pharos 8.8, tid 7.5); worst leg: FXUSD"
USD Farms,9SUSDC,Ethereum,Lagoon,8.63037,8.16276,VERIFIED,8.393,on-chain (7d realized),,Med-High,unrated: internal signals only
USD Farms,USD3-SCRVUSD,Ethereum,Convex Finance,8.615310000000001,9.6688,VERIFIED,4,curve-api (total),,Med-High (4.4),"score 4.4; USD3 5.4 (credora 6.6, pharos 7.7, tid 3.5, yearn 4.2); CRVUSD 5.9 (pharos 7.0, tid 5.0); worst leg: USD3; -1 tvl<1M"
USD Farms,mROX,Ethereum,Midas RWA,8.55,8.28857,VERIFIED,12.669,on-chain (7d realized),,Med-High,unrated: internal signals only
USD Farms,mMEV,Ethereum,Midas RWA,8.55,8.28857,VERIFIED,12.669,on-chain (7d realized),,Med-High,unrated: internal signals only
USD Farms,Bitwise Premium+,Ethereum,Ember Protocol,8.42032,9.4184,VERIFIED,8.061,on-chain (7d realized),,Med-High (5.9),"score 5.9; USDC 8.5 (credora 9.5, pharos 8.8, tid 7.5); capped 5.9: allocation not visible"
USD Farms,pmUSD/crvUSD,Ethereum,Curve DEX,8.375869999999999,8.56621,VERIFIED,8.405,curve-api (total),,High (1.5),"score 1.5; PMUSD 2.5 (pharos 2.5); CRVUSD 5.9 (pharos 7.0, tid 5.0); worst leg: PMUSD; -1 pool 95% in pmUSD"
USD Farms,SATUSDC,Monad,Morpho Blue,8.32889,7.84383,VERIFIED,6.168,yieldz (base),,High (3.6),"score 3.6; allocation leg 4.6 (PT-USDat-14JAN2027→USDat 4.8@87%, PT-srUSDat-14JAN2027 unrated@13%, PT-USDat-27AUG2026→USDat 4.8@0%); -1 util 100%"
USD Farms,CRVUSD-FRXUSD,Fraxtal,Curve DEX,8.29785,7.33153,VERIFIED,8.188,curve-api (total),,Med-High (4.9),"score 4.9; CRVUSD 5.9 (pharos 7.0, tid 5.0); FRXUSD 6.2 (pharos 7.0, tid 5.5); worst leg: CRVUSD; -1 tvl<1M"
USD Farms,reUSD/scrvUSD,Ethereum,Curve DEX,8.2836,8.85997,VERIFIED,7.663,curve-api (total),,Med-High (4.1),"score 4.1; REUSD 4.6 (pharos 4.3, tid 5.0, yearn 4.2); CRVUSD 5.9 (pharos 7.0, tid 5.0); worst leg: REUSD; -0.5 pool 76% in reUSD"
USD Farms,sUSDe/crvUSD,Ethereum,Convex Finance,8.28327,7.70676,VERIFIED,3.342,on-chain (curve vp 7d),,Med-High (4.9),"score 4.9; CRVUSD 5.9 (pharos 7.0, tid 5.0); SUSDE 6.2 (pharos 5.8, tid 6.5); worst leg: CRVUSD; -1 tvl<1M"
USD Farms,TAU Yield Bond ETF,Ethereum,Fusion by IPOR,8.21575,8.17077,VERIFIED,8.216,ipor-api,,Med-Low (7.5),"score 7.5; USDC 8.5 (credora 9.5, pharos 8.8, tid 7.5); allocation leg 8.5 (USDC 8.5@46%, USDC 8.5@41%, USDC 8.5@13%, USDC 8.5@0%); -1 tvl<1M"
USD Farms,CRV LlamaLend Recovery,Ethereum,Curve DEX,8.14521,8.81431,VERIFIED,8.194,curve-api (total),,High (2.0),"score 2.0; CRVUSD 5.9 (pharos 7.0, tid 5.0); CVCRVUSD unrated 3.0; worst leg: CVCRVUSD; -1 tvl<1M"
USD Farms,Convex,Ethereum,Beefy,8.14051,7.55451,VERIFIED,8.164,beefy-api,,Med-High (4.9),"score 4.9; CRVUSD 5.9 (pharos 7.0, tid 5.0); SUSDE 6.2 (pharos 5.8, tid 6.5); worst leg: CRVUSD; -1 tvl<1M"
USD Farms,AVUSD-AUSD,Monad,Balancer V3,8.0922,8.4795,VERIFIED,5.678,merkl (reward APR),,Med-High (5.2),"score 5.2; AVUSD 5.2 (credora 5.8, pharos 5.3, tid 4.5); AUSD 7.3 (credora 9.0, pharos 7.3, tid 6.0); worst leg: AVUSD"
USD Farms,Hyperithm USDC Apex,Monad,Morpho Blue,8.01139,7.86671,VERIFIED,6.022,yieldz (base),,High (3.0),"score 3.0; HYPERUSDCA 6.3 (pharos 6.3); allocation leg 4.0 (aHYPER unrated@48%, PT-USDat-14JAN2027→USDat 4.8@40%, mHYPER 6.0@8%, WBTC 9.5@0%, WETH 9.0*@0%, cbBTC 9.5@0%, wstETH 8.0@0%); allocation leg governs; -1 util 99%"
ETH Farms,YIELDETH,Ethereum,Lagoon,7.98672,8.20847,VERIFIED,6.383,on-chain (7d realized),,High,unrated: internal signals only
USD Farms,pmUSD/frxUSD,Ethereum,Curve DEX,7.98121,8.2273,VERIFIED,8.008,curve-api (total),,High (1.5),"score 1.5; PMUSD 2.5 (pharos 2.5); FRXUSD 6.2 (pharos 7.0, tid 5.5); worst leg: PMUSD; -1 pool 95% in pmUSD"
USD Farms,SYZUSD,Plasma,Yuzu Money,7.93482,7.87154,VERIFIED,7.642,on-chain (7d realized),,High (3.8),"score 3.8; SYZUSD 3.8 (pharos 4.8, tid 3.0)"
USD Farms,LlamaThena,Ethereum,Convex Finance,7.812139999999999,7.60683,VERIFIED,4.428,on-chain (curve vp 7d),,Med-High (5.9),"score 5.9; CRVUSD 5.9 (pharos 7.0, tid 5.0); SUSDE 6.2 (pharos 5.8, tid 6.5); worst leg: CRVUSD"
USD Farms,frxUSD/msUSD,Ethereum,Curve DEX,7.781009999999999,7.9757,VERIFIED,7.726,curve-api (total),,High (1.4),"score 1.4; FRXUSD 6.2 (pharos 7.0, tid 5.5); MSUSD 2.4 (pharos 3.5, tid 1.5); worst leg: MSUSD; -1 pool 89% in msUSD"
USD Farms,reUSD/fxUSD,Ethereum,Curve DEX,7.77473,8.02116,VERIFIED,7.77,curve-api (total),,Med-High (4.1),"score 4.1; REUSD 4.6 (pharos 4.3, tid 5.0, yearn 4.2); FXUSD 5.5 (pharos 4.4, tid 4.5, yearn 8.5); worst leg: REUSD; -0.5 pool 76% in reUSD"
ETH Farms,alETH-WETH,Arbitrum,Curve DEX,7.758,6.84532,VERIFIED,7.773,curve-api (total),,High (1.0),score 1.0; WETH 9.0*; ALETH unrated 3.0; worst leg: ALETH; -1 tvl<1M; -1 pool 87% in alETH
USD Farms,Curve,Ethereum,Beefy,7.70618,7.71965,VERIFIED,8.139,curve-api (total),,Med-Low (6.4),"score 6.4; BOLD 7.4 (pharos 8.4, tid 6.5); LUSD 7.6 (pharos 7.6); worst leg: BOLD; -1 tvl<1M"
USD Farms,SENPYUSDPST,Ethereum,Morpho Blue,7.695269999999999,7.59458,VERIFIED,5.318,yieldz (base),,High (2.5),score 2.5; SENPYUSDPST 6.2 (pharos 6.2); allocation leg 3.0 (PST unrated@100%); allocation leg governs; -0.5 concentrated book 100%
USD Farms,FEUSDT0V2,Hyperliquid L1,Morpho Blue,7.60553,8.15432,VERIFIED,7.331,yieldz (base),,Med-Low (7.4),"score 7.4; allocation leg 7.4 (kHYPE 7.3@72%, WHYPE 9.5@14%, UBTC 4.1@7%, kHYPE 7.3@4%, UBTC 4.1@2%, WHYPE 9.5@0%)"
USD Farms,Curvance AUSD,Monad,Curvance,7.59431,7.66855,VERIFIED,5.785,curvance on-chain,,Med-High (4.7),"score 4.7; AUSD 7.3 (credora 9.0, pharos 7.3, tid 6.0); collateral leg 4.7 (savUSD 4.7@100%); collateral leg governs"
USD Farms,GTUSDT0,Hyperliquid L1,Morpho Blue,7.5658,8.13946,VERIFIED,7.794,on-chain (7d realized),,High,unrated: internal signals only
USD Farms,savUSD/USDC,Monad,Curvance,7.56154,7.36253,VERIFIED,5.762,curvance on-chain,,High (3.7),"score 3.7; USDC 8.5 (credora 9.5, pharos 8.8, tid 7.5); collateral leg 4.7 (savUSD 4.7@100%); collateral leg governs; -1 tvl<1M"
USD Farms,EVK Vault eAUSD-17,Monad,Euler V2,7.502590000000001,7.37128,VERIFIED,4.961,yieldz (base),,Med-High (5.8),"score 5.8; AUSD 7.3 (credora 9.0, pharos 7.3, tid 6.0); collateral leg 6.8 (PT-AUSD-8OCT2026→AUSD 6.8@100%); collateral leg governs; -1 util 93%"
USD Farms,mAPOLLO,Ethereum,Midas RWA,7.5,6.73571,VERIFIED,7.381,on-chain (7d realized),,Med-High,unrated: internal signals only
USD Farms,Felix USDT0,Hyperliquid L1,Morpho Blue,7.49797,8.12228,VERIFIED,7.798,on-chain (7d realized),,Med-High,unrated: internal signals only
USD Farms,Umbrella,Ethereum,Aave V3,7.439920000000001,5.86948,VERIFIED,5.638,yieldz (base),,Med-Low (6.1),"score 6.1; USDT 7.1 (credora 8.4, pharos 7.2, tid 6.0); pool collateral leg 8.4 (tBTC 9.0@42%, rETH 8.4@33%, weETH 7.0@12%, cbETH 8.3*@5%, LINK 8.0*@3%, XAUt 7.3@2%, AAVE 8.0*@1%, BTC.b 6.6@0%, LBTC 7.5*@0%); -1 util 95%"
USD Farms,apyUSD-apxUSD,Ethereum,Curve DEX,7.38,7.29,VERIFIED,7.077,on-chain (curve vp 7d),,High (2.8),"score 2.8; APYUSD 2.8 (pharos 1.4, tid 4.0); APXUSD 3.1 (pharos 2.4, tid 3.5, yearn 3.6); worst leg: APYUSD"
USD Farms,SYNUSD+,Ethereum,Lagoon,7.35259,7.60173,VERIFIED,8.427,on-chain (7d realized),,Med-High,unrated: internal signals only
USD Farms,mFONE,Ethereum,Midas RWA,7.34,7.49857,VERIFIED,7.31,on-chain (7d realized),,Low (8.4),score 8.4; MFONE 8.4 (credora 8.4)
USD Farms,MainMarket,Sui,Current,7.302200000000001,7.86916,VERIFIED,1.713,current-api,,Med-High (5.9),"score 5.9; USDC 8.5 (credora 9.5, pharos 8.8, tid 7.5); capped 5.9: collateral not visible"
USD Farms,USD3/frxUSD,Ethereum,Curve DEX,7.27871,8.48788,VERIFIED,5.196,curve-api (total),,Med-High (4.4),"score 4.4; FRXUSD 6.2 (pharos 7.0, tid 5.5); USD3 5.4 (credora 6.6, pharos 7.7, tid 3.5, yearn 4.2); worst leg: USD3; -1 pool 88% in frxUSD"
USD Farms,OnRe Market,Solana,Kamino Lend,7.20007,7.20026,VERIFIED,7.2,kamino-api,,Med-High (4.8),"score 4.8; USDG 7.7 (credora 9.0, pharos 7.2, tid 6.5, yearn 8.5); market reserves leg 5.8 (ONyc 4.5@67%, USDC 8.5@32%, USDC 8.5@1%, PT-ONyc-10JAN27→ONyc 4.0@0%, USDS 7.2@0%, PT-ONyc-10SEP26→ONyc 4.0@0%, USDC 8.5@0%, USDC 8.5@0%, AUSD 7.3@0%, USDC 8.5@0%); market reserves leg governs; -1 util 94%"
USD Farms,Steakhouse Confidential Prime USDC,Ethereum,Morpho Blue,7.19972,7.37108,VERIFIED,7.2,yieldz (base),,Med-High (5.9),"score 5.9; STEAKCUSDC 5.9 (pharos 5.9); allocation leg 9.0 (cbBTC 9.5@64%, wstETH 8.0@30%, WETH 9.0*@7%); credora vault A (psl 0.33%); worst leg: STEAKCUSDC"
USD Farms,CSUSDCCORE,Ethereum,Morpho Blue,7.1725,7.60731,VERIFIED,6.215,yieldz (base),,Med-High (4.2),"score 4.2; allocation leg 4.2 (PT-reUSD-10DEC2026→reUSD 4.1@34%, sUSN 4.9@27%, fxSAVE 4.0@24%, srRoyUSDC 3.4@14%, fxSAVE 4.0@1%, OETH 8.4@0%, mF-ONE 8.4@0%, reUSD 4.6@0%, AA_FalconXUSDC 5.0@0%)"
USD Farms,pyUSD/crvUSD,Ethereum,Convex Finance,7.13638,6.73906,VERIFIED,3.145,curve-api (total),,Med-High (4.9),"score 4.9; PYUSD 7.8 (credora 9.5, pharos 7.2, tid 7.0); CRVUSD 5.9 (pharos 7.0, tid 5.0); worst leg: CRVUSD; -1 tvl<1M"
USD Farms,USDT-USDE,Ethereum,Convex Finance,7.13001,5.93435,VERIFIED,2.806,curve-api (total),,Med-High (5.2),"score 5.2; USDT 7.1 (credora 8.4, pharos 7.2, tid 6.0); USDE 6.7 (credora 7.4, pharos 6.3, tid 6.5); worst leg: USDE; -1 tvl<1M; -0.5 pool 80% in USDe"
USD Farms,JRMM1USD,Ethereum,Strata Markets,7.1023,7.10238,VERIFIED,6.862,strata on-chain lens,,Med-High,unrated: internal signals only
USD Farms,Ember Y10K,Ethereum,Ember Protocol,7.07386,7.72326,VERIFIED,6.814,on-chain (7d realized),,Med-High (5.9),"score 5.9; USDC 8.5 (credora 9.5, pharos 8.8, tid 7.5); capped 5.9: allocation not visible"
USD Farms,DTUSDC,Base,Lagoon,7.05916,7.77514,VERIFIED,12.271,on-chain (7d realized),,High,unrated: internal signals only
USD Farms,frxUSD/trUSD,Ethereum,Curve DEX,7.05322,6.89413,VERIFIED,6.26,curve-api (total),,Med-High (5.3),"score 5.3; FRXUSD 6.2 (pharos 7.0, tid 5.5); TRUSD 5.3 (pharos 5.3); worst leg: TRUSD"
USD Farms,MainMarket,Sui,Current,7.034269999999999,7.13794,VERIFIED,3.068,current-api,,Med-High (5.1),score 5.1; USDSUI 5.1 (pharos 5.1)
USD Farms,PENDLEUSDC,Ethereum,Morpho Blue,7.00904,7.4742,VERIFIED,5.489,yieldz (base),,Med-High (4.6),"score 4.6; PENDLEUSDC 6.3 (pharos 6.3); allocation leg 4.6 (PT-reUSD-10DEC2026→reUSD 4.1@60%, PT-sUSDS-26NOV2026→sUSDS 5.1@26%, PT-sUSDE-26NOV2026→sUSDE 5.7@14%); allocation leg governs"
USD Farms,USD yVault,Ethereum,Yearn Finance,6.92187,7.17732,VERIFIED,5.784,ydaemon,,Med-High (5.5),"score 5.5; USDC 8.5 (credora 9.5, pharos 8.8, tid 7.5); strategy book leg 5.5 (Morpho Yearn OG USDC C[yearn og usdc] 4.6†@59%, USDC To sUSDS De~sUSDS 5.6†@9%, USDC to Grove US~USDS 7.2†@8%, Katana yvUSDC Co~yvUSDC 9.4†@8%, stcUSD/USDC Pawn~stcUSD 6.6†@7%, sUSDS Pendle PT ~sUSDS 5.6†@5%, USD3 Pendle PT M~USD3 5.4†@3%); strategy book leg governs"
USD Farms,M1 USDC,Ethereum,Morpho Blue,6.85582,6.92349,VERIFIED,6.838,yieldz (base),,High (2.5),"score 2.5; allocation leg 3.0 (mM1-USD unrated@100%, cbBTC 9.5@0%); -0.5 concentrated book 100%"
ETH Farms,osETH/rETH,Ethereum,Convex Finance,6.84145,6.9209,VERIFIED,2.217,on-chain (curve vp 7d),,Med-Low (7.8),score 7.8; OSETH 7.8*; RETH 8.4 (credora 8.4); worst leg: OSETH
USD Farms,CSAAUSD,Monad,Morpho Blue,6.83509,6.21051,VERIFIED,6.855,yieldz (base),,High (2.0),"score 2.0; allocation leg 3.0 (naccUSDC unrated@61%, YZM unrated@35%); -1 util 94%"
USD Farms,CSUSDC,Ethereum,Morpho Blue,6.77707,6.82532,VERIFIED,5.837,yieldz (base),,High (2.5),"score 2.5; allocation leg 3.0 (siUSD unrated@99%, iUSD 5.5@1%); -0.5 concentrated book 99%"
USD Farms,RESERVOIRUSDC,Ethereum,Morpho Blue,6.771570000000001,6.99744,VERIFIED,5.928,yieldz (base),,High (3.5),"score 3.5; allocation leg 4.3 (wsrUSD 4.3@90%, wsrUSD 4.3@0%); credora vault C (psl 13.25%); -0.5 concentrated book 90%"
USD Farms,MainMarket,Sui,Current,6.70824,6.75716,VERIFIED,2.464,current-api,,Med-High (5.9),"score 5.9; USDT 7.1 (credora 8.4, pharos 7.2, tid 6.0); -1 tvl<1M; capped 5.9: collateral not visible"
ETH Farms,Moo Aero msETH-ETH,Base,Beefy,6.7037,6.82298,VERIFIED,6.701,beefy-api,,High (2.0),score 2.0; WETH 9.0*; MSETH unrated 3.0; worst leg: MSETH; -1 tvl<1M
USD Farms,DUSD/frxUSD,Ethereum,Curve DEX,6.67622,6.82536,VERIFIED,6.715,curve-api (total),,Med-High (4.9),"score 4.9; FRXUSD 6.2 (pharos 7.0, tid 5.5); DUSD 4.9 (pharos 4.9, tid 5.0); worst leg: DUSD"
USD Farms,HYPERUSDCA,Ethereum,Morpho Blue,6.65418,6.83045,VERIFIED,4.769,yieldz (base+reward),,Med-High (4.1),"score 4.1; HYPERUSDCA 6.3 (pharos 6.3); allocation leg 4.1 (nvPRIME unrated@84%, cbBTC 9.5@16%); allocation leg governs"
USD Farms,BBQUSDC,Monad,Morpho Blue,6.644360000000001,6.362,VERIFIED,4,yieldz (base),,Med-High (4.9),"score 4.9; BBQUSDC 7.0 (pharos 7.0); allocation leg 5.9 (XAUt0 unrated@30%, PT-AUSD-8OCT2026→AUSD 6.8@30%, WMON 6.5*@30%, WBTC 9.5@11%, WETH 9.0*@0%); allocation leg governs; -1 tvl<1M"
USD Farms,Aave Plasma GHO,Plasma,Aave V3,6.61293,6.62244,VERIFIED,3.444,yieldz (base),,Med-High (6.0),"score 6.0; GHO 6.0 (credora 8.4, pharos 4.2, tid 5.5); pool collateral leg 7.1 (USDT0 7.1@100%)"
USD Farms,CRVUSD-USDT,OP Mainnet,Curve DEX,6.60839,4.9424,VERIFIED,6.577,curve-api (total),,Med-High (4.9),"score 4.9; CRVUSD 5.9 (pharos 7.0, tid 5.0); USDT 7.1 (credora 8.4, pharos 7.2, tid 6.0); worst leg: CRVUSD; -1 tvl<1M"
ETH Farms,BALANCERRETH-AAVEWETH,Base,Balancer V3,6.60278,7.04903,VERIFIED,4.917,merkl (reward APR),,High,unrated: internal signals only
USD Farms,ROXUSDCY,Ethereum,Morpho Blue,6.51782,7.35533,VERIFIED,6.385,yieldz (base),,High (3.1),"score 3.1; allocation leg 4.1 (PT-reUSD-10DEC2026→reUSD 4.1@53%, strUSD 4.8@28%, siUSD unrated@13%, PT-strUSD-26NOV2026→strUSD 4.3@1%, syrupUSDC 6.7@0%); -1 util 99%"
USD Farms,reUSD/sUSDe,Ethereum,Curve DEX,6.51,5.90143,VERIFIED,5.883,on-chain (curve vp 7d),,Med-High (4.1),"score 4.1; REUSD 4.6 (pharos 4.3, tid 5.0, yearn 4.2); SUSDE 6.2 (pharos 5.8, tid 6.5); worst leg: REUSD; -0.5 pool 83% in sUSDe"
USD Farms,DOLA/sUSDS,Ethereum,Convex Finance,6.382899999999999,6.67097,VERIFIED,2.919,curve-api (total),,High (4.0),"score 4.0; DOLA 4.5 (pharos 4.5, tid 4.5); SUSDS 5.6 (pharos 3.9, tid 7.0); worst leg: DOLA; -0.5 pool 77% in DOLA"
USD Farms,sUSDe/crvUSD,Ethereum,Curve DEX,6.32282,5.7689,VERIFIED,2.244,curve-api (total),,Med-High (4.9),"score 4.9; CRVUSD 5.9 (pharos 7.0, tid 5.0); SUSDE 6.2 (pharos 5.8, tid 6.5); worst leg: CRVUSD; -1 tvl<1M"
USD Farms,REECOUSDC,Ethereum,Morpho Blue,6.31631,6.81784,VERIFIED,6.118,yieldz (base),,Med-High (4.2),"score 4.2; allocation leg 4.2 (PT-reUSD-10DEC2026→reUSD 4.1@74%, reUSD 4.6@26%)"
USD Farms,K3 Capital Earn AUSD,Monad,Euler V2,6.21087,6.21071,VERIFIED,4.961,yieldz (base),,Med-High (5.8),"score 5.8; AUSD 7.3 (credora 9.0, pharos 7.3, tid 6.0); collateral leg 6.8 (PT-AUSD-8OCT2026→AUSD 6.8@100%); collateral leg governs; -1 util 93%"
USD Farms,evaUSDC/evaUSDT,Ethereum,Curve DEX,6.20938,6.37833,VERIFIED,6.246,curve-api (total),,Med-High,unrated: internal signals only
USD Farms,KUSDC,Ethereum,Morpho Blue,6.20556,6.69272,VERIFIED,5.676,yieldz (base),,Med-High (5.7),"score 5.7; allocation leg 5.7 (PT-reUSD-10DEC2026→reUSD 4.1@23%, cbBTC 9.5@22%, PT-USD3-17DEC2026→USD3 4.9@18%, USD3 5.4@16%, wFalconX unrated@15%, mF-ONE 8.4@4%, WBTC 9.5@1%, wstETH 8.0@1%, stUSDS 3.8@0%)"
ETH Farms,rETH Liquity LP Carry,Ethereum,Fusion by IPOR,6.1929,5.94281,VERIFIED,6.218,ipor-api,,Med-Low (7.6),"score 7.6; WETH 9.0*; allocation leg 7.6 (liquity-zapper 7.0†@67%, WETH 9.0*@27%, WETH 9.0*@4%, WETH 9.0*@0%, WETH 9.0*@0%); allocation leg governs"
USD Farms,Core,Avalanche,Aave V4,6.17756,6.17803,VERIFIED,6,merkl (reward APR),,Med-Low (7.1),"score 7.1; USDT 7.1 (credora 8.4, pharos 7.2, tid 6.0)"
USD Farms,HYPERUSDCA,Ethereum,Morpho Blue,6.15308,6.69218,VERIFIED,5.854,yieldz (base),,Med-High (4.8),"score 4.8; HYPERUSDCA 6.3 (pharos 6.3); allocation leg 5.8 (PT-reUSD-10DEC2026→reUSD 4.1@47%, cbBTC 9.5@20%, WBTC 9.5@7%, sUSDat 3.7@6%, mF-ONE 8.4@5%, PT-apyUSD-5NOV2026→apyUSD 2.3@4%, AA_FalconXUSDC 5.0@1%, reUSD 4.6@1%); allocation leg governs; -1 util 100%"
USD Farms,dUSD/sfrxUSD,Ethereum,Curve DEX,6.142329999999999,6.33036,VERIFIED,5.163,curve-api (total),,High (3.4),"score 3.4; DUSD 4.9 (pharos 4.9, tid 5.0); FRXUSD 6.2 (pharos 7.0, tid 5.5); worst leg: DUSD; -1 tvl<1M; -0.5 pool 80% in dUSD"
USD Farms,Core,Ethereum,Aave V4,6.14217,6.14278,VERIFIED,2.617,yieldz (base),,Med-Low (7.7),"score 7.7; USDG 7.7 (credora 9.0, pharos 7.2, tid 6.5, yearn 8.5)"
USD Farms,wsrUSD/AUSD,Monad,Curvance,6.11293,6.16364,VERIFIED,4.313,curvance on-chain,,Med-High (4.3),"score 4.3; AUSD 7.3 (credora 9.0, pharos 7.3, tid 6.0); collateral leg 4.3 (wsrUSD 4.3@100%); collateral leg governs"
USD Farms,wsrUSD/USDC,Monad,Curvance,6.0874,6.08593,VERIFIED,4.287,curvance on-chain,,Med-High (4.3),"score 4.3; USDC 8.5 (credora 9.5, pharos 8.8, tid 7.5); collateral leg 4.3 (wsrUSD 4.3@100%); collateral leg governs"
USD Farms,FRXUSD-SGHO,Ethereum,Convex Finance,6.034660000000001,7.7707,VERIFIED,3.119,on-chain (curve vp 7d),,Med-High (4.6),"score 4.6; FRXUSD 6.2 (pharos 7.0, tid 5.5); SGHO 5.6 (pharos 3.7, tid 5.5, yearn 8.0); worst leg: SGHO; -1 tvl<1M"
USD Farms,DOLA/sUSDe,Ethereum,Convex Finance,6.02272,6.42645,VERIFIED,2.716,curve-api (total),,Med-High (4.5),"score 4.5; DOLA 4.5 (pharos 4.5, tid 4.5); SUSDE 6.2 (pharos 5.8, tid 6.5); worst leg: DOLA"
USD Farms,Fluid Gho Token,Ethereum,Fluid Lending,6.02,6.35714,VERIFIED,7.24,yieldz (base+reward),,Med-High (4.6),"score 4.6; GHO 6.0 (credora 8.4, pharos 4.2, tid 5.5); collateral leg 4.6 (reUSD 4.6@100%); collateral leg governs"
USD Farms,mEDGE,Ethereum,Midas RWA,6.02,7.10571,VERIFIED,5.806,on-chain (7d realized),,Med-High,unrated: internal signals only
USD Farms,mEDGE,Monad,Midas RWA,6.02,7.10571,VERIFIED,4.389,on-chain (7d realized),,High,unrated: internal signals only
USD Farms,3pool,Monad,Curve DEX,6,6,VERIFIED,6,merkl (reward APR),,Med-Low (7.1),"score 7.1; AUSD 7.3 (credora 9.0, pharos 7.3, tid 6.0); USDC 8.5 (credora 9.5, pharos 8.8, tid 7.5); USDT 7.1 (credora 8.4, pharos 7.2, tid 6.0); worst leg: USDT"
USD Farms,Harvest USDC vault Base,Base,Fusion by IPOR,5.99706,5.80565,VERIFIED,6.034,ipor-api,,Med-Low (6.0),"score 6.0; USDC 8.5 (credora 9.5, pharos 8.8, tid 7.5); allocation leg 6.0 (harvest-erc4626 6.0†@80%, harvest-erc4626 6.0†@20%, USDC 8.5@0%, harvest-erc4626 6.0†@0%, harvest-erc4626 6.0†@0%, harvest-erc4626 6.0†@0%, harvest-erc4626 6.0†@0%, harvest-erc4626 6.0†@0%, harvest-erc4626 6.0†@0%, harvest-erc4626 6.0†@0%); allocation leg governs"
USD Farms,SENPYUSDMWIN,Ethereum,Morpho Blue,5.93591,6.1354,VERIFIED,0.796,yieldz (base),,High (2.5),score 2.5; SENPYUSDMWIN 4.7 (pharos 4.7); allocation leg 3.0 (mWIN unrated@100%); allocation leg governs; -0.5 concentrated book 100%
USD Farms,SENPYUSDPRIMEV2,Ethereum,Morpho Blue,5.93483,6.55934,VERIFIED,3.644,yieldz (base),,High (1.5),score 1.5; SENPYUSDPRIMEV2 6.1 (pharos 6.1); allocation leg 3.0 (PRIME unrated@100%); allocation leg governs; -1 util 97%; -0.5 concentrated book 100%
USD Farms,Fluid Gho Token,Plasma,Fluid Lending,5.93,7.48143,VERIFIED,6.22,yieldz (base+reward),,Med-High (4.9),"score 4.9; GHO 6.0 (credora 8.4, pharos 4.2, tid 5.5); collateral leg 4.9 (sUSDai 4.9@100%); collateral leg governs"
USD Farms,SATUSDC,Ethereum,Morpho Blue,5.92363,6.5597,VERIFIED,5.686,yieldz (base),,High (2.1),"score 2.1; allocation leg 4.1 (PT-USDat-14JAN2027→USDat 4.8@44%, sUSDat 3.7@34%, PT-sUSDat-14JAN2027→sUSDat 3.2@22%); -1 tvl<1M; -1 util 97%"
USD Farms,GHO/crvUSD,Ethereum,Convex Finance,5.91677,6.13533,VERIFIED,3.262,curve-api (total),,Med-High (5.9),"score 5.9; GHO 6.0 (credora 8.4, pharos 4.2, tid 5.5); CRVUSD 5.9 (pharos 7.0, tid 5.0); worst leg: CRVUSD"
USD Farms,AUTO Market,Solana,Kamino Lend,5.90699,5.95946,VERIFIED,5.904,kamino-api,,High (2.1),"score 2.1; USDC 8.5 (credora 9.5, pharos 8.8, tid 7.5); market reserves leg 4.1 (AUTO unrated@60%, wYLDS 5.5@18%, wYLDS 5.5@9%, wYLDS 5.5@9%, PYUSD 7.8@4%, wYLDS 5.5@0%); market reserves leg governs; -1 tvl<1M; -1 util 95%"
USD Farms,YZCASH,Ethereum,Yuzu Money,5.8967,5.89878,VERIFIED,5.732,on-chain (7d realized),,Med-High,unrated: internal signals only
USD Farms,crvUSD/frxUSD,Ethereum,Convex Finance,5.859909999999999,6.26841,VERIFIED,3.195,curve-api (total),,Med-High (5.9),"score 5.9; FRXUSD 6.2 (pharos 7.0, tid 5.5); CRVUSD 5.9 (pharos 7.0, tid 5.0); worst leg: CRVUSD"
USD Farms,Aave Monad mUSD,Monad,Aave V3,5.85463,5.85821,VERIFIED,3.042,yieldz (base),,Med-High (5.6),"score 5.6; MUSD 5.6 (pharos 5.7, yearn 5.6); pool collateral leg 8.1 (USDC 8.5@68%, USDT0 7.1@20%, GHO 6.0@8%, WETH 9.0*@3%, cbBTC 9.5@0%)"
USD Farms,JRPRIME,Ethereum,Strata Markets,5.84934,5.72893,VERIFIED,5.685,strata on-chain lens,,High,unrated: internal signals only
USD Farms,Aave Monad AUSD,Monad,Aave V3,5.844670000000001,5.83727,VERIFIED,3.365,yieldz (base),,Med-Low (7.3),"score 7.3; AUSD 7.3 (credora 9.0, pharos 7.3, tid 6.0); pool collateral leg 8.1 (USDC 8.5@68%, USDT0 7.1@20%, GHO 6.0@8%, WETH 9.0*@3%, cbBTC 9.5@0%)"
USD Farms,USDC-USDBC-AXLUSDC-CRVUSD,Base,Curve DEX,5.84445,5.98873,VERIFIED,5.797,curve-api (total),,High (2.0),"score 2.0; USDC 8.5 (credora 9.5, pharos 8.8, tid 7.5); CRVUSD 5.9 (pharos 7.0, tid 5.0); USDBC unrated 3.0; AXLUSDC unrated 3.0; worst leg: USDBC; -1 tvl<1M"
USD Farms,USDT,Ethereum,Aave V3,5.83992,4.26948,VERIFIED,5.638,yieldz (base),,Med-Low (6.1),"score 6.1; USDT 7.1 (credora 8.4, pharos 7.2, tid 6.0); pool collateral leg 8.4 (tBTC 9.0@42%, rETH 8.4@33%, weETH 7.0@12%, cbETH 8.3*@5%, LINK 8.0*@3%, XAUt 7.3@2%, AAVE 8.0*@1%, BTC.b 6.6@0%, LBTC 7.5*@0%); -1 util 95%"
USD Farms,OnRe Market,Solana,Kamino Lend,5.82618,6.04711,VERIFIED,5.795,kamino-api,,Med-High (4.9),"score 4.9; USDC 8.5 (credora 9.5, pharos 8.8, tid 7.5); market reserves leg 4.9 (ONyc 4.5@86%, USDG 7.7@13%, PT-ONyc-10JAN27→ONyc 4.0@1%, USDS 7.2@0%, PT-ONyc-10SEP26→ONyc 4.0@0%, AUSD 7.3@0%, USDT 7.1@0%); market reserves leg governs"
USD Farms,CSCBUSDC,Base,Morpho Blue,5.82338,5.83525,VERIFIED,4.008,yieldz (base),,Med-Low (6.3),"score 6.3; CSCBUSDC 6.3 (pharos 6.3); allocation leg 9.1 (cbBTC 9.5@61%, SOL 8.5*@18%, JitoSOL 8.0*@9%, cbETH 8.3*@2%); credora vault A (psl 0.18%); worst leg: CSCBUSDC"
USD Farms,Aave Monad USDT0,Monad,Aave V3,5.81913,5.81956,VERIFIED,4.075,yieldz (base),,Med-Low (7.1),"score 7.1; USDT 7.1 (credora 8.4, pharos 7.2, tid 6.0); pool collateral leg 8.3 (USDC 8.5@86%, GHO 6.0@10%, WETH 9.0*@4%, cbBTC 9.5@0%)"
USD Farms,USDC,Monad,Aave V3,5.81679,5.81558,VERIFIED,4.173,yieldz (base),,Med-Low (7.0),"score 7.0; USDC 8.5 (credora 9.5, pharos 8.8, tid 7.5); pool collateral leg 7.0 (USDT0 7.1@65%, GHO 6.0@26%, WETH 9.0*@9%, cbBTC 9.5@1%); pool collateral leg governs"
USD Farms,IPOR USDC Lending Optimizer Ethereum,Ethereum,Fusion by IPOR,5.80408,5.21136,VERIFIED,4.836,ipor-api,,Med-Low (7.3),"score 7.3; USDC 8.5 (credora 9.5, pharos 8.8, tid 7.5); allocation leg 8.3 (aave-v3 8.5†@86%, euler?0x797dd8 6.0†@10%, USDC 8.5@4%, WBTC 9.5@0%); allocation leg governs; -1 tvl<1M"
USD Farms,Curve.fi Factory Plain Pool: crvUSD/USDC,Ethereum,Convex Finance,5.784800000000001,6.12967,VERIFIED,2.702,curve-api (total),,Med-High (5.9),"score 5.9; USDC 8.5 (credora 9.5, pharos 8.8, tid 7.5); CRVUSD 5.9 (pharos 7.0, tid 5.0); worst leg: CRVUSD"
USD Farms,Curve.fi Factory Plain Pool: crvUSD/USDT,Ethereum,Convex Finance,5.76679,6.08178,VERIFIED,2.676,curve-api (total),,Med-High (5.9),"score 5.9; USDT 7.1 (credora 8.4, pharos 7.2, tid 6.0); CRVUSD 5.9 (pharos 7.0, tid 5.0); worst leg: CRVUSD"
USD Farms,APXUSD-USDC,Ethereum,Curve DEX,5.73,4.09857,VERIFIED,3.945,on-chain (curve vp 7d),,High (3.1),"score 3.1; APXUSD 3.1 (pharos 2.4, tid 3.5, yearn 3.6); USDC 8.5 (credora 9.5, pharos 8.8, tid 7.5); worst leg: APXUSD"
USD Farms,STRUSD-TRUSD,Ethereum,Curve DEX,5.71,5.74143,VERIFIED,5.719,on-chain (curve vp 7d),,Med-High (4.8),score 4.8; STRUSD 4.8 (pharos 4.8); TRUSD 5.3 (pharos 5.3); worst leg: STRUSD
USD Farms,EARNAUSD,Monad,Upshift,5.6803,6.28437,VERIFIED,6.829,on-chain (7d realized),,Med-High,unrated: internal signals only
USD Farms,SIRLOINUSDC,Base,Morpho Blue,5.6165,5.65894,VERIFIED,2.912,yieldz (base),,Med-Low (6.2),"score 6.2; SIRLOINUSDC 6.2 (pharos 6.2); allocation leg 6.9 (USDe 6.7@84%, cbBTC 9.5@5%, cbETH 8.3*@0%); credora vault B+ (psl 1.18%); worst leg: SIRLOINUSDC"
USD Farms,Apyx apxUSD,Ethereum,Morpho Blue,5.56754,9.36655,VERIFIED,5.496,yieldz (base),,High (0.8),"score 0.8; allocation leg 2.3 (PT-apyUSD-5NOV2026→apyUSD 2.3@95%, apyUSD 2.8@5%, PT-apyUSD-18JUN2026→apyUSD 2.3@0%, PT-apxUSD-5NOV2026→apxUSD 2.6@0%); -1 util 100%; -0.5 concentrated book 95%"
USD Farms,HUMAUSDC,Ethereum,Morpho Blue,5.56536,5.82816,VERIFIED,5.697,yieldz (base),,High (2.5),score 2.5; allocation leg 3.0 (PST unrated@100%); -0.5 concentrated book 100%
USD Farms,Convex,Ethereum,Beefy,5.55835,5.79995,VERIFIED,5.59,beefy-api,,Med-High (4.9),"score 4.9; GHO 6.0 (credora 8.4, pharos 4.2, tid 5.5); CRVUSD 5.9 (pharos 7.0, tid 5.0); worst leg: CRVUSD; -1 tvl<1M"
USD Farms,SENRLUSDV2,Ethereum,Morpho Blue,5.52855,5.93662,VERIFIED,3.008,yieldz (base),,Med-Low (6.1),"score 6.1; SENRLUSDV2 6.1 (pharos 6.1); allocation leg 8.2 (kBTC 9.0@56%, weETH 7.0@25%, USDe 6.7@12%, cbBTC 9.5@3%, syrupUSDC 6.7@1%, wstETH 8.0@0%, WBTC 9.5@0%, WETH 9.0*@0%, PT-sUSDE-13AUG2026→sUSDE 5.7@0%)"
USD Farms,BBQUSDC,Ethereum,Morpho Blue,5.49906,5.64161,VERIFIED,5.329,yieldz (base),,Med-High (5.5),"score 5.5; BBQUSDC 7.0 (pharos 7.0); allocation leg 5.5 (mF-ONE 8.4@33%, wFalconX unrated@32%, PT-reUSD-10DEC2026→reUSD 4.1@21%, weETH 7.0@8%, reUSD 4.6@4%, weETH 7.0@1%, PT-srUSDe-2APR2026→srUSDe 6.2@0%); allocation leg governs"
USD Farms,alUSD/frxUSD,Ethereum,Curve DEX,5.49298,5.36045,VERIFIED,5.083,curve-api (total),,High (2.1),"score 2.1; ALUSD 3.1 (pharos 3.1); FRXUSD 6.2 (pharos 7.0, tid 5.5); worst leg: ALUSD; -1 pool 91% in alUSD"
USD Farms,USD3-SCRVUSD,Ethereum,Curve DEX,5.48666,6.2682,VERIFIED,4,curve-api (total),,Med-High (4.4),"score 4.4; USD3 5.4 (credora 6.6, pharos 7.7, tid 3.5, yearn 4.2); CRVUSD 5.9 (pharos 7.0, tid 5.0); worst leg: USD3; -1 tvl<1M"
USD Farms,Core,Ethereum,Aave V4,5.46725,5.46786,VERIFIED,2.589,yieldz (base),,Med-Low (6.2),"score 6.2; FRXUSD 6.2 (pharos 7.0, tid 5.5)"
USD Farms,alUSD/sDOLA,Ethereum,Convex Finance,5.44705,5.37329,VERIFIED,2.845,curve-api (total),,High (1.1),"score 1.1; SDOLA 4.4 (pharos 4.3, tid 4.5); ALUSD 3.1 (pharos 3.1); worst leg: ALUSD; -1 tvl<1M; -1 pool 89% in alUSD"
USD Farms,SIGMAUSDC,Ethereum,Lagoon,5.44049,5.46572,VERIFIED,5.415,on-chain (7d realized),,High,unrated: internal signals only
USD Farms,GTUSDCF,Base,Morpho Blue,5.4345,5.38175,VERIFIED,5.375,yieldz (base),,Med-High (4.8),"score 4.8; allocation leg 4.8 (cbXRP unrated@44%, SOL 8.5*@19%, cbADA unrated@17%, JitoSOL 8.0*@12%, WETH 9.0*@0%, LBTC 7.5*@0%, cbBTC 9.5@0%, wstETH 8.0@0%)"
USD Farms,TAU InfiniFi Pointsmax,Ethereum,Fusion by IPOR,5.40741,6.08584,VERIFIED,5.407,ipor-api,,High (2.5),"score 2.5; USDC 8.5 (credora 9.5, pharos 8.8, tid 7.5); allocation leg 3.0 (siUSD unrated@100%); allocation leg governs; -0.5 concentrated book 100%"
USD Farms,INFINIFIUSDC,Ethereum,Morpho Blue,5.39818,6.05169,VERIFIED,5.837,yieldz (base),,High (2.5),"score 2.5; allocation leg 3.0 (siUSD unrated@99%, iUSD 5.5@1%); -0.5 concentrated book 99%"
USD Farms,Plus,Ethereum,Aave V4,5.39148,5.42884,VERIFIED,0.153,yieldz (base),,Med-Low (6.7),"score 6.7; USDE 6.7 (credora 7.4, pharos 6.3, tid 6.5); pool collateral leg 8.5 (tBTC 9.0@44%, rETH 8.4@34%, weETH 7.0@13%, cbETH 8.3*@5%, AAVE 8.0*@1%, BTC.b 6.6@0%, LBTC 7.5*@0%, wstETH 8.0@0%, syrupUSDT 6.1@0%)"
ETH Farms,Base cbETH Loooper,Base,Fusion by IPOR,5.37692,5.07013,VERIFIED,5.376,ipor-api,,Med-High (5.9),score 5.9; WETH 9.0*; -1 leveraged strategy; capped 5.9: allocation not visible
USD Farms,crvUSD-2 yVault,Ethereum,Yearn Finance,5.3533,5.43961,VERIFIED,5.35,ydaemon,,Med-High (5.3),"score 5.3; CRVUSD 5.9 (pharos 7.0, tid 5.0); strategy book leg 5.3 (Curve Boosted cr~crvUSD 5.9†@33%, Curve Boosted cr~sreUSD 3.0†@29%, Curve Boosted crvUSD-s[pusdc] 9.5†@12%, Curve Boosted cr~crvUSD 5.9†@9%, Curve Boosted cr~sDOLA 4.4†@6%, Curve Boosted cr~fxSAVE 4.0†@4%, Curve Boosted cr~crvUSD 5.9†@4%, Convex crvUSD-fx~fxSAVE 4.0†@2%); strategy book leg governs"
USD Farms,CRVUSD-USDC,OP Mainnet,Curve DEX,5.30061,5.53457,VERIFIED,5.211,curve-api (total),,Med-High (4.9),"score 4.9; CRVUSD 5.9 (pharos 7.0, tid 5.0); USDC 8.5 (credora 9.5, pharos 8.8, tid 7.5); worst leg: CRVUSD; -1 tvl<1M"
USD Farms,SENPYUSDMAIN,Ethereum,Morpho Blue,5.29949,6.03288,VERIFIED,2.45,yieldz (base),,Med-Low (6.1),"score 6.1; SENPYUSDMAIN 6.1 (pharos 6.1); allocation leg 7.6 (kBTC 9.0@44%, sUSDe 6.2@28%, syrupUSDC 6.7@18%, weETH 7.0@9%, cbBTC 9.5@0%, WBTC 9.5@0%, wstETH 8.0@0%, LBTC 7.5*@0%, WETH 9.0*@0%)"
USD Farms,SDUSDCV2,Ethereum,Morpho Blue,5.29349,5.19347,VERIFIED,5.037,yieldz (base),,Med-Low (6.9),"score 6.9; allocation leg 8.4 (mF-ONE 8.4@100%, sDOLA 4.4@0%); -1 tvl<1M; -0.5 concentrated book 100%"
USD Farms,Fluid USDT0,Plasma,Fluid Lending,5.29,4.97286,VERIFIED,5.962,yieldz (base),,High (3.0),"score 3.0; USDT 7.1 (credora 8.4, pharos 7.2, tid 6.0); collateral leg 3.0 (sUSDai-USDT0 unrated@100%); collateral leg governs"
USD Farms,ARMUSDCS,Ethereum,Morpho Blue,5.27942,5.45156,VERIFIED,5.198,yieldz (base),,Med-Low (6.3),"score 6.3; ARMUSDCS 6.3 (pharos 6.3); allocation leg 8.0 (cbBTC 9.5@47%, PT-reUSD-10DEC2026→reUSD 4.1@21%, WBTC 9.5@15%, wstETH 8.0@5%, PT-USDat-14JAN2027→USDat 4.8@3%, PT-USDG-24SEP2026→USDG 7.2@0%)"
USD Farms,Aave,Monad,Beefy,5.27792,7.43414,VERIFIED,5.28,beefy-api,,Med-Low (6.1),"score 6.1; USDT 7.1 (credora 8.4, pharos 7.2, tid 6.0); -1 tvl<1M"
USD Farms,K3USDC,Base,Morpho Blue,5.25478,4.56483,VERIFIED,5.234,yieldz (base),,High (2.5),"score 2.5; allocation leg 3.0 (cbXRP unrated@94%, cbBTC 9.5@0%); -0.5 concentrated book 94%"
USD Farms,BBQUSDC,Ethereum,Morpho Blue,5.2327,5.39084,VERIFIED,5.928,yieldz (base),,High (3.5),"score 3.5; BBQUSDC 7.0 (pharos 7.0); allocation leg 4.3 (wsrUSD 4.3@90%, wsrUSD 4.3@0%); credora vault C (psl 13.25%); worst leg: CREDORA-VAULT; -0.5 concentrated book 90%"
USD Farms,ZCHF/CRVUSD,Ethereum,Curve DEX,5.150589999999999,5.43165,VERIFIED,5.081,curve-api (total),,High (2.7),"score 2.7; CRVUSD 5.9 (pharos 7.0, tid 5.0); ZCHF 4.2 (pharos 4.4, tid 4.0); worst leg: ZCHF; -1 tvl<1M; -0.5 pool 78% in ZCHF"
USD Farms,K3USDC,Hyperliquid L1,Morpho Blue,5.15037,4.42051,VERIFIED,5.483,yieldz (base),,Low (9.0),"score 9.0; allocation leg 9.5 (WHYPE 9.5@100%, WHYPE 9.5@0%); -0.5 concentrated book 100%"
USD Farms,Obligate Market,Solana,Kamino Lend,5.14981,5.18235,VERIFIED,5.15,kamino-api,,High (2.0),"score 2.0; USDC 8.5 (credora 9.5, pharos 8.8, tid 7.5); market reserves leg 3.0 (oTFY unrated@100%); market reserves leg governs; -1 tvl<1M"
USD Farms,Global Dollar,Ethereum,Aave V4,5.14564,5.26675,VERIFIED,2.617,yieldz (base),,Med-Low (7.7),"score 7.7; USDG 7.7 (credora 9.0, pharos 7.2, tid 6.5, yearn 8.5)"
USD Farms,BBQUSDC,Base,Morpho Blue,5.10451,5.08031,VERIFIED,5.057,yieldz (base),,High (3.4),"score 3.4; BBQUSDC 7.0 (pharos 7.0); allocation leg 3.4 (cbXRP unrated@56%, mGLO unrated@22%, cbBTC 9.5@5%, WETH 9.0*@1%, deSPXA 6.6@0%); credora vault B+ (psl 0.85%); worst leg: BBQUSDC; allocation leg governs"
ETH Farms,RETH-WAETHWETH,Ethereum,Balancer V3,5.08127,5.17918,VERIFIED,3.427,merkl (reward APR),,High (3.0),score 3.0; RETH 8.4 (credora 8.4); WAETHWETH unrated 3.0; worst leg: WAETHWETH
USD Farms,STEAKPYUSD,Ethereum,Morpho Blue,5.07936,5.55945,VERIFIED,5.034,yieldz (base),,Med-Low (7.2),"score 7.2; allocation leg 8.2 (wstETH 8.0@45%, PAXG 8.1@42%, WBTC 9.5@13%); -1 tvl<1M"
USD Farms,Curve.fi Strategic USD Reserves,Ethereum,Convex Finance,5.05276,5.25509,VERIFIED,2.41,curve-api (total),,Med-Low (7.1),"score 7.1; USDC 8.5 (credora 9.5, pharos 8.8, tid 7.5); USDT 7.1 (credora 8.4, pharos 7.2, tid 6.0); worst leg: USDT"
USD Farms,BBQUSDC,Base,Morpho Blue,5.03429,5.15271,VERIFIED,4.187,yieldz (base),,Med-Low (6.5),score 6.5; BBQUSDC 7.0 (pharos 7.0); allocation leg 9.5 (cbBTC 9.5@100%); -0.5 concentrated book 100%
USD Farms,GTDAICORE,Ethereum,Morpho Blue,5.01304,4.69515,VERIFIED,4.772,on-chain (7d realized),,Med-High,unrated: internal signals only
USD Farms,USUALUSDC+,Ethereum,Morpho Blue,5.012,5.34786,VERIFIED,6.215,yieldz (base),,Med-High (4.2),"score 4.2; allocation leg 4.2 (PT-reUSD-10DEC2026→reUSD 4.1@34%, sUSN 4.9@27%, fxSAVE 4.0@24%, srRoyUSDC 3.4@14%, fxSAVE 4.0@1%, OETH 8.4@0%, mF-ONE 8.4@0%, reUSD 4.6@0%, AA_FalconXUSDC 5.0@0%)"
ETH Farms,RE7WETH,OP Mainnet,Morpho Blue,5.00328,5.06167,VERIFIED,1.009,yieldz (base),,Med-Low (7.5),score 7.5; allocation leg 8.0 (wstETH 8.0@100%); -0.5 concentrated book 100%
USD Farms,GTUSDCC,Hyperliquid L1,Morpho Blue,4.98695,4.2643,VERIFIED,5.483,yieldz (base),,Low (9.0),"score 9.0; allocation leg 9.5 (WHYPE 9.5@100%, WHYPE 9.5@0%); -0.5 concentrated book 100%"
USD Farms,Huma Market,Solana,Kamino Lend,4.98393,5.42627,VERIFIED,5.035,kamino-api,,High (3.0),"score 3.0; USDC 8.5 (credora 9.5, pharos 8.8, tid 7.5); market reserves leg 3.0 (PST unrated@100%, USDS 7.2@0%, USDG 7.7@0%); market reserves leg governs"
USD Farms,SRNUSD,Ethereum,Strata Markets,4.97845,5.00514,VERIFIED,4.859,strata on-chain lens,,High (2.7),"score 2.7; NUSD 3.2 (credora 1.5, pharos 4.8); -1 tvl<1M; +0.5 senior tranche buffer"
USD Farms,Aave Plasma sUSDe,Plasma,Aave V3,4.97821,4.97821,VERIFIED,4.971,yieldz (base+intrinsic),,Med-Low (6.2),"score 6.2; SUSDE 6.2 (pharos 5.8, tid 6.5); pool collateral leg 7.1 (USDT0 7.1@100%)"
USD Farms,SUSDE,Ethereum,Aave V3,4.97821,4.97821,VERIFIED,4.971,yieldz (base+intrinsic),,Med-Low (6.2),"score 6.2; SUSDE 6.2 (pharos 5.8, tid 6.5); pool collateral leg 8.5 (tBTC 9.0@44%, rETH 8.4@34%, weETH 7.0@13%, cbETH 8.3*@5%, AAVE 8.0*@1%, BTC.b 6.6@0%, LBTC 7.5*@0%, wstETH 8.0@0%, syrupUSDT 6.1@0%)"
USD Farms,Aave Mantle sUSDe,Mantle,Aave V3,4.97821,4.97821,VERIFIED,4.971,yieldz (base+intrinsic),,Med-Low (6.2),"score 6.2; SUSDE 6.2 (pharos 5.8, tid 6.5)"
USD Farms,SRMM1USD,Ethereum,Strata Markets,4.96981,4.96979,VERIFIED,4.851,strata on-chain lens,,High,unrated: internal signals only
USD Farms,EVK Vault eAUSD-20,Monad,Euler V2,4.96087,4.96071,VERIFIED,4.961,yieldz (base),,Med-High (5.8),"score 5.8; AUSD 7.3 (credora 9.0, pharos 7.3, tid 6.0); collateral leg 6.8 (PT-AUSD-8OCT2026→AUSD 6.8@100%); collateral leg governs; -1 util 93%"
USD Farms,SKYMONEYUSDSFLAGSHIP,Ethereum,Morpho Blue,4.95859,4.99787,VERIFIED,0.753,yieldz (base),,High (3.4),"score 3.4; SKYMONEYUSDSFLAGSHIP 3.4 (pharos 3.4); allocation leg 7.2 (PT-sUSDS-26NOV2026→sUSDS 5.1@47%, cbBTC 9.5@36%, wstETH 8.0@17%)"
USD Farms,FEUSDCV2,Hyperliquid L1,Morpho Blue,4.9135,4.21732,VERIFIED,6.374,yieldz (base),,Med-Low (7.6),"score 7.6; allocation leg 7.6 (kHYPE 7.3@85%, WHYPE 9.5@14%, UBTC 4.1@1%, WHYPE 9.5@0%, kHYPE 7.3@0%, PT-kHYPE-24SEP2026→kHYPE 6.8@0%)"
USD Farms,BBQAUSD,Ethereum,Morpho Blue,4.89506,3.84685,VERIFIED,3.813,yieldz (base),,Med-High (5.5),"score 5.5; allocation leg 6.5 (syrupUSDC 6.7@89%, reUSD 4.6@11%, wstETH 8.0@0%, AA_FalconXUSDC 5.0@0%, wsrUSD 4.3@0%, sUSDe 6.2@0%, weETH 7.0@0%, WETH 9.0*@0%, cbBTC 9.5@0%); -1 tvl<1M"
ETH Farms,Aerodrome,Base,Beefy,4.89125,4.97589,VERIFIED,4.889,beefy-api,,Med-Low (6.4),score 6.4; WETH 9.0*; BSDETH 7.4 (credora 7.4); worst leg: BSDETH; -1 tvl<1M
USD Farms,9SEURC,Ethereum,Lagoon,4.87658,4.51003,VERIFIED,4.859,on-chain (7d realized),,High,unrated: internal signals only
USD Farms,FEUSDC,Hyperliquid L1,Morpho Blue,4.87477,4.18234,VERIFIED,5.483,yieldz (base),,Low (9.0),"score 9.0; allocation leg 9.5 (WHYPE 9.5@100%, WHYPE 9.5@0%); -0.5 concentrated book 100%"
USD Farms,sDAI/sUSDe,Ethereum,Curve DEX,4.87,4.28286,VERIFIED,4.319,on-chain (curve vp 7d),,Med-High (5.2),"score 5.2; SDAI 5.2 (pharos 5.2); SUSDE 6.2 (pharos 5.8, tid 6.5); worst leg: SDAI"
USD Farms,Aave Horizon Market,Ethereum,Aave V3,4.85356,5.30765,VERIFIED,3.792,yieldz (base),,Med-Low (6.4),"score 6.4; USDC 8.5 (credora 9.5, pharos 8.8, tid 7.5); pool collateral leg 8.4 (tBTC 9.0@42%, rETH 8.4@33%, weETH 7.0@12%, cbETH 8.3*@5%, LINK 8.0*@3%, XAUt 7.3@2%, AAVE 8.0*@1%, BTC.b 6.6@0%, LBTC 7.5*@0%); pool collateral leg governs; -1 tvl<1M; -1 util 94%"
USD Farms,ETHENAUSDC,Base,Morpho Blue,4.84978,4.88577,VERIFIED,4.815,yieldz (base),,Med-High (4.1),"score 4.1; ETHENAUSDC 5.1 (pharos 5.1); allocation leg 5.6 (cbXRP unrated@59%, cbBTC 9.5@40%, USDe 6.7@0%, cbETH 8.3*@0%); credora vault A (psl 0.34%); worst leg: ETHENAUSDC; -1 util 100%"
USD Farms,ARMUSDTS,Ethereum,Morpho Blue,4.82419,4.93473,VERIFIED,4.844,yieldz (base),,Med-Low (6.1),"score 6.1; allocation leg 6.1 (wstETH 8.0@31%, v-wmtUSDT unrated@29%, PT-reUSD-10DEC2026→reUSD 4.1@16%, WBTC 9.5@14%, cbBTC 9.5@5%, PT-USDat-14JAN2027→USDat 4.8@3%, XAUt 7.3@1%)"
USD Farms,Moo Curve USDS-stUSDS,Ethereum,Beefy,4.81306,4.9479,VERIFIED,4.823,beefy-api,,High (3.8),"score 3.8; USDS 7.2 (credora 8.4, pharos 4.4, tid 7.0, yearn 9.6); STUSDS 3.8 (pharos 3.8); worst leg: STUSDS"
USD Farms,GUSDCE,Ethereum,Morpho Blue,4.8127,4.78214,VERIFIED,4.89,yieldz (base),,Med-High (5.5),"score 5.5; allocation leg 5.5 (PST unrated@39%, cbBTC 9.5@28%, reUSD 4.6@26%, LBTC 7.5*@5%, PT-USDat-14JAN2027→USDat 4.8@1%)"
ETH Farms,Aura,Ethereum,Beefy,4.80297,4.90433,VERIFIED,4.936,beefy-api,,High (2.0),score 2.0; RETH 8.4 (credora 8.4); WAETHWETH unrated 3.0; worst leg: WAETHWETH; -1 tvl<1M
USD Farms,JLP Market,Solana,Kamino Lend,4.79274,4.77623,VERIFIED,4.81,kamino-api,,High (3.1),"score 3.1; PYUSD 7.8 (credora 9.5, pharos 7.2, tid 7.0); market reserves leg 4.1 (AUTO unrated@60%, wYLDS 5.5@18%, wYLDS 5.5@9%, wYLDS 5.5@9%, USDC 8.5@4%, wYLDS 5.5@0%); market reserves leg governs; -1 tvl<1M"
USD Farms,FRAX-USDC,Ethereum,Curve DEX,4.77298,4.81546,VERIFIED,4.57,curve-api (total),,High (2.9),"score 2.9; FRAX 3.9 (pharos 5.6, tid 2.5); USDC 8.5 (credora 9.5, pharos 8.8, tid 7.5); worst leg: FRAX; -1 pool 90% in FRAX"
USD Farms,USDE,Base,Morpho Blue,4.75,4.78571,VERIFIED,4.328,on-chain (7d realized),,Med-Low (6.7),"score 6.7; USDE 6.7 (credora 7.4, pharos 6.3, tid 6.5); credora vault A (psl 0.15%); worst leg: USDE"
USD Farms,BOLD-AVUSD,Ethereum,Curve DEX,4.71329,4.77029,VERIFIED,4.641,curve-api (total),,Med-High (4.2),"score 4.2; BOLD 7.4 (pharos 8.4, tid 6.5); AVUSD 5.2 (credora 5.8, pharos 5.3, tid 4.5); worst leg: AVUSD; -1 tvl<1M"
USD Farms,USDC/USDf,Ethereum,Curve DEX,4.708889999999999,4.40816,VERIFIED,4.053,curve-api (total),,High (3.6),"score 3.6; USDC 8.5 (credora 9.5, pharos 8.8, tid 7.5); USDF 4.1 (credora 3.2, pharos 5.0); worst leg: USDF; -0.5 pool 81% in USDf"
USD Farms,USDT0,Plasma,Aave V3,4.67615,5.02325,VERIFIED,3.934,yieldz (base),,High (2.0),"score 2.0; USDT 7.1 (credora 8.4, pharos 7.2, tid 6.0); pool collateral leg 3.0 (WXPL unrated@100%); pool collateral leg governs; -1 util 93%"
USD Farms,avUSD/frxUSD,Ethereum,Curve DEX,4.67474,4.78025,VERIFIED,4.682,curve-api (total),,Med-High (4.2),"score 4.2; FRXUSD 6.2 (pharos 7.0, tid 5.5); AVUSD 5.2 (credora 5.8, pharos 5.3, tid 4.5); worst leg: AVUSD; -1 tvl<1M"
USD Farms,Prime,Ethereum,Aave V4,4.63018,3.87069,VERIFIED,5.638,yieldz (base),,Med-High (5.1),"score 5.1; USDT 7.1 (credora 8.4, pharos 7.2, tid 6.0); pool collateral leg 8.4 (tBTC 9.0@42%, rETH 8.4@33%, weETH 7.0@12%, cbETH 8.3*@5%, LINK 8.0*@3%, XAUt 7.3@2%, AAVE 8.0*@1%, BTC.b 6.6@0%, LBTC 7.5*@0%); -1 tvl<1M; -1 util 95%"
USD Farms,xStocks Market,Solana,Kamino Lend,4.62949,4.89208,VERIFIED,5.115,kamino-api,,High (2.2),"score 2.2; USDC 8.5 (credora 9.5, pharos 8.8, tid 7.5); market reserves leg 3.2 (SPYx unrated@19%, MSTRx unrated@18%, GOOGLx unrated@15%, QQQx unrated@13%, TSLAx unrated@12%, NVDAx unrated@12%, cbBTC 9.5@3%); market reserves leg governs; -1 tvl<1M"
USD Farms,Obligate Market,Solana,Kamino Lend,4.62127,5.71719,VERIFIED,4.621,kamino-api,,High (3.2),"score 3.2; USDC 8.5 (credora 9.5, pharos 8.8, tid 7.5); market reserves leg 4.2 (PRIME unrated@66%, PYUSD 7.8@17%, CASH 5.3@16%, USDS 7.2@1%, wYLDS 5.5@0%, wYLDS 5.5@0%, USDG 7.7@0%, USDT 7.1@0%); market reserves leg governs; -1 util 94%"
USD Farms,Core,Avalanche,Aave V4,4.60367,4.60141,VERIFIED,6,merkl (reward APR),,Low (8.5),"score 8.5; USDC 8.5 (credora 9.5, pharos 8.8, tid 7.5)"
USD Farms,PRESTOUSDCP,Ethereum,Morpho Blue,4.6006,4.57176,VERIFIED,4.242,yieldz (base),,Low (8.0),score 8.0; allocation leg 9.5 (WBTC 9.5@100%); -1 tvl<1M; -0.5 concentrated book 100%
USD Farms,BBQUSDC,Arbitrum,Morpho Blue,4.57794,4.94182,VERIFIED,4.733,on-chain (7d realized),,Med-Low (7.0),score 7.0; BBQUSDC 7.0 (pharos 7.0)
USD Farms,GTUSDCRWA,Ethereum,Morpho Blue,4.55546,4.7421,VERIFIED,5.854,yieldz (base),,Med-High (4.8),"score 4.8; allocation leg 5.8 (PT-reUSD-10DEC2026→reUSD 4.1@47%, cbBTC 9.5@20%, WBTC 9.5@7%, sUSDat 3.7@6%, mF-ONE 8.4@5%, PT-apyUSD-5NOV2026→apyUSD 2.3@4%, AA_FalconXUSDC 5.0@1%, reUSD 4.6@1%); -1 util 100%"
USD Farms,GUSDCQ,Ethereum,Morpho Blue,4.54841,4.5356,VERIFIED,4.313,yieldz (base),,Med-Low (6.4),"score 6.4; GUSDCQ 6.4 (pharos 6.4); allocation leg 9.4 (WBTC 9.5@71%, cbBTC 9.5@26%, weETH 7.0@2%, wstETH 8.0@0%)"
USD Farms,SOL/BTC Market,Solana,Kamino Lend,4.54484,4.36785,VERIFIED,4.504,kamino-api,,Med-Low (6.1),"score 6.1; USDT 7.1 (credora 8.4, pharos 7.2, tid 6.0); market reserves leg 8.1 (SOL 8.5*@25%, dSOL 7.3*@21%, USDC 8.5@11%, JITOSOL 8.0*@10%, cbBTC 9.5@5%, JupSOL 7.8*@5%, USDG 7.7@4%, PYUSD 7.8@3%, MSOL 8.0*@2%); -1 tvl<1M"
USD Farms,Base USDC Lending Optimizer,Base,Fusion by IPOR,4.48869,4.4931,VERIFIED,4.523,ipor-api,,Low (8.5),"score 8.5; USDC 8.5 (credora 9.5, pharos 8.8, tid 7.5); allocation leg 9.5 (cbBTC 9.5@89%, cbETH 8.3*@2%, USDC 8.5@0%)"
USD Farms,ARMUSDCP,Ethereum,Morpho Blue,4.47495,4.47673,VERIFIED,4.412,yieldz (base),,Low (9.0),"score 9.0; allocation leg 9.4 (cbBTC 9.5@60%, WBTC 9.5@34%, wstETH 8.0@6%); credora vault A (psl 0.33%)"
USD Farms,GTUSDCF,Ethereum,Morpho Blue,4.46634,4.70494,VERIFIED,4.498,yieldz (base),,Low (8.4),"score 8.4; allocation leg 8.4 (cbBTC 9.5@73%, AA_FalconXUSDC 5.0@14%, reUSD 4.6@4%, LBTC 7.5*@4%, PT-sUSDD-26NOV2026→sUSDD 3.6@3%, weETH 7.0@1%, syrupUSDC 6.7@0%, PT-USDG-28MAY2026→USDG 7.2@0%, PT-sUSDD-27AUG2026→sUSDD 3.6@0%); credora vault A (psl 0.29%); allocation leg governs"
USD Farms,UNIUSDC,Ethereum,Morpho Blue,4.4653,4.4695,VERIFIED,4.42,yieldz (base),,Low (9.5),"score 9.5; allocation leg 9.5 (cbBTC 9.5@69%, WBTC 9.5@31%, wstETH 8.0@0%)"
USD Farms,OEVUSDC,Ethereum,Morpho Blue,4.46524,4.46747,VERIFIED,4.659,yieldz (base),,Med-Low (7.8),"score 7.8; allocation leg 7.8 (cbBTC 9.5@65%, AA_FalconXUSDC 5.0@18%, reUSD 4.6@17%); credora vault A (psl 0.32%); allocation leg governs"
USD Farms,CRONOSUSDC,Ethereum,Morpho Blue,4.46408,4.44034,VERIFIED,5.837,yieldz (base),,High (2.5),"score 2.5; allocation leg 3.0 (siUSD unrated@99%, iUSD 5.5@1%); -0.5 concentrated book 99%"
USD Farms,GTUSDCP,Ethereum,Morpho Blue,4.4566,4.46739,VERIFIED,4.431,yieldz (base),,Low (8.4),"score 8.4; GTUSDCP 8.4 (pharos 8.4); allocation leg 9.5 (cbBTC 9.5@73%, WBTC 9.5@25%, wstETH 8.0@2%, WETH 9.0*@1%, WBTC 9.5@0%, cbBTC 9.5@0%, wstETH 8.0@0%); credora vault A (psl 0.31%); worst leg: GTUSDCP"
USD Farms,STEAKUSDC,Ethereum,Morpho Blue,4.45502,4.46241,VERIFIED,4.442,yieldz (base),,Med-Low (6.4),"score 6.4; STEAKUSDC 6.4 (pharos 6.4); allocation leg 8.9 (cbBTC 9.5@64%, weETH 7.0@19%, wstETH 8.0@6%, WBTC 9.5@5%, wstETH 8.0@3%, WETH 9.0*@2%, WBTC 9.5@1%, weETH 7.0@0%, cbBTC 9.5@0%); credora vault A (psl 0.31%); worst leg: STEAKUSDC"
USD Farms,Aave Mantle USDT0,Mantle,Aave V3,4.44871,4.44399,VERIFIED,3.237,yieldz (base),,Med-Low (7.1),"score 7.1; USDT 7.1 (credora 8.4, pharos 7.2, tid 6.0)"
USD Farms,GTUSDCP,Base,Morpho Blue,4.42155,4.41797,VERIFIED,2.912,yieldz (base+reward),,Med-Low (6.9),"score 6.9; GTUSDCP 8.4 (pharos 8.4); allocation leg 6.9 (USDe 6.7@84%, cbBTC 9.5@5%, cbETH 8.3*@0%); credora vault B+ (psl 1.18%); worst leg: CREDORA-VAULT; allocation leg governs"
USD Farms,GTUSDCP,Base,Morpho Blue,4.4208,4.41847,VERIFIED,4.41,yieldz (base),,Med-Low (7.9),"score 7.9; GTUSDCP 8.4 (pharos 8.4); allocation leg 9.5 (cbBTC 9.5@94%, WETH 9.0*@5%, cbETH 8.3*@1%, cbETH 8.3*@0%, wstETH 8.0@0%, cbETH 8.3*@0%); credora vault A (psl 0.20%); worst leg: GTUSDCP; -0.5 concentrated book 94%"
USD Farms,STEAKUSDC,Base,Morpho Blue,4.42065,4.41885,VERIFIED,4.4,yieldz (base),,Med-High (5.9),"score 5.9; STEAKUSDC 6.4 (pharos 6.4); allocation leg 9.5 (cbBTC 9.5@96%, WETH 9.0*@3%, cbETH 8.3*@1%, wstETH 8.0@0%, cbETH 8.3*@0%); credora vault A (psl 0.20%); worst leg: STEAKUSDC; -0.5 concentrated book 96%"
USD Farms,GUSDCQ,Base,Morpho Blue,4.42063,4.41735,VERIFIED,4.399,yieldz (base),,Med-High (5.9),"score 5.9; GUSDCQ 6.4 (pharos 6.4); allocation leg 9.5 (cbBTC 9.5@94%, WETH 9.0*@5%, cbETH 8.3*@1%); -0.5 concentrated book 94%"
USD Farms,JLP Market,Solana,Kamino Lend,4.41907,4.38809,VERIFIED,4.439,kamino-api,,Med-High (5.6),"score 5.6; USDC 8.5 (credora 9.5, pharos 8.8, tid 7.5); market reserves leg 6.6 (JLP 6.5*@92%, USDT 7.1@4%, PYUSD 7.8@3%, USDG 7.7@1%, USD1 7.5@0%, SOL 8.5*@0%); market reserves leg governs; -1 util 93%"
USD Farms,Huma Market,Solana,Kamino Lend,4.4153,4.38386,VERIFIED,4.431,kamino-api,,Low (8.0),"score 8.0; USDC 8.5 (credora 9.5, pharos 8.8, tid 7.5); market reserves leg 8.0 (SOL 8.5*@27%, dSOL 7.3*@24%, JITOSOL 8.0*@11%, cbBTC 9.5@6%, JupSOL 7.8*@5%, USDG 7.7@4%, PYUSD 7.8@3%, MSOL 8.0*@2%, hSOL 7.3*@2%); market reserves leg governs"
USD Farms,USDC Horizon yVault,Base,Yearn Finance,4.41359,4.33033,VERIFIED,4.415,ydaemon,,Med-High (5.0),"score 5.0; USDC 8.5 (credora 9.5, pharos 8.8, tid 7.5); strategy book leg 6.5 (Morpho Yearn Morpho Va† 6.5†@99%, Morpho Moonwell Flagsh[moonwell flags] 9.0†@1%); strategy book leg governs; -1 tvl<1M; -0.5 concentrated book 99%"
USD Farms,MPUSDC,Base,Morpho Blue,4.40498,4.33344,VERIFIED,4.335,yieldz (base),,Med-Low (7.9),"score 7.9; allocation leg 8.9 (WETH 9.0*@34%, cbETH 8.3*@34%, cbBTC 9.5@33%); -1 tvl<1M"
ETH Farms,STEAKETH,Monad,Morpho Blue,4.3956,3.45202,VERIFIED,1.339,yieldz (base),,Med-Low (7.5),score 7.5; allocation leg 8.0 (wstETH 8.0@100%); credora vault A- (psl 0.57%); allocation leg governs; -0.5 concentrated book 100%
USD Farms,SPARKUSDCBC,Ethereum,Morpho Blue,4.38789,4.38876,VERIFIED,4.202,yieldz (base),,High (2.5),score 2.5; allocation leg 3.0 (wFalconX unrated@100%); -0.5 concentrated book 100%
USD Farms,sUSDai-USDC,Arbitrum,Curve DEX,4.38,3.54,VERIFIED,4.277,on-chain (curve vp 7d),,Med-High (4.9),"score 4.9; SUSDAI 4.9 (pharos 5.4, tid 4.5); USDC 8.5 (credora 9.5, pharos 8.8, tid 7.5); worst leg: SUSDAI"
USD Farms,Ethena Market,Solana,Kamino Lend,4.35223,3.75839,VERIFIED,4.276,kamino-api,,Med-High (5.7),"score 5.7; PYUSD 7.8 (credora 9.5, pharos 7.2, tid 7.0); market reserves leg 6.7 (USDe 6.7@100%, USDG 7.7@0%, sUSDe 6.2@0%, USDT 7.1@0%, USDC 8.5@0%); market reserves leg governs; -1 util 99%"
USD Farms,Ember Hilbert,Ethereum,Ember Protocol,4.3284,4.3294,VERIFIED,4.223,on-chain (7d realized),,Med-High (5.9),"score 5.9; USDC 8.5 (credora 9.5, pharos 8.8, tid 7.5); capped 5.9: allocation not visible"
USD Farms,GTUSDC,Ethereum,Morpho Blue,4.30176,4.29588,VERIFIED,5.682,yieldz (base),,Med-High (5.1),"score 5.1; GTUSDC 8.3 (pharos 8.3); allocation leg 5.1 (PT-USD3-17DEC2026→USD3 4.9@65%, USD3 5.4@35%); credora vault B- (psl 3.17%); worst leg: CREDORA-VAULT; allocation leg governs"
USD Farms,PT-AUSD-8OCT2026/AUSD,Monad,Curvance,4.28909,4.71274,VERIFIED,2.692,curvance on-chain,,Med-Low (6.8),"score 6.8; AUSD 7.3 (credora 9.0, pharos 7.3, tid 6.0); collateral leg 6.8 (PT-AUSD-8OCT2026→AUSD 6.8@100%); collateral leg governs"
USD Farms,STEAKUSDC,Ethereum,Morpho Blue,4.24161,4.25236,VERIFIED,5.489,yieldz (base),,Med-High (4.6),"score 4.6; STEAKUSDC 6.4 (pharos 6.4); allocation leg 4.6 (PT-reUSD-10DEC2026→reUSD 4.1@60%, PT-sUSDS-26NOV2026→sUSDS 5.1@26%, PT-sUSDE-26NOV2026→sUSDE 5.7@14%); allocation leg governs"
USD Farms,GTUSDCCORE,Ethereum,Morpho Blue,4.23976,4.18748,VERIFIED,4.202,yieldz (base),,High (2.5),score 2.5; allocation leg 3.0 (wFalconX unrated@100%); -0.5 concentrated book 100%
USD Farms,Morpho Steakhouse USDC Compounder,Ethereum,Yearn Finance,4.22587,4.18124,VERIFIED,4.227,ydaemon,,Med-High (5.9),"score 5.9; USDC 8.5 (credora 9.5, pharos 8.8, tid 7.5); capped 5.9: allocation not visible"
USD Farms,PRESTOUSDCF,Ethereum,Morpho Blue,4.21023,4.21551,VERIFIED,4.202,yieldz (base),,High (2.5),score 2.5; allocation leg 3.0 (wFalconX unrated@100%); -0.5 concentrated book 100%
USD Farms,reUSD Market,Solana,Kamino Lend,4.20004,4.10299,VERIFIED,4.2,kamino-api,,High (2.7),"score 2.7; USDG 7.7 (credora 9.0, pharos 7.2, tid 6.5, yearn 8.5); market reserves leg 4.7 (reUSD 4.6@97%, USDC 8.5@3%); market reserves leg governs; -1 tvl<1M; -1 util 93%"
USD Farms,ARCHGV1USDC,Base,Morpho Blue,4.19659,4.19724,VERIFIED,4.183,yieldz (base),,Med-High,unrated: internal signals only
USD Farms,BITUSDCP,Base,Morpho Blue,4.19447,4.19421,VERIFIED,4.183,yieldz (base),,Med-Low (7.9),"score 7.9; allocation leg 9.4 (cbBTC 9.5@91%, cbETH 8.3*@8%, cbETH 8.3*@1%, WETH 9.0*@0%, wstETH 8.0@0%); -1 tvl<1M; -0.5 concentrated book 91%"
USD Farms,RE7USDC,Base,Morpho Blue,4.19433,4.19307,VERIFIED,4.187,yieldz (base),,Low (9.0),score 9.0; allocation leg 9.5 (cbBTC 9.5@100%); -0.5 concentrated book 100%
USD Farms,sUSDai Market,Solana,Kamino Lend,4.19374,4.48654,VERIFIED,4.611,kamino-api,,High (3.9),"score 3.9; USDC 8.5 (credora 9.5, pharos 8.8, tid 7.5); market reserves leg 4.9 (sUSDai 4.9@100%); market reserves leg governs; -1 tvl<1M"
USD Farms,SOL/BTC Market,Solana,Kamino Lend,4.18502,3.94324,VERIFIED,4.171,kamino-api,,Med-Low (7.7),"score 7.7; USDG 7.7 (credora 9.0, pharos 7.2, tid 6.5, yearn 8.5); market reserves leg 8.1 (SOL 8.5*@25%, dSOL 7.3*@22%, USDC 8.5@11%, JITOSOL 8.0*@10%, cbBTC 9.5@6%, JupSOL 7.8*@5%, PYUSD 7.8@3%, MSOL 8.0*@2%, hSOL 7.3*@2%)"
USD Farms,YCSUSDC,Base,Morpho Blue,4.16734,4.16712,VERIFIED,4.183,yieldz (base),,Med-Low (7.9),"score 7.9; allocation leg 9.4 (cbBTC 9.5@91%, cbETH 8.3*@8%, cbETH 8.3*@1%, WETH 9.0*@0%, wstETH 8.0@0%); -1 tvl<1M; -0.5 concentrated book 91%"
USD Farms,SOL/BTC Market,Solana,Kamino Lend,4.16122,4.01683,VERIFIED,4.174,kamino-api,,Med-Low (6.2),"score 6.2; USDS 7.2 (credora 8.4, pharos 4.4, tid 7.0, yearn 9.6); market reserves leg 8.1 (SOL 8.5*@24%, dSOL 7.3*@21%, USDC 8.5@11%, JITOSOL 8.0*@10%, cbBTC 9.5@5%, JupSOL 7.8*@5%, USDG 7.7@4%, PYUSD 7.8@3%, MSOL 8.0*@2%); -1 tvl<1M"
USD Farms,frxUSD/sUSDS,Ethereum,Convex Finance,4.15025,5.08111,VERIFIED,1.378,curve-api (total),,Med-High (5.6),"score 5.6; FRXUSD 6.2 (pharos 7.0, tid 5.5); SUSDS 5.6 (pharos 3.9, tid 7.0); worst leg: SUSDS"
USD Farms,API3COREUSDC,Ethereum,Morpho Blue,4.14406,4.22105,VERIFIED,4.159,yieldz (base),,Med-High (5.6),"score 5.6; allocation leg 8.1 (wstETH 8.0@91%, cbBTC 9.5@7%, wstETH 8.0@1%); -1 tvl<1M; -1 util 99%; -0.5 concentrated book 91%"
USD Farms,MWUSDC,Base,Morpho Blue,4.13918,4.09212,VERIFIED,5.234,yieldz (base),,High (2.5),"score 2.5; allocation leg 3.0 (cbXRP unrated@94%, cbBTC 9.5@0%); -0.5 concentrated book 94%"
USD Farms,CSUSDC,Base,Morpho Blue,4.12137,4.21683,VERIFIED,4.183,yieldz (base),,Med-Low (7.9),"score 7.9; allocation leg 9.4 (cbBTC 9.5@91%, cbETH 8.3*@8%, cbETH 8.3*@1%, WETH 9.0*@0%, wstETH 8.0@0%); -1 tvl<1M; -0.5 concentrated book 91%"
USD Farms,Prime,Ethereum,Aave V4,4.10981,4.49834,VERIFIED,3.792,yieldz (base),,Med-Low (7.4),"score 7.4; USDC 8.5 (credora 9.5, pharos 8.8, tid 7.5); pool collateral leg 8.4 (tBTC 9.0@42%, rETH 8.4@33%, weETH 7.0@12%, cbETH 8.3*@5%, LINK 8.0*@3%, XAUt 7.3@2%, AAVE 8.0*@1%, BTC.b 6.6@0%, LBTC 7.5*@0%); pool collateral leg governs; -1 util 94%"
USD Farms,Superstate Opening Bell Market,Solana,Kamino Lend,4.07302,4.06969,VERIFIED,4.073,kamino-api,,High (1.3),"score 1.3; USDC 8.5 (credora 9.5, pharos 8.8, tid 7.5); market reserves leg 3.3 (FWDI unrated@89%, USCC 5.3@11%, USTB 7.2@0%, CASH 5.3@0%); market reserves leg governs; -1 tvl<1M; -1 util 95%"
USD Farms,PURINTAUSDC,Ethereum,Morpho Blue,4.06979,4.01987,VERIFIED,4.116,yieldz (base),,Med-Low (6.5),score 6.5; allocation leg 8.0 (wstETH 8.0@92%); -1 tvl<1M; -0.5 concentrated book 92%
USD Farms,SBMORPHOUSDC,Ethereum,Morpho Blue,4.04765,4.04164,VERIFIED,3.229,yieldz (base),,High (3.3),score 3.3; allocation leg 3.8 (stUSDS 3.8@100%); -0.5 concentrated book 100%
USD Farms,Figure Market,Solana,Kamino Lend,4.02413,3.70438,VERIFIED,4.023,kamino-api,,Med-High (5.1),"score 5.1; CASH 5.3 (pharos 5.3); market reserves leg 5.1 (PRIME unrated@60%, USDC 8.5@23%, PYUSD 7.8@16%, USDS 7.2@1%, wYLDS 5.5@0%, wYLDS 5.5@0%, USDG 7.7@0%, USDT 7.1@0%); market reserves leg governs"
USD Farms,GTUSDCC,Base,Morpho Blue,3.97383,3.97764,VERIFIED,4.399,yieldz (base),,Low (9.0),"score 9.0; allocation leg 9.5 (cbBTC 9.5@94%, WETH 9.0*@5%, cbETH 8.3*@1%); -0.5 concentrated book 94%"
USD Farms,PUSDC,Base,Morpho Blue,3.96942,3.9681,VERIFIED,3.895,on-chain (7d realized),,Low (9.0),score 9.0; credora vault A (psl 0.27%)
USD Farms,AVGUSDCCONSB,Base,Morpho Blue,3.9694,3.96819,VERIFIED,3.951,yieldz (base),,Low (8.0),score 8.0; allocation leg 9.5 (cbBTC 9.5@100%); -1 tvl<1M; -0.5 concentrated book 100%
USD Farms,SPARKUSDC,Base,Morpho Blue,3.96882,3.96795,VERIFIED,4.4,yieldz (base),,Med-Low (6.1),"score 6.1; SPARKUSDC 6.6 (pharos 6.6); allocation leg 9.5 (cbBTC 9.5@96%, WETH 9.0*@3%, cbETH 8.3*@1%, wstETH 8.0@0%, cbETH 8.3*@0%); credora vault A (psl 0.20%); worst leg: SPARKUSDC; -0.5 concentrated book 96%"
USD Farms,AUGUSTUSDCV2,Ethereum,Morpho Blue,3.96029,4.56472,VERIFIED,3.97,yieldz (base),,High (1.3),score 1.3; allocation leg 3.8 (syzUSD 3.8@100%); -1 tvl<1M; -1 util 100%; -0.5 concentrated book 100%
USD Farms,AVGUSDCCONS,Ethereum,Morpho Blue,3.95573,3.97451,VERIFIED,4.041,yieldz (base),,Low (8.0),score 8.0; allocation leg 9.5 (cbBTC 9.5@100%); -1 tvl<1M; -0.5 concentrated book 100%
USD Farms,FRAXUSDe,Ethereum,Convex Finance,3.94966,3.9806,VERIFIED,2.889,curve-api (total),,High (3.4),"score 3.4; FRAX 3.9 (pharos 5.6, tid 2.5); USDE 6.7 (credora 7.4, pharos 6.3, tid 6.5); worst leg: FRAX; -0.5 pool 76% in FRAX"
USD Farms,yoUSD Looopeer,Base,Fusion by IPOR,3.90881,4.34821,VERIFIED,3.873,ipor-api,,Med-High (5.0),"score 5.0; USDC 8.5 (credora 9.5, pharos 8.8, tid 7.5); allocation leg 7.5 (yoUSD 7.5@100%, USDC 8.5@0%, USDC 8.5@0%); allocation leg governs; -1 tvl<1M; -1 leveraged strategy; -0.5 concentrated book 100%"
ETH Farms,Moo Curve ETH+-WETH,Ethereum,Beefy,3.87344,5.36602,VERIFIED,1.487,curve-api (total),,Low (9.0),score 9.0; ETHPLUS 9.0 (yearn 9.0); WETH 9.0*; worst leg: ETHPLUS
USD Farms,DOLA/sUSDS,Ethereum,Curve DEX,3.8418,4.09133,VERIFIED,2.919,curve-api (total),,High (4.0),"score 4.0; DOLA 4.5 (pharos 4.5, tid 4.5); SUSDS 5.6 (pharos 3.9, tid 7.0); worst leg: DOLA; -0.5 pool 77% in DOLA"
USD Farms,True Yield Dollar,Base,Yearn Finance,3.83402,3.77411,VERIFIED,3.834,ydaemon,,Med-High (5.0),"score 5.0; USDC 8.5 (credora 9.5, pharos 8.8, tid 7.5); strategy book leg 6.5 (Morpho Yearn Morpho Va† 6.5†@100%); strategy book leg governs; -1 tvl<1M; -0.5 concentrated book 100%"
USD Farms,SFRXUSD-SCRVUSD,Ethereum,Curve DEX,3.83,3.94143,VERIFIED,3.886,on-chain (curve vp 7d),,Med-High (4.9),"score 4.9; FRXUSD 6.2 (pharos 7.0, tid 5.5); CRVUSD 5.9 (pharos 7.0, tid 5.0); worst leg: CRVUSD; -1 tvl<1M"
USD Farms,alUSD/sDOLA,Ethereum,Curve DEX,3.82831,3.72535,VERIFIED,2.845,curve-api (total),,High (1.1),"score 1.1; SDOLA 4.4 (pharos 4.3, tid 4.5); ALUSD 3.1 (pharos 3.1); worst leg: ALUSD; -1 tvl<1M; -1 pool 89% in alUSD"
USD Farms,STEAKEURC,Base,Morpho Blue,3.81709,3.47763,VERIFIED,2.99,yieldz (base),,Low (8.2),"score 8.2; allocation leg 9.2 (cbBTC 9.5@78%, wstETH 8.0@19%, cbETH 8.3*@2%, WETH 9.0*@1%); -1 tvl<1M"
USD Farms,sfrxUSD/frxUSD,Ethereum,Convex Finance,3.81568,3.97668,VERIFIED,2.716,on-chain (curve vp 7d),,Med-Low (6.2),"score 6.2; FRXUSD 6.2 (pharos 7.0, tid 5.5); FRXUSD 6.2 (pharos 7.0, tid 5.5)"
USD Farms,REUSD-USDC,Ethereum,Curve DEX,3.78,3.71286,VERIFIED,3.645,on-chain (curve vp 7d),,High (3.6),"score 3.6; REUSD 4.6 (pharos 4.3, tid 5.0, yearn 4.2); USDC 8.5 (credora 9.5, pharos 8.8, tid 7.5); worst leg: REUSD; -1 tvl<1M"
USD Farms,USDC,Base,Aave V3,3.76673,3.83626,VERIFIED,3.837,yieldz (base),,Low (8.5),"score 8.5; USDC 8.5 (credora 9.5, pharos 8.8, tid 7.5); pool collateral leg 8.9 (WETH 9.0*@35%, cbBTC 9.5@34%, cbETH 8.3*@21%, weETH 7.0@6%, wstETH 8.0@4%)"
USD Farms,HUSDC,Ethereum,Morpho Blue,3.73644,3.74914,VERIFIED,3.577,yieldz (base),,High (3.6),"score 3.6; allocation leg 4.1 (fxSAVE 4.0@92%, PT-fxSAVE-29OCT2026→fxSAVE 3.5@6%, cbBTC 9.5@2%); credora vault A (psl 0.27%); allocation leg governs; -0.5 concentrated book 92%"
USD Farms,Aave Ethereum PYUSD,Ethereum,Aave V3,3.71807,3.98518,VERIFIED,3.788,yieldz (base),,Med-Low (7.8),"score 7.8; PYUSD 7.8 (credora 9.5, pharos 7.2, tid 7.0); pool collateral leg 8.5 (tBTC 9.0@44%, rETH 8.4@34%, weETH 7.0@13%, cbETH 8.3*@5%, AAVE 8.0*@1%, BTC.b 6.6@0%, LBTC 7.5*@0%, wstETH 8.0@0%, syrupUSDT 6.1@0%)"
USD Farms,RLUSD/USDC,Ethereum,Curve DEX,3.7019,3.9663,VERIFIED,3.632,curve-api (total),,Med-Low (7.8),"score 7.8; USDC 8.5 (credora 9.5, pharos 8.8, tid 7.5); RLUSD 7.8 (credora 9.5, pharos 7.2, tid 7.0); worst leg: RLUSD"
USD Farms,SKYMONEYUSDTSAVINGS,Ethereum,Morpho Blue,3.59049,3.48102,VERIFIED,2.735,yieldz (base),,Med-High (5.1),"score 5.1; SKYMONEYUSDTSAVINGS 6.2 (pharos 6.2); allocation leg 5.6 (sUSDS 5.6@100%, sUSDS 5.6@0%); credora vault B+ (psl 0.94%); worst leg: SKYMONEYUSDTSAVINGS; allocation leg governs; -0.5 concentrated book 100%"
USD Farms,Prime,Ethereum,Aave V4,3.57343,3.94061,VERIFIED,3.792,yieldz (base),,Med-Low (7.4),"score 7.4; USDC 8.5 (credora 9.5, pharos 8.8, tid 7.5); pool collateral leg 8.4 (tBTC 9.0@42%, rETH 8.4@33%, weETH 7.0@12%, cbETH 8.3*@5%, LINK 8.0*@3%, XAUt 7.3@2%, AAVE 8.0*@1%, BTC.b 6.6@0%, LBTC 7.5*@0%); pool collateral leg governs; -1 util 94%"
USD Farms,BBQTGBP,Ethereum,Morpho Blue,3.55544,1.58941,VERIFIED,0.055,yieldz (base),,Low (8.8),"score 8.8; allocation leg 8.8 (WBTC 9.5@32%, cbBTC 9.5@20%, wstETH 8.0@17%, XAUt 7.3@15%, WETH 9.0*@9%, PAXG 8.1@7%, steakUSDC 6.4@0%, sUSDS 5.6@0%, weETH 7.0@0%, USDC 8.5@0%)"
USD Farms,FRXUSD-USPC,Ethereum,Convex Finance,3.5512,3.62799,VERIFIED,3.5,merkl (reward APR),,High (2.5),"score 2.5; FRXUSD 6.2 (pharos 7.0, tid 5.5); USPC 4.0 (tid 4.0); worst leg: USPC; -1 tvl<1M; -0.5 pool 78% in frxUSD"
USD Farms,Moo Curve USDC-RLUSD,Ethereum,Beefy,3.54835,3.85595,VERIFIED,3.632,curve-api (total),,Med-Low (7.8),"score 7.8; RLUSD 7.8 (credora 9.5, pharos 7.2, tid 7.0); USDC 8.5 (credora 9.5, pharos 8.8, tid 7.5); worst leg: RLUSD"
ETH Farms,Convex,Ethereum,Beefy,3.52699,3.19104,VERIFIED,1.693,curve-api (total),,High,unrated: internal signals only
USD Farms,Maple Market,Solana,Kamino Lend,3.49363,5.44176,VERIFIED,3.591,kamino-api,,Med-Low (6.8),"score 6.8; PYUSD 7.8 (credora 9.5, pharos 7.2, tid 7.0); market reserves leg 6.8 (syrupUSDC 6.7@97%, USDC 8.5@1%, USDG 7.7@1%, CASH 5.3@0%, USDS 7.2@0%, USD1 7.5@0%); market reserves leg governs"
USD Farms,GHO/crvUSD,Ethereum,Curve DEX,3.49319,3.56823,VERIFIED,3.262,curve-api (total),,Med-High (5.9),"score 5.9; GHO 6.0 (credora 8.4, pharos 4.2, tid 5.5); CRVUSD 5.9 (pharos 7.0, tid 5.0); worst leg: CRVUSD"
USD Farms,DAI,Ethereum,Aave V3,3.44992,3.31693,VERIFIED,3.51,yieldz (base),,Med-High (5.3),"score 5.3; DAI 5.3 (pharos 5.3); pool collateral leg 8.5 (tBTC 9.0@44%, rETH 8.4@34%, weETH 7.0@13%, cbETH 8.3*@5%, AAVE 8.0*@1%, BTC.b 6.6@0%, LBTC 7.5*@0%, wstETH 8.0@0%, syrupUSDT 6.1@0%)"
USD Farms,pyUSD/crvUSD,Ethereum,Curve DEX,3.3872,3.2838,VERIFIED,3.145,curve-api (total),,Med-High (5.9),"score 5.9; PYUSD 7.8 (credora 9.5, pharos 7.2, tid 7.0); CRVUSD 5.9 (pharos 7.0, tid 5.0); worst leg: CRVUSD"
USD Farms,crvUSD/frxUSD,Ethereum,Curve DEX,3.35597,3.39751,VERIFIED,3.195,curve-api (total),,Med-High (5.9),"score 5.9; FRXUSD 6.2 (pharos 7.0, tid 5.5); CRVUSD 5.9 (pharos 7.0, tid 5.0); worst leg: CRVUSD"
USD Farms,STEAKUSDC,Base,Morpho Blue,3.29718,3.29611,VERIFIED,3.244,on-chain (7d realized),,Med-Low (6.4),score 6.4; STEAKUSDC 6.4 (pharos 6.4); credora vault A (psl 0.17%); worst leg: STEAKUSDC
USD Farms,APYXUSDC,Ethereum,Morpho Blue,3.25432,3.28696,VERIFIED,3.396,yieldz (base),,High (1.6),"score 1.6; allocation leg 2.6 (PT-apxUSD-5NOV2026→apxUSD 2.6@37%, apyUSD 2.8@35%, PT-apyUSD-5NOV2026→apyUSD 2.3@28%); -1 util 100%"
USD Farms,OUSD/USDC,Ethereum,Curve DEX,3.25265,3.21119,VERIFIED,3.071,curve-api (total),,Med-Low (6.2),"score 6.2; OUSD 6.2 (pharos 5.6, tid 5.0, yearn 8.6); USDC 8.5 (credora 9.5, pharos 8.8, tid 7.5); worst leg: OUSD"
USD Farms,MWEURC,Base,Morpho Blue,3.24887,3.0321,VERIFIED,2.99,yieldz (base),,Low (8.2),"score 8.2; allocation leg 9.2 (cbBTC 9.5@78%, wstETH 8.0@19%, cbETH 8.3*@2%, WETH 9.0*@1%); -1 tvl<1M"
USD Farms,SKYMONEYUSDCRISKCAPITAL,Ethereum,Morpho Blue,3.22798,3.54615,VERIFIED,3.229,yieldz (base),,High (3.3),score 3.3; allocation leg 3.8 (stUSDS 3.8@100%); -0.5 concentrated book 100%
USD Farms,GTUSDTF,Ethereum,Morpho Blue,3.17191,3.72285,VERIFIED,3.144,yieldz (base),,Med-Low (6.5),"score 6.5; allocation leg 6.5 (PT-sUSDS-26NOV2026→sUSDS 5.1@58%, wstETH 8.0@24%, WBTC 9.5@16%, sUSDS 5.6@2%, sUSDS 5.6@0%, syrupUSDT 6.1@0%, WETH 9.0*@0%, cbBTC 9.5@0%, weETH 7.0@0%, sUSDD 4.1@0%); credora vault A (psl 0.23%); allocation leg governs"
USD Farms,Curve.fi Factory Plain Pool: crvUSD/USDC,Ethereum,Curve DEX,3.16582,3.22134,VERIFIED,2.702,curve-api (total),,Med-High (5.9),"score 5.9; USDC 8.5 (credora 9.5, pharos 8.8, tid 7.5); CRVUSD 5.9 (pharos 7.0, tid 5.0); worst leg: CRVUSD"
USD Farms,frxUSD/sUSDS,Ethereum,Curve DEX,3.16032,3.8088,VERIFIED,1.378,curve-api (total),,Med-High (5.6),"score 5.6; FRXUSD 6.2 (pharos 7.0, tid 5.5); SUSDS 5.6 (pharos 3.9, tid 7.0); worst leg: SUSDS"
USD Farms,SKYMONEYUSDSRISKCAPITAL,Ethereum,Morpho Blue,3.11132,3.44903,VERIFIED,3.149,yieldz (base),,High (3.3),score 3.3; allocation leg 3.8 (stUSDS 3.8@100%); -0.5 concentrated book 100%
ETH Farms,Curve.fi Factory Plain Pool: msETH/WETH,Ethereum,Convex Finance,3.1007,3.20467,VERIFIED,2.625,curve-api (total),,High (2.0),score 2.0; WETH 9.0*; MSETH unrated 3.0; worst leg: MSETH; -1 pool 92% in msETH
USD Farms,SDFRXUSDV2,Ethereum,Morpho Blue,3.08947,3.8517,VERIFIED,2.527,yieldz (base),,High (1.0),"score 1.0; allocation leg 3.0 (stakedao-frxsUSDS unrated@57%, stakedao-frxUsDOLA unrated@36%); -1 tvl<1M; -1 util 99%"
USD Farms,IPOR USDC Prime,Arbitrum,Fusion by IPOR,3.05913,3.13153,VERIFIED,3.052,ipor-api,,Med-Low (7.0),"score 7.0; USDC 8.5 (credora 9.5, pharos 8.8, tid 7.5); allocation leg 8.5 (aave-v3 8.5†@100%, USDC 8.5@0%); allocation leg governs; -1 tvl<1M; -0.5 concentrated book 100%"
USD Farms,Curve.fi Strategic USD Reserves,Ethereum,Curve DEX,3.05615,3.02404,VERIFIED,2.41,curve-api (total),,Med-Low (7.1),"score 7.1; USDC 8.5 (credora 9.5, pharos 8.8, tid 7.5); USDT 7.1 (credora 8.4, pharos 7.2, tid 6.0); worst leg: USDT"
USD Farms,Plus,Ethereum,Aave V4,3.03792,2.58545,VERIFIED,3.792,yieldz (base),,Med-Low (6.4),"score 6.4; USDC 8.5 (credora 9.5, pharos 8.8, tid 7.5); pool collateral leg 8.4 (tBTC 9.0@42%, rETH 8.4@33%, weETH 7.0@12%, cbETH 8.3*@5%, LINK 8.0*@3%, XAUt 7.3@2%, AAVE 8.0*@1%, BTC.b 6.6@0%, LBTC 7.5*@0%); pool collateral leg governs; -1 tvl<1M; -1 util 94%"
USD Farms,GTUSDCP,OP Mainnet,Morpho Blue,3.01948,3.39448,VERIFIED,3.331,on-chain (7d realized),,Med-Low (7.4),score 7.4; GTUSDCP 8.4 (pharos 8.4); -1 tvl<1M
USD Farms,USDC,Arbitrum,Aave V3,3.01326,3.08593,VERIFIED,3.056,yieldz (base),,Low (8.5),"score 8.5; USDC 8.5 (credora 9.5, pharos 8.8, tid 7.5); pool collateral leg 8.7 (WETH 9.0*@36%, WBTC 9.5@34%, weETH 7.0@15%, wstETH 8.0@9%, USD₮0 7.1@6%)"
USD Farms,Aave Ethereum Lido USDC,Ethereum,Aave V3,3.0088,3.09087,VERIFIED,3.792,yieldz (base),,Med-Low (7.4),"score 7.4; USDC 8.5 (credora 9.5, pharos 8.8, tid 7.5); pool collateral leg 8.4 (tBTC 9.0@42%, rETH 8.4@33%, weETH 7.0@12%, cbETH 8.3*@5%, LINK 8.0*@3%, XAUt 7.3@2%, AAVE 8.0*@1%, BTC.b 6.6@0%, LBTC 7.5*@0%); pool collateral leg governs; -1 util 94%"
ETH Farms,CSCOREETH,Base,Morpho Blue,2.9435,2.96023,VERIFIED,1.496,yieldz (base),,Med-Low (7.8),"score 7.8; allocation leg 8.3 (cbETH 8.3*@94%, wstETH 8.0@2%, cbBTC 9.5@2%, wstETH 8.0@0%, rETH 8.4@0%); credora vault A (psl 0.27%); allocation leg governs; -0.5 concentrated book 94%"
ETH Farms,RCETH,Ethereum,Lagoon,2.92478,3.66282,VERIFIED,2.912,on-chain (7d realized),,High,unrated: internal signals only
ETH Farms,9SETH,Ethereum,Lagoon,2.8992,3.02854,VERIFIED,4.728,on-chain (7d realized),,High,unrated: internal signals only
ETH Farms,Moo Curve msETH-WETH,Ethereum,Beefy,2.89613,2.98768,VERIFIED,2.625,curve-api (total),,High (2.0),score 2.0; WETH 9.0*; MSETH unrated 3.0; worst leg: MSETH; -1 pool 92% in msETH
ETH Farms,Autopilot wETH Base,Base,Fusion by IPOR,2.87288,3.58833,VERIFIED,2.885,ipor-api,,Med-Low (6.0),"score 6.0; WETH 9.0*; allocation leg 6.0 (harvest-erc4626 6.0†@75%, harvest-erc4626 6.0†@20%, harvest-erc4626 6.0†@5%, harvest-erc4626 6.0†@0%, WETH 9.0*@0%, harvest-erc4626 6.0†@0%, harvest-erc4626 6.0†@0%, harvest-erc4626 6.0†@0%, harvest-erc4626 6.0†@0%, harvest-erc4626 6.0†@0%); allocation leg governs"
ETH Farms,Moo Curve wfrxETH-sfrxETH,Fraxtal,Beefy,2.85145,2.8084,VERIFIED,1.129,curve-api (total),,High (3.0),score 3.0; SFRXETH 8.0*; FRXETH unrated 3.0; worst leg: FRXETH
ETH Farms,Aave Monad WETH,Monad,Aave V3,2.73821,2.74316,VERIFIED,1.543,yieldz (base),,Med-Low (7.0),"score 7.0; WETH 9.0*; pool collateral leg 8.0 (USDC 8.5@71%, USDT0 7.1@21%, GHO 6.0@8%, cbBTC 9.5@0%); pool collateral leg governs; -1 tvl<1M"
ETH Farms,Aave Base WETH,Base,Aave V3,2.72095,3.83693,VERIFIED,1.444,yieldz (base),,Low (8.7),"score 8.7; WETH 9.0*; pool collateral leg 8.7 (cbBTC 9.5@37%, USDC 8.5@28%, cbETH 8.3*@23%, weETH 7.0@7%, wstETH 8.0@4%); pool collateral leg governs"
ETH Farms,alETH/wETH,Ethereum,Convex Finance,2.69374,2.68555,VERIFIED,1.204,curve-api (total),,High (2.0),score 2.0; WETH 9.0*; ALETH unrated 3.0; worst leg: ALETH; -1 pool 87% in alETH
ETH Farms,ETH+/ETH,Ethereum,Convex Finance,2.68174,4.11945,VERIFIED,1.487,curve-api (total),,Low (9.0),score 9.0; ETHPLUS 9.0 (yearn 9.0); WETH 9.0*; worst leg: ETHPLUS
ETH Farms,wfrxETH/sfrxETH,Fraxtal,Curve DEX,2.66782,2.58471,VERIFIED,1.129,curve-api (total),,High (3.0),score 3.0; SFRXETH 8.0*; FRXETH unrated 3.0; worst leg: FRXETH
ETH Farms,Curve.fi Factory Plain Pool: msETH/WETH,Ethereum,Curve DEX,2.61939,2.71242,VERIFIED,2.625,curve-api (total),,High (2.0),score 2.0; WETH 9.0*; MSETH unrated 3.0; worst leg: MSETH; -1 pool 92% in msETH
ETH Farms,vbETH yVault,Katana,Yearn Finance,2.53344,2.58851,VERIFIED,1.168,ydaemon,,Med-Low (6.7),"score 6.7; VBETH 7.4 (credora 7.4); strategy book leg 6.7 (Morpho Yearn OG ~WETH 6.5†@67%, Single Sided Ste~weETH 7.0†@29%, Single Sided Ste~WSTETH 8.0†@3%); strategy book leg governs"
ETH Farms,Aave Base cbETH,Base,Aave V3,2.38188,2.38188,VERIFIED,0,yieldz (base),,Low (8.3),"score 8.3; CBETH 8.3*; pool collateral leg 8.9 (WETH 9.0*@33%, cbBTC 9.5@32%, USDC 8.5@24%, weETH 7.0@6%, wstETH 8.0@4%)"
ETH Farms,Aave Ethereum cbETH,Ethereum,Aave V3,2.38182,2.38182,VERIFIED,0,yieldz (base),,Low (8.3),"score 8.3; CBETH 8.3*; pool collateral leg 8.4 (tBTC 9.0@45%, rETH 8.4@34%, weETH 7.0@13%, LINK 8.0*@3%, XAUt 7.3@2%, AAVE 8.0*@1%, BTC.b 6.6@0%, LBTC 7.5*@0%, wstETH 8.0@0%)"
ETH Farms,TETH-WEETH,Ethereum,Curve DEX,2.38,2.53429,VERIFIED,2.533,on-chain (curve vp 7d),,High (2.0),score 2.0; WEETH 7.0 (tid 7.0); TETH unrated 3.0; worst leg: TETH; -1 tvl<1M
ETH Farms,Prime Instance,Ethereum,Aave V3,2.37643,2.37559,VERIFIED,2.365,yieldz (base+intrinsic),,Low (8.0),"score 8.0; WSTETH 8.0 (tid 8.0); pool collateral leg 8.4 (tBTC 9.0@42%, rETH 8.4@33%, weETH 7.0@12%, cbETH 8.3*@5%, LINK 8.0*@3%, XAUt 7.3@2%, AAVE 8.0*@1%, BTC.b 6.6@0%, LBTC 7.5*@0%)"
ETH Farms,AMMVWETH,Ethereum,Lagoon,2.37545,2.40094,VERIFIED,2.32,on-chain (7d realized),,Med-High,unrated: internal signals only
ETH Farms,WSTETH,Ethereum,Fluid Lending,2.372,2.37771,VERIFIED,2.311,yieldz (base+intrinsic),,High (2.0),score 2.0; WSTETH 8.0 (tid 8.0); collateral leg 3.0 (ETH-osETH unrated@100%); collateral leg governs; -1 util 93%
ETH Farms,WSTETH,Ethereum,Fluid Lending,2.372,2.37771,VERIFIED,2.311,yieldz (base+intrinsic),,High (2.0),score 2.0; WSTETH 8.0 (tid 8.0); collateral leg 3.0 (ETH-osETH unrated@100%); collateral leg governs; -1 util 93%
ETH Farms,WSTETH,Ethereum,Fluid Lending,2.372,2.37771,VERIFIED,2.311,yieldz (base+intrinsic),,High (2.0),score 2.0; WSTETH 8.0 (tid 8.0); collateral leg 3.0 (ETH-osETH unrated@100%); collateral leg governs; -1 util 93%
ETH Farms,WSTETH,Ethereum,Fluid Lending,2.372,2.37771,VERIFIED,2.311,yieldz (base+intrinsic),,High (2.0),score 2.0; WSTETH 8.0 (tid 8.0); collateral leg 3.0 (ETH-osETH unrated@100%); collateral leg governs; -1 util 93%
ETH Farms,WSTETH,Ethereum,Fluid Lending,2.372,2.37771,VERIFIED,2.311,yieldz (base+intrinsic),,High (1.0),score 1.0; WSTETH 8.0 (tid 8.0); collateral leg 3.0 (ETH-osETH unrated@100%); collateral leg governs; -1 tvl<1M; -1 util 93%
ETH Farms,Aave Base wstETH,Base,Aave V3,2.34294,2.34282,VERIFIED,2.365,yieldz (base+intrinsic),,Low (8.0),"score 8.0; WSTETH 8.0 (tid 8.0); pool collateral leg 8.8 (WETH 9.0*@29%, cbBTC 9.5@28%, USDC 8.5@21%, cbETH 8.3*@17%, weETH 7.0@5%)"
ETH Farms,WSTETH,Ethereum,Aave V3,2.34247,2.34247,VERIFIED,2.365,yieldz (base+intrinsic),,Low (8.0),"score 8.0; WSTETH 8.0 (tid 8.0); pool collateral leg 8.4 (tBTC 9.0@42%, rETH 8.4@33%, weETH 7.0@12%, cbETH 8.3*@5%, LINK 8.0*@3%, XAUt 7.3@2%, AAVE 8.0*@1%, BTC.b 6.6@0%, LBTC 7.5*@0%)"
ETH Farms,osETH/rETH,Ethereum,Curve DEX,2.3,2.25571,VERIFIED,2.217,on-chain (curve vp 7d),,Med-Low (7.8),score 7.8; OSETH 7.8*; RETH 8.4 (credora 8.4); worst leg: OSETH
ETH Farms,DAMMETH,Ethereum,Lagoon,2.23824,2.23824,VERIFIED,22.716,on-chain (7d realized),,Med-High,unrated: internal signals only
ETH Farms,Curve.fi Factory Plain Pool: stETH/frxETH,Ethereum,Convex Finance,2.04265,2.02177,VERIFIED,0.83,curve-api (total),,High (3.0),score 3.0; STETH 9.5 (credora 9.5); FRXETH unrated 3.0; worst leg: FRXETH
ETH Farms,Base ETH Lending Optimizer,Base,Fusion by IPOR,2.02635,2.01693,VERIFIED,2.027,ipor-api,,Med-High (5.5),"score 5.5; WETH 9.0*; allocation leg 6.0 (euler?0xdc4efb 6.0†@100%, WETH 9.0*@0%); allocation leg governs; -0.5 concentrated book 100%"
