USD Farm List  ·  DefiLlama API snapshot 2 Oct 2026  ·  616 pools,,,,,,,,,,,,,,,,,
Asset,Protocol,Chain,Type,Farm,Risk,Link,Base Asset,TVL ($),Now,7d,30d,Base,Reward,Intrinsic,Risk Note,LinkURL,Flags
USD,Aerodrome Slipstream,Base,LP,CL1 - 0.03%,Med-Low,DefiLlama,XSGD-USDC,455570,98.08211,65.84291,105.97498,3.84111,94.241,,"score 7.3; XSGD 8.3 (pharos 8.3); USDC 8.6 (credora 9.5, pharos 9.0, tid 7.5); worst leg: XSGD; -1 tvl<1M",https://defillama.com/yields/pool/d64d1a37-08dc-49fe-b679-97b0b29ac5e2,REWARD-HEAVY(emissions 94.2 of 98.1 unverified)
USD,Royco V2,Ethereum,Lending,Apyx apyUSD · Junior,High,DefiLlama,JRROYAPYUSD,1227369,75.91893,60.07007,98.64092,75.91893,,,unrated: internal signals only,https://defillama.com/yields/pool/168147fa-b90d-5ffd-bfb3-9ea4e737ff5e,
USD,Yearn Finance,Ethereum,Lending,IREETPMUSD,High,DefiLlama,IREETPMUSD,305522,62.55731,63.10051,57.92901,62.55731,0,,unrated: internal signals only,https://defillama.com/yields/pool/c9a324bb-5c7c-51d2-84ee-b68b9c687d03,
USD,Aerodrome Slipstream,Base,LP,CL1 - 0.0009%,Med-Low,DefiLlama,USDC-USDT,1091682,59.88729,40.80233,36.83419,58.73797,1.14932,,"score 7.2; USDC 8.6 (credora 9.5, pharos 9.0, tid 7.5); USDT 7.2 (credora 8.4, pharos 7.4, tid 6.0); worst leg: USDT",https://defillama.com/yields/pool/ba557f7e-f287-45a9-bc37-8f3a24ca05c7,
USD,Aerodrome Slipstream,Base,LP,CL50 - 0.0073%,Med-Low,DefiLlama,EURC-USDC,1217765,48.50913,32.64746,28.34387,44.39423,4.1149,,"score 7.9; EURC 8.3 (pharos 8.3); USDC 8.6 (credora 9.5, pharos 9.0, tid 7.5); worst leg: EURC; capped 7.9: not VERIFIED",https://defillama.com/yields/pool/847c874f-d4e7-47ed-8870-97d2f24a8767,
USD,Morpho Blue,Ethereum,Lending,PIKUUSDC,High,DefiLlama,PIKUUSDC,529732,44.89263,18.66298,13.64073,7.1665,37.72613,,score 1.5; allocation leg 3.0 (CarryTradeUSDTRYLeverage unrated@100%); -1 tvl<1M; -0.5 concentrated book 100%,https://defillama.com/yields/pool/ee4ffd2b-b3d1-539b-81d8-ca7c41df6d1a,SPIKE(30d avg 13.6)
USD,Gains Network,Arbitrum,Lending,Gains Network USDC,Med-Low,DefiLlama,USDC,4525010,41.61796,52.30397,37.56153,41.61796,,,"score 7.9; USDC 8.6 (credora 9.5, pharos 9.0, tid 7.5); capped 7.9: not VERIFIED",https://defillama.com/yields/pool/c48595c8-49bc-4853-80e4-f18c470bbfc3,
USD,Velodrome V2,OP Mainnet,LP,StableV2 AMM - USDC/msUSD,High,DefiLlama,USDC-msUSD,622753,35.00364,44.30283,36.18666,,35.00364,,"score 0.5; USDC 8.6 (credora 9.5, pharos 9.0, tid 7.5); MSUSD 1.0 (pharos 0.5, tid 1.5); worst leg: MSUSD; -1 tvl<1M",https://defillama.com/yields/pool/bc9d34bb-04b6-4aff-b697-76efb25902e5,REWARD-HEAVY(emissions 35.0 of 35.0 unverified)
USD,Balancer V3,Arbitrum,LP,EURE-AAVEUSDC,High,DefiLlama,EURE-AAVEUSDC,277676,29.55377,15.43666,11.43222,29.55377,0,,score 2.0; EURE 5.4 (pharos 5.4); AAVEUSDC unrated 3.0; worst leg: AAVEUSDC; -1 tvl<1M,https://defillama.com/yields/pool/c3f33e70-a3b9-4c5a-b5b7-2a79654c6403,
USD,Velodrome V2,OP Mainnet,LP,StableV2 AMM - USDC/sUSD,High,DefiLlama,USDC-sUSD,3240960,27.46614,28.43918,21.45351,,27.46614,,"score 3.5; USDC 8.6 (credora 9.5, pharos 9.0, tid 7.5); SUSD 3.5 (pharos 3.5); worst leg: SUSD",https://defillama.com/yields/pool/9d4a4ef4-dfb1-4c89-8daf-66aa70ca8586,REWARD-HEAVY(emissions 27.5 of 27.5 unverified)
USD,Mento V3,Monad,LP,Mento Fixed Price MM - EURm/USDm,High,DefiLlama,EURm-USDm,604134,25.80152,24.07415,22.72609,0.67703,25.12449,,"score 3.8; EURM 5.7 (pharos 5.7); USDM 4.8 (pharos 4.5, tid 5.0); worst leg: USDM; -1 tvl<1M",https://defillama.com/yields/pool/85dded37-c55d-4b2c-aca1-a136854bec51,
USD,Aerodrome Slipstream,Base,LP,CL50 - 0.05%,High,DefiLlama,MSUSD-USDC,1697875,24.78102,41.76767,164.47863,7.23543,17.54559,,"score 1.0; MSUSD 1.0 (pharos 0.5, tid 1.5); USDC 8.6 (credora 9.5, pharos 9.0, tid 7.5); worst leg: MSUSD",https://defillama.com/yields/pool/aae6cc3a-783b-4a76-bea7-c3edccd28d62,REWARD-HEAVY(emissions 17.5 of 24.8 unverified)
USD,Mento V3,Monad,LP,GBPM-USDM,High,DefiLlama,GBPM-USDM,622911,24.43629,24.09159,25.07307,0.08956,24.34673,,"score 3.8; GBPM 6.4 (pharos 6.4); USDM 4.8 (pharos 4.5, tid 5.0); worst leg: USDM; -1 tvl<1M",https://defillama.com/yields/pool/51f3ee86-2dd5-41e7-951c-c8c27165abbf,
USD,Aerodrome V1,Base,LP,USDC-ALUSDB,High,DefiLlama,USDC-ALUSDB,1670657,23.46705,23.78497,24.87713,,23.46705,,"score 3.0; USDC 8.6 (credora 9.5, pharos 9.0, tid 7.5); ALUSDB unrated 3.0; worst leg: ALUSDB",https://defillama.com/yields/pool/af1b872b-af09-511d-8124-2faa2c57b9b5,NEW(8d history)
USD,Aerodrome Slipstream,Base,LP,CL50 - 0.05%,High,DefiLlama,JEUR-USDC,253470,22.62634,24.74887,18.28558,,22.62634,,"score 2.0; USDC 8.6 (credora 9.5, pharos 9.0, tid 7.5); JEUR unrated 3.0; worst leg: JEUR; -1 tvl<1M",https://defillama.com/yields/pool/5bf1fcb1-e271-591b-aae4-2ac4038f8663,REWARD-HEAVY(emissions 22.6 of 22.6 unverified)
USD,Royco V2,Ethereum,Lending,Apyx apyUSD · Senior,High,DefiLlama,SRROYAPYUSD,3029478,21.41659,20.91835,33.69593,21.41659,,,unrated: internal signals only,https://defillama.com/yields/pool/a061ebd7-b5db-57e9-9361-99504b710165,
USD,Euler V2,Hyperliquid L1,Lending,EVK Vault eUSDC-4,Med-Low,DefiLlama,USDC,244532,19.92494,16.32857,8.46556,19.92494,,,"score 7.6; USDC 8.6 (credora 9.5, pharos 9.0, tid 7.5); -1 tvl<1M",https://defillama.com/yields/pool/520309ed-efc5-40f0-853f-c3bf681abd96,
USD,Aerodrome V1,Base,LP,Stable AMM - msUSD/USDC,High,DefiLlama,msUSD-USDC,1483283,19.51299,23.4208,15.80758,,19.51299,,"score 1.0; MSUSD 1.0 (pharos 0.5, tid 1.5); USDC 8.6 (credora 9.5, pharos 9.0, tid 7.5); worst leg: MSUSD",https://defillama.com/yields/pool/9652fa5a-8b82-4b48-b1b8-5a5d41ddcc42,REWARD-HEAVY(emissions 19.5 of 19.5 unverified)
USD,Curve DEX,Ethereum,LP,sdUSD/frxUSD,High,DefiLlama,sdUSD-frxUSD,639065,19.21636,21.22346,22.81702,3.41,15.80636,,"score 1.8; SDUSD 3.3 (pharos 3.3); FRXUSD 6.2 (pharos 7.1, tid 5.5); worst leg: SDUSD; -1 tvl<1M; -0.5 pool 78% in sdUSD",https://defillama.com/yields/pool/141fefb5-bb8c-4751-9a91-d450df554a5f,
USD,Uniswap V3,Ethereum,LP,0.05%,High,DefiLlama,EUROC-USDC,2189189,18.9338,12.88104,8.85992,18.9338,,,"score 3.0; USDC 8.6 (credora 9.5, pharos 9.0, tid 7.5); EUROC unrated 3.0; worst leg: EUROC",https://defillama.com/yields/pool/170db696-4634-4d6b-94b8-db6608776577,
USD,Beefy,Ethereum,LP,Pendle-10Dec26,High,DefiLlama,REUSDE,473391,18.92901,18.04307,17.60721,,,,score 2.0; REUSDE 3.0 (tid 3.0); -1 tvl<1M,https://defillama.com/yields/pool/60272668-6271-41e7-be2d-208508757679,
USD,Ember Protocol,Sui,Lending,Basis Vault,Med-High,DefiLlama,USDC,882998,18.58367,19.80429,16.17505,10.93646,7.64721,,"score 5.9; USDC 8.6 (credora 9.5, pharos 9.0, tid 7.5); -1 tvl<1M; capped 5.9: allocation not visible",https://defillama.com/yields/pool/0a3c5663-73bd-4d8a-bdcc-5e529a8b741d,
USD,Superform,Base,Lending,SuperVault,High,DefiLlama,SUPERNVDA,415029,18.18257,18.59419,21.74683,0,18.18257,,unrated: internal signals only,https://defillama.com/yields/pool/bc128d75-8019-5d5c-9e6c-2ab94b03b642,REWARD-HEAVY(emissions 18.2 of 18.2 unverified)
USD,Convex Finance,Ethereum,LP,pmUSD/frxUSD,High,DefiLlama,pmUSD-frxUSD,1135914,18.03562,17.42054,18.15555,0.02,18.01562,,"score 0.5; PMUSD 0.5 (pharos 0.5); FRXUSD 6.2 (pharos 7.1, tid 5.5); worst leg: PMUSD; -1 pool 95% in pmUSD",https://defillama.com/yields/pool/02ad75ab-b463-465f-a942-1c858ab4fd17,
USD,Convex Finance,Ethereum,LP,pmUSD/crvUSD,High,DefiLlama,pmUSD-crvUSD,1011796,18.02698,17.87559,18.73854,0.02,18.00698,,"score 0.5; PMUSD 0.5 (pharos 0.5); CRVUSD 6.0 (pharos 7.3, tid 5.0); worst leg: PMUSD; -1 pool 95% in pmUSD",https://defillama.com/yields/pool/b395019b-ecc9-430d-be47-617f13fa3975,
USD,Ember Protocol,Sui,Lending,USD Vault,Med-High,DefiLlama,USDC,837232,17.5629,16.89238,12.28369,17.5629,,,"score 5.9; USDC 8.6 (credora 9.5, pharos 9.0, tid 7.5); -1 tvl<1M; capped 5.9: allocation not visible",https://defillama.com/yields/pool/c4660338-6eb9-4337-b0e0-0b145df8650b,
USD,Convex Finance,Ethereum,LP,CRVUSD-CVCRVUSD,High,DefiLlama,CRVUSD-CVCRVUSD,436981,17.51934,17.72182,16.47922,0.25,17.26934,,"score 2.0; CRVUSD 6.0 (pharos 7.3, tid 5.0); CVCRVUSD unrated 3.0; worst leg: CVCRVUSD; -1 tvl<1M",https://defillama.com/yields/pool/184e49b8-644a-434c-9628-089b6213c273,
USD,Yearn Finance,Ethereum,Lending,REUSDSFRX,High,DefiLlama,REUSDSFRX,332476,17.45235,18.73133,19.79817,17.45235,0,,unrated: internal signals only,https://defillama.com/yields/pool/378059a2-f730-40fb-9596-bc9811be530d,
USD,Convex Finance,Ethereum,LP,reUSD/sfrxUSD,Med-High,DefiLlama,reUSD-sfrxUSD,1788124,17.22764,15.89224,16.00696,1.36,15.86764,,"score 4.3; REUSD 4.8 (pharos 5.0, tid 5.0, yearn 4.2); FRXUSD 6.2 (pharos 7.1, tid 5.5); worst leg: REUSD; -0.5 pool 76% in reUSD",https://defillama.com/yields/pool/0a84dcf2-f71a-4863-bd2e-1952a043eb0c,
USD,Yearn Finance,Ethereum,Lending,FRXUSDDUSD,High,DefiLlama,FRXUSDDUSD,296467,17.20611,18.16252,25.21564,17.20611,0,,unrated: internal signals only,https://defillama.com/yields/pool/a5f9e3ff-9601-553d-a020-60870b3e3f19,
USD,Convex Finance,Ethereum,LP,REUSD-SDOLA,Med-High,DefiLlama,REUSD-SDOLA,1436192,16.77877,17.05389,14.75908,1.68,15.09877,,"score 4.8; REUSD 4.8 (pharos 5.0, tid 5.0, yearn 4.2); SDOLA 5.0 (pharos 5.5, tid 4.5); worst leg: REUSD",https://defillama.com/yields/pool/9cf047db-5b50-4546-b901-0f34fe5ef2f7,
USD,Convex Finance,Ethereum,LP,reUSD/scrvUSD,Med-High,DefiLlama,reUSD-scrvUSD,8989757,16.04937,16.02068,15.61218,1.23,14.81937,,"score 4.3; REUSD 4.8 (pharos 5.0, tid 5.0, yearn 4.2); CRVUSD 6.0 (pharos 7.3, tid 5.0); worst leg: REUSD; -0.5 pool 76% in reUSD",https://defillama.com/yields/pool/1971c939-46e4-4b86-87d9-78308de47af7,
USD,Curve DEX,Ethereum,LP,VUSD-CRVUSD,High,DefiLlama,VUSD-CRVUSD,672122,16.0146,20.73323,15.65681,0.16,15.8546,,"score 2.0; CRVUSD 6.0 (pharos 7.3, tid 5.0); VUSD unrated 3.0; worst leg: VUSD; -1 tvl<1M",https://defillama.com/yields/pool/6bb5e798-b1f7-4e0b-9df2-ce23a6c77e2b,
USD,Convex Finance,Ethereum,LP,FTUSD-USDC,Med-High,DefiLlama,FTUSD-USDC,237768,15.9935,13.67339,10.84527,5.71,10.2835,,"score 4.3; FTUSD 5.3 (pharos 6.1, yearn 4.4); USDC 8.6 (credora 9.5, pharos 9.0, tid 7.5); worst leg: FTUSD; -1 tvl<1M",https://defillama.com/yields/pool/fff0794f-13b7-4535-8e13-dc84835c152c,
USD,Lagoon,Ethereum,Lending,SYNUSDX,High,DefiLlama,SYNUSDX,281803,15.90705,16.02876,17.49478,15.90705,,,unrated: internal signals only,https://defillama.com/yields/pool/30aa6a6f-63ff-44e0-8a50-7fa00fd3d540,
USD,Beefy,Ethereum,LP,Moo Curve reUSD-scrvUSD,High,DefiLlama,reUSD-scrvUSD,897250,15.83236,15.8165,15.37316,,,,"score 3.3; REUSD 4.8 (pharos 5.0, tid 5.0, yearn 4.2); CRVUSD 6.0 (pharos 7.3, tid 5.0); worst leg: REUSD; -1 tvl<1M; -0.5 pool 76% in reUSD",https://defillama.com/yields/pool/8fa62205-3835-4407-8b40-936b4125f2ad,
USD,Beefy,Ethereum,LP,Fx,High,DefiLlama,REUSD-FXUSD,276311,15.78941,16.08271,15.98067,,,,"score 3.3; REUSD 4.8 (pharos 5.0, tid 5.0, yearn 4.2); FXUSD 6.5 (pharos 7.2, tid 4.5, yearn 8.5); worst leg: REUSD; -1 tvl<1M; -0.5 pool 76% in reUSD",https://defillama.com/yields/pool/cf1e89d4-0833-4f7e-8dd2-8390daa14906,
USD,fx Protocol,Ethereum,Lending,REUSD+FXUSD,High,DefiLlama,REUSD+FXUSD,1780190,15.63,16.46857,15.89367,,,,unrated: internal signals only,https://defillama.com/yields/pool/923b502c-b379-421f-a322-58360e97ba64,
USD,Convex Finance,Ethereum,LP,FRXUSD-USD3,Med-High,DefiLlama,FRXUSD-USD3,1388068,15.61003,16.66455,14.84122,2.29,13.32003,,"score 4.9; FRXUSD 6.2 (pharos 7.1, tid 5.5); USD3 5.4 (credora 6.6, pharos 7.6, tid 3.5, yearn 4.2); worst leg: USD3; -0.5 pool 76% in frxUSD",https://defillama.com/yields/pool/4ea20421-ce5f-5a0d-971a-39e7afa017f8,
USD,Morpho Blue,Ethereum,Lending,Apyx apxUSD,High,DefiLlama,apxUSD,2543518,15.37483,14.52721,11.95244,15.37483,0,,"score 0.5; allocation leg 1.9 (PT-apyUSD-5NOV2026→apyUSD 1.9@100%, PT-apyUSD-18JUN2026→apyUSD 1.9@0%, apyUSD 2.4@0%, PT-apxUSD-5NOV2026→apxUSD 2.5@0%); -2 red flags; -1 util 100%; -0.5 concentrated book 100%",https://defillama.com/yields/pool/bb6eac99-e375-4643-84c3-5d368538694d,MISMATCH(source 9.64)
USD,Uniswap V4,Base,LP,0.00%,Med-Low,DefiLlama,USDC-USDT,219326,15.35524,10.78835,5.5436,15.35524,,,"score 6.2; USDC 8.6 (credora 9.5, pharos 9.0, tid 7.5); USDT 7.2 (credora 8.4, pharos 7.4, tid 6.0); worst leg: USDT; -1 tvl<1M",https://defillama.com/yields/pool/1570f494-b47c-4844-bc4c-f0260d683c3b,
USD,Velodrome V2,OP Mainnet,LP,StableV2 AMM - USDC/alUSD,High,DefiLlama,USDC-alUSD,1655628,15.03069,17.22915,14.1902,,15.03069,,"score 2.7; USDC 8.6 (credora 9.5, pharos 9.0, tid 7.5); ALUSD 2.7 (pharos 2.7); worst leg: ALUSD",https://defillama.com/yields/pool/8154fad0-f9ba-46d3-a54a-872080279ec8,
USD,Beefy,Ethereum,LP,Stakedao,High,DefiLlama,PMUSD-CRVUSD,422574,14.89053,15.04212,14.77634,,,,"score 0.5; PMUSD 0.5 (pharos 0.5); CRVUSD 6.0 (pharos 7.3, tid 5.0); worst leg: PMUSD; -1 tvl<1M; -1 pool 95% in pmUSD",https://defillama.com/yields/pool/95a9a3c4-64bd-4847-bc6c-a9e711d10cf3,
USD,Uniswap V4,Ethereum,LP,0.03%,Med-Low,DefiLlama,EURC-USDC,3188858,14.61733,12.09398,13.25086,14.61733,,,"score 7.9; EURC 8.3 (pharos 8.3); USDC 8.6 (credora 9.5, pharos 9.0, tid 7.5); worst leg: EURC; capped 7.9: not VERIFIED",https://defillama.com/yields/pool/d1b19295-a660-43ee-81ba-a7d4d3726807,
USD,Ember Protocol,Ethereum,Lending,Bitwise Premium+,Med-High,DefiLlama,USDC,5514348,14.49602,13.96466,11.04825,14.49602,,,"score 5.9; USDC 8.6 (credora 9.5, pharos 9.0, tid 7.5); capped 5.9: allocation not visible",https://defillama.com/yields/pool/99989c4e-cf3b-5936-89fa-769f7e56cd34,
USD,Aave V3,Ethereum,Lending,Umbrella,Med-Low,DefiLlama,USDC,57578640,14.27668,6.62114,5.60921,12.58668,1.69,,"score 7.9; USDC 8.6 (credora 9.5, pharos 9.0, tid 7.5); capped 7.9: not VERIFIED",https://defillama.com/yields/pool/6f00d46b-8735-49ae-9ced-2a0fccc56ad0,
USD,Orca DEX,Solana,LP,USDC-EURC,Med-Low,DefiLlama,USDC-EURC,491148,13.99816,9.60754,11.81336,13.99816,0,,"score 7.3; USDC 8.6 (credora 9.5, pharos 9.0, tid 7.5); EURC 8.3 (pharos 8.3); worst leg: EURC; -1 tvl<1M",https://defillama.com/yields/pool/2d456507-7b1d-43c1-9737-b26525c541c5,
USD,Morpho Blue,Ethereum,Lending,FCUSDT,Med-High,DefiLlama,FCUSDT,14504291,13.85607,13.26335,11.86702,4.91347,8.9426,,"score 4.8; allocation leg 4.8 (PT-USDat-14JAN2027→USDat 4.7@63%, sUSDai 4.9@37%, PT-reUSD-10DEC2026→reUSD 4.3@0%, XAUt 7.2@0%, wstETH 8.5*@0%, cbBTC 9.5@0%)",https://defillama.com/yields/pool/a2fb6364-078e-5f45-8549-7b0c61c2741d,
USD,Mento V3,Monad,LP,Mento Fixed Price MM - USDC/USDm,High,DefiLlama,USDC-USDm,299308,13.7558,14.73604,12.71227,1.09036,12.66544,,"score 3.8; USDC 8.6 (credora 9.5, pharos 9.0, tid 7.5); USDM 4.8 (pharos 4.5, tid 5.0); worst leg: USDM; -1 tvl<1M",https://defillama.com/yields/pool/b4fe9dc1-d635-4d15-8a4f-0a38e880e572,
USD,Lagoon,Ethereum,Lending,9SICUSDC,High,DefiLlama,9SICUSDC,301313,13.67311,13.67311,10.39554,13.67311,,,unrated: internal signals only,https://defillama.com/yields/pool/33fe6e80-5139-5f47-8e8b-a270394db09e,STALE(3d old)
USD,Yearn Finance,Ethereum,Lending,USDS,Med-High,DefiLlama,USDS,756715,13.53859,11.87768,4.30063,13.53859,0,,"score 5.9; USDS 8.1 (credora 8.4, pharos 8.0, tid 7.0, yearn 9.6); -1 tvl<1M; capped 5.9: allocation not visible",https://defillama.com/yields/pool/3033d94b-dcaf-4a0b-a9dd-a92998c74d5e,
USD,Mento V3,Monad,LP,AUSD-USDM,Med-High,DefiLlama,AUSD-USDM,2310671,13.33301,13.77771,14.3932,0.20803,13.12498,,"score 4.8; AUSD 7.3 (credora 9.0, pharos 7.3, tid 6.0); USDM 4.8 (pharos 4.5, tid 5.0); worst leg: USDM",https://defillama.com/yields/pool/ce74b9e0-376d-45ea-b1a4-362de60c12ce,
USD,Ember Protocol,Sui,Lending,Bitwise Premium+ RWA,Med-High,DefiLlama,USDC,8455861,13.23333,14.72063,6.57143,13.23333,,,"score 5.9; USDC 8.6 (credora 9.5, pharos 9.0, tid 7.5); capped 7.9: not VERIFIED; capped 5.9: allocation not visible",https://defillama.com/yields/pool/3df50f47-02ab-537f-9a2f-d3550643f5d3,
USD,Yearn Finance,Ethereum,Lending,REUSDSDOLA,High,DefiLlama,REUSDSDOLA,2135806,13.19535,12.22713,13.34131,13.19535,0,,unrated: internal signals only,https://defillama.com/yields/pool/98fcaeb8-6e0a-4552-8f42-41d801a48528,
USD,Balancer V3,Monad,LP,SYZUSD-CSUSDC,High,DefiLlama,SYZUSD-CSUSDC,365967,13.13192,13.3511,12.69048,6.65403,6.47789,,"score 2.0; SYZUSD 4.1 (pharos 5.4, tid 3.0); CSUSDC unrated 3.0; worst leg: CSUSDC; -1 tvl<1M",https://defillama.com/yields/pool/5bb0941e-6df0-4453-91dc-117093747229,
USD,Curve LlamaLend,Arbitrum,Lending,CRV collateral,Med-High,DefiLlama,CRVUSD,281612,12.9428,11.16747,14.51139,12.9428,0,,"score 5.0; CRVUSD 6.0 (pharos 7.3, tid 5.0); -1 tvl<1M",https://defillama.com/yields/pool/b6d6ddad-95f3-4b3e-a4f5-214b3024a896,
USD,Ember Protocol,Ethereum,Lending,Ember TulipaPRWA,Med-High,DefiLlama,USDC,1640257,12.93,12.93,15.75753,12.93,,,"score 5.9; USDC 8.6 (credora 9.5, pharos 9.0, tid 7.5); capped 7.9: not VERIFIED; capped 5.9: allocation not visible",https://defillama.com/yields/pool/aeb848ea-16ab-4098-8c02-bf81864692ac,
USD,Lagoon,Ethereum,Lending,GAMILUSPC,High,DefiLlama,GAMILUSPC,519551,12.91513,12.92299,11.19014,12.91513,,,unrated: internal signals only,https://defillama.com/yields/pool/074e6ecc-1e94-4a3e-b72f-9d14435578c3,
USD,Ember Protocol,Ethereum,Lending,Ember Pharos Alpha,Med-High,DefiLlama,USDC,2614939,12.90028,12.90017,12.92832,12.90028,,,"score 5.9; USDC 8.6 (credora 9.5, pharos 9.0, tid 7.5); capped 5.9: allocation not visible",https://defillama.com/yields/pool/d85a7f5f-3624-4b6b-b3a7-eefb42b2a5e9,
USD,Convex Finance,Ethereum,LP,evaUSDC/evaUSDT,High,DefiLlama,evaUSDT-evaUSDC,2564167,12.88553,12.36653,16.67851,0,12.88553,,unrated: internal signals only,https://defillama.com/yields/pool/3f9ff90a-50aa-4af7-9a3f-4d45586425f5,
USD,Fusion by IPOR,Ethereum,Lending,IPOR USDC Lending Optimizer Ethereum,Med-High,DefiLlama,USDC,261935,12.83517,4.80418,5.27472,12.83517,0,,"score 5.0; USDC 8.6 (credora 9.5, pharos 9.0, tid 7.5); allocation leg 8.5 (aave-v3 8.5†@96%, USDC 8.6@4%, WBTC 9.5@0%, euler?0x797dd8 6.0†@0%); allocation leg governs; -2 red flags; -1 tvl<1M; -0.5 concentrated book 96%",https://defillama.com/yields/pool/e5a2f2e1-f151-4047-9a30-62af991cff5c,MISMATCH(source 3.65)
USD,3Jane Lending,Ethereum,Lending,SUSD3,High,DefiLlama,SUSD3,7837234,12.68504,12.71241,12.98272,12.68504,,,unrated: internal signals only,https://defillama.com/yields/pool/a99bb965-ebaa-4d98-9ed2-fa18de52c605,
USD,Aave V3,Ethereum,Lending,USDC,Med-Low,DefiLlama,USDC,5236857,12.58668,4.93685,3.93887,12.58668,,,"score 7.9; USDC 8.6 (credora 9.5, pharos 9.0, tid 7.5); capped 7.9: not VERIFIED",https://defillama.com/yields/pool/aa70268e-4b52-42bf-a116-608b370f9501,
USD,Morpho Blue,Ethereum,Lending,ROXCUSDC,High,DefiLlama,ROXCUSDC,17274591,12.49816,11.95693,11.16505,5.31452,7.18364,,score 2.5; allocation leg 3.0 (PST unrated@97%); -0.5 concentrated book 97%,https://defillama.com/yields/pool/dc48e5dc-b5c0-5700-a300-206f13fe9c57,
USD,fx Protocol,Ethereum,Lending,StabilityPool wstETH,High,DefiLlama,FETH,229960,12.48,11.87714,11.76067,,,,unrated: internal signals only,https://defillama.com/yields/pool/b047693a-39ee-4cc0-b9b3-a60bb6bbc7cd,
USD,Fusion by IPOR,Ethereum,Lending,Bitcoin Dollar USDC,Med-High,DefiLlama,USDC,742209,12.47992,12.89861,12.34661,12.47992,0,,"score 5.9; USDC 8.6 (credora 9.5, pharos 9.0, tid 7.5); -1 tvl<1M; capped 5.9: allocation not visible",https://defillama.com/yields/pool/944111ae-680a-43d0-802a-38ddf362f5ac,
USD,Aerodrome V1,Base,LP,EUSD-USDC,High,DefiLlama,EUSD-USDC,482977,12.44688,12.10396,10.7256,,12.44688,,"score 3.8; EUSD 4.8 (pharos 4.8); USDC 8.6 (credora 9.5, pharos 9.0, tid 7.5); worst leg: EUSD; -1 tvl<1M",https://defillama.com/yields/pool/bde35fef-649f-4514-a564-e7e7da05eb52,REWARD-HEAVY(emissions 12.4 of 12.4 unverified)
USD,Curve DEX,Ethereum,LP,ftUSD/USDC,Med-High,DefiLlama,ftUSD-USDC,244791,12.4368,10.14308,8.22344,5.71,6.7268,,"score 4.3; FTUSD 5.3 (pharos 6.1, yearn 4.4); USDC 8.6 (credora 9.5, pharos 9.0, tid 7.5); worst leg: FTUSD; -1 tvl<1M",https://defillama.com/yields/pool/f6df3c6a-c52c-414d-a82a-17e98eb90dcb,
USD,Aerodrome Slipstream,Base,LP,CL1 - 0.01%,High,DefiLlama,USDC-eUSD,553900,12.2878,8.37648,5.11162,5.28017,7.00763,,"score 3.8; USDC 8.6 (credora 9.5, pharos 9.0, tid 7.5); EUSD 4.8 (pharos 4.8); worst leg: EUSD; -1 tvl<1M",https://defillama.com/yields/pool/aeb97af6-bd75-4a34-975b-9166427a0ce3,
USD,Convex Finance,Ethereum,LP,FRXUSD-AVUSD,Med-High,DefiLlama,FRXUSD-AVUSD,321185,12.17407,12.03945,11.72415,0.02,12.15407,,"score 4.4; FRXUSD 6.2 (pharos 7.1, tid 5.5); AVUSD 5.4 (credora 5.8, pharos 6.0, tid 4.5); worst leg: AVUSD; -1 tvl<1M",https://defillama.com/yields/pool/cc5ab66c-6759-4772-a360-34436b940460,
USD,Ember Protocol,Sui,Lending,R25 Treasury Vault,Med-High,DefiLlama,USDC,8858329,12,12,12,8,4,,"score 5.9; USDC 8.6 (credora 9.5, pharos 9.0, tid 7.5); -2 self-reported; capped 5.9: allocation not visible",https://defillama.com/yields/pool/0ce62070-5201-47d1-84d5-f76d7e0cf5c0,SELF-REPORTED(flat 30d history)
USD,Beefy,Base,LP,Aerodrome,High,DefiLlama,USDC-EUSD,288737,11.90204,11.56753,10.20705,,,,"score 3.8; USDC 8.6 (credora 9.5, pharos 9.0, tid 7.5); EUSD 4.8 (pharos 4.8); worst leg: EUSD; -1 tvl<1M",https://defillama.com/yields/pool/1fcd6504-eaa4-4b67-aa74-ae2045ae1dfd,
USD,Re,Ethereum,Lending,Re Protocol reUSDe,High,DefiLlama,reUSDe,20593376,11.79528,11.8982,12.18611,11.79528,,,score 3.0; REUSDE 3.0 (tid 3.0),https://defillama.com/yields/pool/145810df-dc01-43e7-8033-e0aa5dceb767,
USD,Curve DEX,Ethereum,LP,SUSDX-USDX,High,DefiLlama,SUSDX-USDX,2016336,11.79,12.14857,11.16367,11.79,0,,score 1.1; USDX 1.1 (pharos 1.1); SUSDX unrated 3.0; worst leg: USDX,https://defillama.com/yields/pool/b679f5c4-17c3-5321-b5d0-2ffb25c5d52a,
USD,Convex Finance,Ethereum,LP,DUSD/frxUSD,Med-High,DefiLlama,frxUSD-DUSD,3440489,11.71179,12.32798,17.33683,0.01,11.70179,,"score 5.2; FRXUSD 6.2 (pharos 7.1, tid 5.5); DUSD 5.2 (pharos 5.4, tid 5.0); worst leg: DUSD",https://defillama.com/yields/pool/c77b9508-1a53-4ea1-9913-0207ce711fa2,REWARD-HEAVY(emissions 11.7 of 11.7 unverified)
USD,Concrete,Ethereum,Lending,Concrete Frontier USDC,High,DefiLlama,CTFRONTIERUSDC,1199719,11.63674,7.7858,8.30945,11.63674,,,unrated: internal signals only,https://defillama.com/yields/pool/ae9ce29c-ab67-41cd-b2a9-3bc3353d595f,
USD,Convex Finance,Ethereum,LP,CRVUSD-ZCHF,Med-High,DefiLlama,CRVUSD-ZCHF,212618,11.62871,10.01758,10.05656,0.05,11.57871,,"score 4.4; CRVUSD 6.0 (pharos 7.3, tid 5.0); ZCHF 5.9 (pharos 8.1, tid 4.0); worst leg: ZCHF; -1 tvl<1M; -0.5 pool 79% in ZCHF",https://defillama.com/yields/pool/34f1ecee-852f-4720-8371-b83cde5ea86b,
USD,Uniswap V4,Polygon,LP,0.00%,Med-Low,DefiLlama,USDC-USDC,1478348,11.59465,9.19073,7.10524,11.59465,,,"score 7.9; USDC 8.6 (credora 9.5, pharos 9.0, tid 7.5); USDC 8.6 (credora 9.5, pharos 9.0, tid 7.5); capped 7.9: not VERIFIED",https://defillama.com/yields/pool/97564477-a91f-4aae-a774-712be64f8c3f,
USD,Lagoon,Ethereum,Lending,TULIPAUSDC,Med-High,DefiLlama,TULIPAUSDC,8364732,11.52894,10.80247,8.79362,11.52894,,,unrated: internal signals only,https://defillama.com/yields/pool/c1cc3ce7-22ec-4ff3-825e-4f60c92bb662,
USD,Lagoon,Ethereum,Lending,YIELDUSDT,Med-High,DefiLlama,YIELDUSDT,1093920,11.48454,11.34852,10.13752,11.48454,,,unrated: internal signals only,https://defillama.com/yields/pool/5a50dd87-9597-4462-b286-be3e535959f5,
USD,Euler V2,Monad,Lending,EVK Vault eAUSD-16,Med-Low,DefiLlama,AUSD,1521045,11.29409,10.6428,8.73228,10.04409,1.25,,"score 7.3; AUSD 7.3 (credora 9.0, pharos 7.3, tid 6.0)",https://defillama.com/yields/pool/e150c112-d6f3-42f5-8c8d-78580058e1fd,
USD,Strata Markets,Ethereum,Lending,JRNOPAL,High,DefiLlama,JRNOPAL,381992,11.2893,11.25947,10.87582,11.2893,,,score 1.5; NOPAL 4.0 (pharos 4.0); -1 tvl<1M; -1.5 junior tranche (first loss),https://defillama.com/yields/pool/4dbe1258-b4bc-53f5-b9c0-4c497e028939,
USD,Morpho Blue,Base,Lending,NOONECOUSDC,High,DefiLlama,NOONECOUSDC,3196100,11.24007,10.40325,10.36632,6.24007,5,,score 3.5; allocation leg 5.0 (sUSN 5.0@100%); -1 util 92%; -0.5 concentrated book 100%,https://defillama.com/yields/pool/89c36167-17ae-571a-8adf-fca819b3a600,
USD,Strata Markets,Ethereum,Lending,SRMHYPER,High,DefiLlama,SRMHYPER,622947,11.21762,7.0243,6.84361,11.21762,,,"score 3.5; MHYPER 6.0 (credora 5.8, yearn 6.4); -2 red flags; -1 tvl<1M; +0.5 senior tranche buffer",https://defillama.com/yields/pool/a0560647-eb43-45d9-880d-3155db6d357e,MISMATCH(source 6.74)
USD,Convex Finance,Ethereum,LP,frxUSD/msUSD,High,DefiLlama,frxUSD-msUSD,1724617,11.21746,16.74585,13.08946,0.02,11.19746,,"score 0.5; FRXUSD 6.2 (pharos 7.1, tid 5.5); MSUSD 1.0 (pharos 0.5, tid 1.5); worst leg: MSUSD; -1 pool 89% in msUSD",https://defillama.com/yields/pool/ee024c35-c5c3-4a41-9018-75f72ec7ae4a,
USD,Uniswap V4,Ethereum,LP,0.00%,Med-Low,DefiLlama,USDe-USDC,821611,10.9976,6.33601,11.93147,10.9976,,,"score 6.2; USDE 7.2 (credora 7.4, pharos 7.9, tid 6.5); USDC 8.6 (credora 9.5, pharos 9.0, tid 7.5); worst leg: USDE; -1 tvl<1M",https://defillama.com/yields/pool/d6a444b3-d247-5a90-9c67-793bcb23cde0,
USD,Curve DEX,Ethereum,LP,REUSD-SDOLA,Med-High,DefiLlama,REUSD-SDOLA,5385085,10.9656,10.52733,11.05986,1.68,9.2856,,"score 4.8; REUSD 4.8 (pharos 5.0, tid 5.0, yearn 4.2); SDOLA 5.0 (pharos 5.5, tid 4.5); worst leg: REUSD",https://defillama.com/yields/pool/c69a5fa3-0948-428e-9a01-34057a08fde4,
USD,Curve DEX,Ethereum,LP,CADD-FRXUSD,Med-High,DefiLlama,CADD-FRXUSD,223593,10.92897,8.67477,18.30429,2.23,8.69897,,"score 5.2; CADD 6.5 (pharos 6.5); FRXUSD 6.2 (pharos 7.1, tid 5.5); worst leg: FRXUSD; -1 tvl<1M",https://defillama.com/yields/pool/ed8f9cf1-457b-5185-bc81-e16a7c637bf8,
USD,Uniswap V3,Polygon,LP,0.01%,Med-Low,DefiLlama,USDC-USDT,1129883,10.92626,8.56285,9.38271,10.92626,,,"score 7.2; USDC 8.6 (credora 9.5, pharos 9.0, tid 7.5); USDT 7.2 (credora 8.4, pharos 7.4, tid 6.0); worst leg: USDT",https://defillama.com/yields/pool/afc658d8-6c0b-4ac5-a46b-1bb611bf5234,
USD,Beefy,Ethereum,LP,Convex,High,DefiLlama,FRXUSD-MSUSD,487367,10.82872,16.77849,12.82182,,,,"score 0.5; FRXUSD 6.2 (pharos 7.1, tid 5.5); MSUSD 1.0 (pharos 0.5, tid 1.5); worst leg: MSUSD; -1 tvl<1M; -1 pool 89% in msUSD",https://defillama.com/yields/pool/b2c25704-1861-4ea0-83f4-afa055256914,
USD,Lagoon,Ethereum,Lending,SYNUSD,Med-High,DefiLlama,SYNUSD,1085537,10.76844,11.00199,10.50714,10.76844,,,unrated: internal signals only,https://defillama.com/yields/pool/b77a60fc-002a-4941-ac26-ec89836c5202,
USD,Pareto Credit,Ethereum,Lending,IdleCDO AA Tranche - BastionUSDC,Med-High,DefiLlama,USDC,11097770,10.58537,10.58566,10.58575,10.58537,,,"score 5.9; USDC 8.6 (credora 9.5, pharos 9.0, tid 7.5); capped 7.9: not VERIFIED; capped 5.9: allocation not visible",https://defillama.com/yields/pool/131faace-08f6-5516-8345-37dee670dccc,
USD,Orca DEX,Solana,LP,USDG-USDe,Med-Low,DefiLlama,USDG-USDe,1499819,10.54586,8.73493,6.34171,10.54586,0,,"score 7.2; USDG 7.7 (credora 9.0, pharos 7.3, tid 6.5, yearn 8.5); USDE 7.2 (credora 7.4, pharos 7.9, tid 6.5); worst leg: USDE",https://defillama.com/yields/pool/ae8e306b-a55d-48ce-afea-420d177c9272,
USD,Curve DEX,Ethereum,LP,EVAUSDT-USDT,High,DefiLlama,EVAUSDT-USDT,273704,10.5278,11.5865,10.26628,0,10.5278,,"score 2.0; USDT 7.2 (credora 8.4, pharos 7.4, tid 6.0); EVAUSDT unrated 3.0; worst leg: EVAUSDT; -1 tvl<1M",https://defillama.com/yields/pool/8e92aa64-5da5-5f33-bef0-9ed87ec99261,
USD,Aerodrome Slipstream,Base,LP,CL10 - 0.05%,High,DefiLlama,USDC-ALUSDB,244912,10.44168,24.10328,31.5346,,10.44168,,"score 2.0; USDC 8.6 (credora 9.5, pharos 9.0, tid 7.5); ALUSDB unrated 3.0; worst leg: ALUSDB; -1 tvl<1M",https://defillama.com/yields/pool/2974581e-b6c7-5b8e-812a-bda0decab061,NEW(8d history); REWARD-HEAVY(emissions 10.4 of 10.4 unverified)
USD,Neverland,Monad,Lending,Neverland Interest Bearing USDC,Med-Low,DefiLlama,USDC,840923,10.40255,11.22219,10.12972,2.46183,7.94072,,"score 7.6; USDC 8.6 (credora 9.5, pharos 9.0, tid 7.5); -1 tvl<1M",https://defillama.com/yields/pool/1d60f574-c41c-444f-8604-462eb7b714a5,REWARD-HEAVY(emissions 7.9 of 10.4 unverified)
USD,Neverland,Monad,Lending,Neverland Interest Bearing USDT0,Med-Low,DefiLlama,USDT0,944857,10.33799,10.94969,11.43982,1.8133,8.52469,,"score 6.2; USDT 7.2 (credora 8.4, pharos 7.4, tid 6.0); -1 tvl<1M",https://defillama.com/yields/pool/75ebf8be-5578-460c-a529-4ae8c35f6138,REWARD-HEAVY(emissions 8.5 of 10.3 unverified)
USD,Convex Finance,Ethereum,LP,alUSD/frxUSD,High,DefiLlama,alUSD-frxUSD,1882272,10.29985,10.17799,9.68256,0.17,10.12985,,"score 1.7; ALUSD 2.7 (pharos 2.7); FRXUSD 6.2 (pharos 7.1, tid 5.5); worst leg: ALUSD; -1 pool 90% in alUSD",https://defillama.com/yields/pool/398fc5e7-b9e3-45a2-b9bb-e65913bb02a6,
USD,YieldNest,Ethereum,Lending,YNUSDX,High,DefiLlama,YNUSDX,348515,10.20726,10.83478,8.96545,,,,unrated: internal signals only,https://defillama.com/yields/pool/bc8b5474-015a-4af5-8d88-3b4b6155b56e,
USD,Ember Protocol,Sui,Lending,Ember Basis,Med-High,DefiLlama,USDC,540751,10.10492,10.88413,8.942,10.10492,,,"score 5.9; USDC 8.6 (credora 9.5, pharos 9.0, tid 7.5); -1 tvl<1M; capped 5.9: allocation not visible",https://defillama.com/yields/pool/6e26edc4-dc03-4d6d-a740-1fe69f338101,
USD,Ember Protocol,Sui,Lending,Ember Earn Vault,Med-High,DefiLlama,USDC,9224845,10.00883,10.12802,10.1294,10.00883,,,"score 5.9; USDC 8.6 (credora 9.5, pharos 9.0, tid 7.5); capped 7.9: not VERIFIED; capped 5.9: allocation not visible",https://defillama.com/yields/pool/a1a9916c-63b2-49a1-b4b0-cbe8a9e7275c,
USD,Upshift,Ethereum,Lending,COREUSDC,High,DefiLlama,COREUSDC,2089197,10,10,10,10,,,unrated: internal signals only,https://defillama.com/yields/pool/e89539a4-5600-40cf-bef6-5bace2fc9b8f,SELF-REPORTED(flat 30d history)
USD,Uniswap V3,Polygon,LP,0.01%,Med-Low,DefiLlama,USDC-USDT,1483491,9.969,8.36872,11.17987,9.969,,,"score 7.2; USDC 8.6 (credora 9.5, pharos 9.0, tid 7.5); USDT 7.2 (credora 8.4, pharos 7.4, tid 6.0); worst leg: USDT",https://defillama.com/yields/pool/5554379b-97a6-456f-9a8b-4f7da8654aad,
USD,Morpho Blue,Ethereum,Lending,SENPYUSDMAIN,Med-High,DefiLlama,SENPYUSDMAIN,395654079,9.81727,7.4435,6.15181,6.88653,2.93074,,"score 4.6; allocation leg 7.6 (kBTC 9.0@44%, sUSDe 6.0@28%, syrupUSDC 6.8@16%, weETH 7.0@10%, cbBTC 9.5@1%, WBTC 9.5@0%, wstETH 8.5*@0%, LBTC 8.4@0%, WETH 9.0*@0%); -2 red flags; -1 util 94%",https://defillama.com/yields/pool/699f25fe-09f4-4f82-8f58-baa5b0af8fa4,MISMATCH(source 2.47)
USD,Yearn Finance,Ethereum,Lending,YVUSD,Med-Low,DefiLlama,YVUSD,4444648,9.79791,9.06758,8.56177,9.79791,0,,score 7.9; YVUSD 8.1 (yearn 8.1); capped 7.9: not VERIFIED,https://defillama.com/yields/pool/13995c55-4d83-4784-b6a8-3dac45e05675,
USD,Beefy,Ethereum,LP,Moo Curve frxUSD-msUSD,High,DefiLlama,frxUSD-msUSD,436845,9.69925,7.73398,9.4922,,,,"score 0.5; FRXUSD 6.2 (pharos 7.1, tid 5.5); MSUSD 1.0 (pharos 0.5, tid 1.5); worst leg: MSUSD; -1 tvl<1M; -1 pool 89% in msUSD",https://defillama.com/yields/pool/11bd70a0-dd31-4997-8707-107a6c122864,
USD,Morpho Blue,Ethereum,Lending,Steakhouse Ethena USDtb,High,DefiLlama,USDtb,937234,9.63918,4.95827,3.47479,9.63918,0,,unrated: internal signals only,https://defillama.com/yields/pool/2bade0af-0dee-410b-88ed-78f17133dad7,
USD,Ember Protocol,Ethereum,Lending,Ember Earn,Med-High,DefiLlama,USDC,3711453,9.53913,9.64233,9.5661,9.53913,,,"score 5.9; USDC 8.6 (credora 9.5, pharos 9.0, tid 7.5); capped 5.9: allocation not visible",https://defillama.com/yields/pool/ea75fef6-f916-465d-81c9-d2a159cbf767,
USD,Morpho Blue,Monad,Lending,August USDC V2,High,DefiLlama,USDC,6810792,9.51223,10.02716,8.31969,5.03233,4.4799,,score 2.5; allocation leg 3.0 (earnAUSD unrated@100%); -0.5 concentrated book 100%,https://defillama.com/yields/pool/0b033747-3a22-486b-a600-9958b878bef7,
USD,Fluid Lending,Base,Lending,Fluid USD Coin,Med-Low,DefiLlama,USDC,13041350,9.49,8.37857,6.13533,3.82,5.67,,"score 7.9; USDC 8.6 (credora 9.5, pharos 9.0, tid 7.5); capped 7.9: not VERIFIED",https://defillama.com/yields/pool/7372edda-f07f-4598-83e5-4edec48c4039,
USD,Convex Finance,Ethereum,LP,USD3-SCRVUSD,Med-High,DefiLlama,USD3-SCRVUSD,482542,9.38566,9.31793,9.61875,1.52,7.86566,,"score 4.4; USD3 5.4 (credora 6.6, pharos 7.6, tid 3.5, yearn 4.2); CRVUSD 6.0 (pharos 7.3, tid 5.0); worst leg: USD3; -1 tvl<1M",https://defillama.com/yields/pool/2340bd1f-1e31-4461-adad-fd052b7067f3,
USD,Fluid Lending,Plasma,Lending,Fluid Gho Token,Med-Low,DefiLlama,GHO,9211334,9.38,13.88714,9.711,7.25,2.13,,"score 6.9; GHO 6.9 (credora 8.4, pharos 7.1, tid 5.5)",https://defillama.com/yields/pool/9c03c77d-e19c-4fcd-9b68-14e254676552,
USD,Pareto Credit,Ethereum,Lending,IdleCDO AA Tranche - Adaptive FrontierUSDC,Med-High,DefiLlama,USDC,1978308,9.375,9.375,9.375,9.375,,,"score 5.9; USDC 8.6 (credora 9.5, pharos 9.0, tid 7.5); -2 self-reported; capped 5.9: allocation not visible",https://defillama.com/yields/pool/33c3f981-47b5-5edc-b76c-a642955a1a51,SELF-REPORTED(flat 30d history)
USD,Steakhouse Financial,Ethereum,Lending,HIGHYIELDTERMAUSD,High,DefiLlama,HIGHYIELDTERMAUSD,2186702,9.33769,9.33737,7.95301,9.33769,,,unrated: internal signals only,https://defillama.com/yields/pool/de39c4b2-d28c-4ca1-a723-b7f2ba9dcbe1,
USD,Curve DEX,Ethereum,LP,reUSD/scrvUSD,Med-High,DefiLlama,reUSD-scrvUSD,14767921,9.32374,8.91666,8.76478,1.23,8.09374,,"score 4.3; REUSD 4.8 (pharos 5.0, tid 5.0, yearn 4.2); CRVUSD 6.0 (pharos 7.3, tid 5.0); worst leg: REUSD; -0.5 pool 76% in reUSD",https://defillama.com/yields/pool/5c4940c7-c193-440d-b95e-9148d017e12c,
USD,Concrete,Ethereum,Lending,ZIG USD1,High,DefiLlama,CTZIGUSD1,10094881,9.32009,3.99467,3.45386,9.32009,,,unrated: internal signals only,https://defillama.com/yields/pool/83e4e0e2-1830-510d-8040-2ab064e5d97d,
USD,Beefy,Monad,LP,Moo AaveV3 Monad USDC,Med-Low,DefiLlama,USDC,3891985,9.20055,8.49646,8.70757,,,,"score 7.9; USDC 8.6 (credora 9.5, pharos 9.0, tid 7.5); capped 7.9: not VERIFIED",https://defillama.com/yields/pool/70f959a9-0167-54b4-a89b-53e35d75cd8e,
USD,Lagoon,Ethereum,Lending,GAMIUSDC,Med-High,DefiLlama,GAMIUSDC,8817657,9.19846,9.19577,9.27715,9.19846,,,unrated: internal signals only,https://defillama.com/yields/pool/b49e91d4-961e-49f1-98cd-f3b6d4422b65,
USD,Convex Finance,Ethereum,LP,USDC/USDf,High,DefiLlama,USDC-USDf,1546702,9.18691,9.10852,8.88466,0.08,9.10691,,"score 3.4; USDC 8.6 (credora 9.5, pharos 9.0, tid 7.5); USDF 3.9 (credora 3.2, pharos 4.6); worst leg: USDF; -0.5 pool 81% in USDf",https://defillama.com/yields/pool/977bc628-7476-43cf-abb8-68934bf56171,
USD,Convex Finance,Ethereum,LP,FRXUSD-SUSDE,Med-High,DefiLlama,FRXUSD-SUSDE,345556,9.10425,8.98145,9.66668,3.45,5.65425,,"score 5.0; FRXUSD 6.2 (pharos 7.1, tid 5.5); SUSDE 6.0 (pharos 5.5, tid 6.5); worst leg: SUSDE; -1 tvl<1M",https://defillama.com/yields/pool/6a1c44bd-de27-5e01-a038-9cec52d058b1,
USD,Upshift,Ethereum,Lending,UPUSDC,High,DefiLlama,UPUSDC,2095451,9.09,9.09,9.09,9.09,,,unrated: internal signals only,https://defillama.com/yields/pool/6b6ddb24-adfd-449d-a21e-e029a102e318,SELF-REPORTED(flat 30d history)
USD,Beefy,Ethereum,LP,Moo FxConvex USDC-fxUSD,Med-Low,DefiLlama,fxUSD-USDC,1759951,9.06027,8.36934,8.65063,,,,"score 6.5; FXUSD 6.5 (pharos 7.2, tid 4.5, yearn 8.5); USDC 8.6 (credora 9.5, pharos 9.0, tid 7.5); worst leg: FXUSD",https://defillama.com/yields/pool/72a2bad5-812e-4f90-bb1c-a4ccf76d270a,
USD,Beefy,Monad,LP,Aave,Med-Low,DefiLlama,USDT0,502170,9.04306,9.15116,9.00425,,,,"score 6.2; USDT 7.2 (credora 8.4, pharos 7.4, tid 6.0); -1 tvl<1M",https://defillama.com/yields/pool/0c6ba1c2-626f-5d1a-8b9b-50629a17087d,
USD,Curvance,Monad,Lending,aguaUSDCgc/USDC,High,DefiLlama,USDC,740469,9.0022,8.99509,9.13432,7.2022,1.8,,"score 2.0; USDC 8.6 (credora 9.5, pharos 9.0, tid 7.5); collateral leg 3.0 (aguaUSDCgc unrated@100%); collateral leg governs; -1 tvl<1M",https://defillama.com/yields/pool/ad20f587-745b-515d-97b4-a2caa5efc8b3,
USD,Royco V2,Base,Lending,Staked USN · Junior,High,DefiLlama,JRROYSUSN,203259,8.95606,8.70803,8.75694,8.95606,,,unrated: internal signals only,https://defillama.com/yields/pool/f0d627e3-5218-5531-ab86-9f73400e6450,
USD,Convex Finance,Ethereum,LP,reUSD/fxUSD,Med-High,DefiLlama,reUSD-fxUSD,1780138,8.91564,9.77752,8.25776,0.1,8.81564,,"score 4.3; REUSD 4.8 (pharos 5.0, tid 5.0, yearn 4.2); FXUSD 6.5 (pharos 7.2, tid 4.5, yearn 8.5); worst leg: REUSD; -0.5 pool 76% in reUSD",https://defillama.com/yields/pool/bd685d54-44b7-4b98-a2a8-4ecc22b59d66,
USD,Current,Sui,Lending,EmberMarket,Med-High,DefiLlama,USDC,208404,8.90832,9.37884,10.07271,2.78576,6.12256,,"score 5.9; USDC 8.6 (credora 9.5, pharos 9.0, tid 7.5); -1 tvl<1M; capped 5.9: collateral not visible",https://defillama.com/yields/pool/e6ba2561-b55b-4d96-ac68-e63f2c52959d,
USD,Curve DEX,Ethereum,LP,USD3/frxUSD,Med-High,DefiLlama,frxUSD-USD3,2093791,8.9076,10.50565,9.17771,2.29,6.6176,,"score 4.9; FRXUSD 6.2 (pharos 7.1, tid 5.5); USD3 5.4 (credora 6.6, pharos 7.6, tid 3.5, yearn 4.2); worst leg: USD3; -0.5 pool 76% in frxUSD",https://defillama.com/yields/pool/530bb752-3930-487d-be70-f9510ea1e86e,
USD,Curve DEX,Ethereum,LP,FRXUSD-SUSDAI,High,DefiLlama,FRXUSD-SUSDAI,593562,8.81533,11.73835,11.79655,3.21,5.60533,,"score 1.9; FRXUSD 6.2 (pharos 7.1, tid 5.5); SUSDAI 4.9 (pharos 5.4, tid 4.5); worst leg: SUSDAI; -2 red flags; -1 tvl<1M",https://defillama.com/yields/pool/6179ce35-5a06-5423-a6f9-b52ad7bbb36b,MISMATCH(curve total 5.62)
USD,Midas RWA,Ethereum,Lending,mHYPER,Med-Low,DefiLlama,USDC,31255001,8.76,7.77857,6.72033,8.76,,,"score 6.0; MHYPER 6.0 (credora 5.8, yearn 6.4)",https://defillama.com/yields/pool/ebb3a954-fd67-4a3b-ac2f-3a8c7be9200b,
USD,Curve DEX,Ethereum,LP,pmUSD/crvUSD,High,DefiLlama,pmUSD-crvUSD,1755465,8.74949,8.85858,8.61638,0.02,8.72949,,"score 0.5; PMUSD 0.5 (pharos 0.5); CRVUSD 6.0 (pharos 7.3, tid 5.0); worst leg: PMUSD; -1 pool 95% in pmUSD",https://defillama.com/yields/pool/37fb91f9-866e-4fb1-9339-1311c04a8a00,
USD,Beefy,Ethereum,LP,Moo Curve USDC-USDf,High,DefiLlama,USDf-USDC,1232005,8.73717,8.65799,8.47008,,,,"score 3.4; USDF 3.9 (credora 3.2, pharos 4.6); USDC 8.6 (credora 9.5, pharos 9.0, tid 7.5); worst leg: USDF; -0.5 pool 81% in USDf",https://defillama.com/yields/pool/cc8b2028-9dd6-4968-83a5-f21ebba61945,
USD,Lagoon,Base,Lending,DTUSDC,High,DefiLlama,DTUSDC,666658,8.72979,8.39416,8.66589,8.72979,,,unrated: internal signals only,https://defillama.com/yields/pool/e4f8123d-1e03-408e-869a-76708a62bc89,
USD,Morpho Blue,Ethereum,Lending,ROXUSDCY,Med-High,DefiLlama,ROXUSDCY,15236660,8.718,8.30067,7.1672,8.718,0,,"score 4.6; allocation leg 4.6 (dCOMP unrated@72%, wstETH 8.5*@25%, cbBTC 9.5@3%)",https://defillama.com/yields/pool/caa9ffc0-2983-4c18-9556-4e3ad4dfe6ac,
USD,Morpho Blue,Base,Lending,EDGEUSDC,Med-Low,DefiLlama,EDGEUSDC,408292,8.68709,9.77025,9.87875,8.68709,0,,score 6.0; allocation leg 9.5 (cbBTC 9.5@100%); -2 red flags; -1 tvl<1M; -0.5 concentrated book 100%,https://defillama.com/yields/pool/c29704a4-3537-459d-bc4d-1f8812f28bcd,MISMATCH(source 3.95)
USD,Beefy,Monad,LP,Aave,Med-Low,DefiLlama,AUSD,323691,8.67687,8.25313,8.6443,,,,"score 6.3; AUSD 7.3 (credora 9.0, pharos 7.3, tid 6.0); -1 tvl<1M",https://defillama.com/yields/pool/50bc2fa1-968c-5411-bf74-ccf571c2bd2d,
USD,Curve DEX,Ethereum,LP,CRV LlamaLend Recovery,High,DefiLlama,crvUSD-cvcrvUSD,740343,8.63909,9.14204,8.91906,0,8.63909,,"score 2.0; CRVUSD 6.0 (pharos 7.3, tid 5.0); CVCRVUSD unrated 3.0; worst leg: CVCRVUSD; -1 tvl<1M",https://defillama.com/yields/pool/5ae68ccd-1f75-42a7-a2e6-23f80e98b874,
USD,Fraxlend,Ethereum,Lending,Fraxlend Interest Bearing FRAX (Staked Frax Ether) - 16,High,DefiLlama,FRAX,911115,8.60437,8.59164,8.87043,8.60437,,,"score 2.9; FRAX 3.9 (pharos 5.6, tid 2.5); -1 tvl<1M",https://defillama.com/yields/pool/e17d2238-b264-4cc3-a1df-d090f6ba4194,
USD,Balancer V3,Monad,LP,AVUSD-AUSD,Med-High,DefiLlama,AVUSD-AUSD,2532718,8.59311,8.71455,6.2774,1.44398,7.14913,,"score 5.4; AVUSD 5.4 (credora 5.8, pharos 6.0, tid 4.5); AUSD 7.3 (credora 9.0, pharos 7.3, tid 6.0); worst leg: AVUSD",https://defillama.com/yields/pool/86d04138-6712-5be0-85f4-1d92331ca1d5,
USD,Morpho Blue,Monad,Lending,Y10KAUSD,High,DefiLlama,Y10KAUSD,5543314,8.59168,7.46468,6.70196,5.64207,2.94961,,"score 1.6; allocation leg 3.1 (mROX unrated@96%, savUSD 4.9@4%, syzUSD 4.1@0%); -1 util 94%; -0.5 concentrated book 96%",https://defillama.com/yields/pool/fa3241cd-4d8e-51b7-a144-cac0cdc753a4,NEW(9d history)
USD,Yearn Finance,Ethereum,Lending,CRVUSD,Med-High,DefiLlama,CRVUSD,388299,8.57079,8.67541,8.68898,8.57079,0,,"score 5.0; CRVUSD 6.0 (pharos 7.3, tid 5.0); -1 tvl<1M",https://defillama.com/yields/pool/31a0a87d-87e9-4de1-a551-447b54f23141,
USD,Morpho Blue,Ethereum,Lending,SENRLUSDV2,Med-Low,DefiLlama,SENRLUSDV2,420351138,8.51946,6.77313,6.30968,5.63973,2.87973,,"score 6.3; allocation leg 8.3 (kBTC 9.0@57%, weETH 7.0@28%, USDe 7.2@8%, cbBTC 9.5@3%, syrupUSDC 6.8@1%, wstETH 8.5*@0%, WBTC 9.5@0%, WETH 9.0*@0%, PT-sUSDE-13AUG2026→sUSDE 5.5@0%); -2 red flags",https://defillama.com/yields/pool/2e53bb82-f13f-4157-a3bf-b1a91b94b6a4,MISMATCH(source 2.66)
USD,Kamino Lend,Solana,Lending,OnRe Market,High,DefiLlama,USDC,908178,8.51532,7.96034,8.09499,8.51532,,,"score 3.7; USDG 7.7 (credora 9.0, pharos 7.3, tid 6.5, yearn 8.5); market reserves leg 5.7 (ONyc 4.4@68%, USDC 8.6@31%, USDC 8.6@1%, PT-ONyc-10JAN27→ONyc 3.9@0%, USDS 8.1@0%, PT-ONyc-10SEP26→ONyc 3.9@0%, USDC 8.6@0%, USDC 8.6@0%, AUSD 7.3@0%, USDC 8.6@0%); market reserves leg governs; -1 tvl<1M; -1 util 94%",https://defillama.com/yields/pool/d43d4478-f785-41ab-9bd0-6d48f75c84a1,
USD,Beefy,Ethereum,LP,Morpho,Med-Low,DefiLlama,USDC,573080,8.45753,7.39475,6.34225,,,,"score 7.6; USDC 8.6 (credora 9.5, pharos 9.0, tid 7.5); -1 tvl<1M",https://defillama.com/yields/pool/8f936e29-8efd-4562-a0d6-0eec89184dae,
USD,Curve DEX,Ethereum,LP,reUSD/sfrxUSD,Med-High,DefiLlama,reUSD-sfrxUSD,2769143,8.40772,8.72981,9.0097,1.36,7.04772,,"score 4.3; REUSD 4.8 (pharos 5.0, tid 5.0, yearn 4.2); FRXUSD 6.2 (pharos 7.1, tid 5.5); worst leg: REUSD; -0.5 pool 76% in reUSD",https://defillama.com/yields/pool/3dde1458-2baa-4b83-a451-c81ac14c8dea,
USD,Lista Lending,BSC,Lending,USDC,Med-Low,DefiLlama,USDC,1003771,8.35193,7.4909,4.6519,0.05378,8.29815,,"score 7.9; USDC 8.6 (credora 9.5, pharos 9.0, tid 7.5); capped 7.9: not VERIFIED",https://defillama.com/yields/pool/2e2b6277-9fc6-4466-8580-0dfb9416aad7,REWARD-HEAVY(emissions 8.3 of 8.4 unverified)
USD,Convex Finance,Ethereum,LP,FRXUSD-SGHO,Med-High,DefiLlama,FRXUSD-SGHO,523168,8.33775,7.41377,8.67494,3.1,5.23775,,"score 5.2; FRXUSD 6.2 (pharos 7.1, tid 5.5); SGHO 6.6 (pharos 6.7, tid 5.5, yearn 8.0); worst leg: FRXUSD; -1 tvl<1M",https://defillama.com/yields/pool/9b7d2a6b-6bbc-563b-aabf-a0cd43b9333d,
USD,Morpho Blue,Ethereum,Lending,Steakhouse Confidential Prime USDC,Low,DefiLlama,USDC,34324754,8.29992,7.88818,7.36032,8.29992,0,,"score 8.4; allocation leg 9.0 (cbBTC 9.5@46%, wstETH 8.5*@42%, WETH 9.0*@12%); credora vault A- (psl 0.41%)",https://defillama.com/yields/pool/2f5341f4-6c2e-4c65-b2e0-10cd5228ff62,
USD,Morpho Blue,Monad,Lending,Hyperithm USDC Apex,High,DefiLlama,USDC,46597530,8.23812,8.70325,7.80117,7.03106,1.20706,,"score 2.8; allocation leg 3.8 (aHYPER unrated@52%, PT-USDat-14JAN2027→USDat 4.7@43%, mHYPER 6.0@0%, WETH 9.0*@0%, WBTC 9.5@0%, cbBTC 9.5@0%); -1 util 99%",https://defillama.com/yields/pool/ec6a71a7-41ae-4e72-942f-b4bc99c3b3cb,
USD,Convex Finance,Ethereum,LP,Curve.fi FRAX/USDC,High,DefiLlama,FRAX-USDC,725223,8.18408,6.81131,8.39121,0.08,8.10408,,"score 1.9; FRAX 3.9 (pharos 5.6, tid 2.5); USDC 8.6 (credora 9.5, pharos 9.0, tid 7.5); worst leg: FRAX; -1 tvl<1M; -1 pool 90% in FRAX",https://defillama.com/yields/pool/bd072651-d99c-4154-aeae-51f12109c054,REWARD-HEAVY(emissions 8.1 of 8.2 unverified)
USD,Current,Sui,Lending,MainMarket,Med-High,DefiLlama,USDC,21205800,8.13432,8.45826,8.63732,1.8875,6.24682,,"score 5.9; USDC 8.6 (credora 9.5, pharos 9.0, tid 7.5); capped 5.9: collateral not visible",https://defillama.com/yields/pool/a0860ad8-ba2a-4ff8-8a13-348788864f23,
USD,Yearn Finance,Ethereum,Lending,USDC-2 yVault,Med-High,DefiLlama,USDC,466174,8.11921,8.87284,8.85875,8.11921,0,,"score 5.9; USDC 8.6 (credora 9.5, pharos 9.0, tid 7.5); -1 tvl<1M; capped 5.9: allocation not visible",https://defillama.com/yields/pool/6dc5652b-c1f0-4871-ac8e-bff2eaddac2a,
USD,Curve DEX,Ethereum,LP,pmUSD/frxUSD,High,DefiLlama,pmUSD-frxUSD,1887199,8.11165,8.56047,8.95394,0.02,8.09165,,"score 0.5; PMUSD 0.5 (pharos 0.5); FRXUSD 6.2 (pharos 7.1, tid 5.5); worst leg: PMUSD; -1 pool 95% in pmUSD",https://defillama.com/yields/pool/227d976d-035c-4be3-83a9-70a6135f9c18,
USD,Strata Markets,Ethereum,Lending,fixed-rate,High,DefiLlama,SRUSDAT,5969736,8.11136,8.11136,8.11136,8.11136,,,"score 3.7; USDAT 5.2 (pharos 6.0, tid 4.5, yearn 5.4); -2 self-reported; +0.5 senior tranche buffer",https://defillama.com/yields/pool/d0f93146-6936-4fac-841e-68178b5a59b2,SELF-REPORTED(flat 30d history)
USD,Curve DEX,Ethereum,LP,frxUSD/msUSD,High,DefiLlama,frxUSD-msUSD,6215526,8.08995,6.37262,6.04112,0.02,8.06995,,"score 0.5; FRXUSD 6.2 (pharos 7.1, tid 5.5); MSUSD 1.0 (pharos 0.5, tid 1.5); worst leg: MSUSD; -1 pool 89% in msUSD",https://defillama.com/yields/pool/54a73b0a-d1f0-4a82-9e9f-2a6520351527,
USD,Morpho Blue,Ethereum,Lending,CSUSDCCORE,Med-High,DefiLlama,CSUSDCCORE,1314144,8.07861,7.19486,7.21958,8.07861,0,,"score 4.4; allocation leg 4.4 (PT-reUSD-10DEC2026→reUSD 4.3@50%, sUSN 5.0@35%, srRoyUSDC 3.4@14%, fxSAVE 5.1@1%, AA_FalconXUSDC 5.2@0%, OETH 8.4@0%, mF-ONE 8.4@0%)",https://defillama.com/yields/pool/32ab021e-6faa-46e2-b609-f15f34d25b09,
USD,Fusion by IPOR,Ethereum,Lending,TAU Yield Bond ETF,Med-Low,DefiLlama,USDC,219534,8.07231,7.83452,7.87782,8.07231,0,,"score 7.6; USDC 8.6 (credora 9.5, pharos 9.0, tid 7.5); allocation leg 8.6 (USDC 8.6@46%, USDC 8.6@41%, USDC 8.6@13%, USDC 8.6@1%); -1 tvl<1M",https://defillama.com/yields/pool/ce17a53c-5299-42be-bd2c-b28a6a855939,
USD,Pareto Credit,Ethereum,Lending,Pareto AA Tranche - FalconXUSDC,Med-High,DefiLlama,USDC,122682356,8.06349,7.88648,7.8322,8.06349,,,"score 5.9; USDC 8.6 (credora 9.5, pharos 9.0, tid 7.5); capped 7.9: not VERIFIED; capped 5.9: allocation not visible",https://defillama.com/yields/pool/2eb2bdf8-c3e3-5b30-8d49-8d5232294184,
USD,Euler V2,Monad,Lending,Clearstar Earn USDC,Med-Low,DefiLlama,USDC,5792758,8.05253,8.20665,7.95576,6.80253,1.25,,"score 7.9; USDC 8.6 (credora 9.5, pharos 9.0, tid 7.5); capped 7.9: not VERIFIED",https://defillama.com/yields/pool/d711af54-e736-470f-8a22-431a23de76df,
USD,Neverland,Monad,Lending,Neverland Interest Bearing AUSD,Med-Low,DefiLlama,AUSD,287484,8.04231,8.50719,9.13015,3.82968,4.21263,,"score 6.3; AUSD 7.3 (credora 9.0, pharos 7.3, tid 6.0); -1 tvl<1M",https://defillama.com/yields/pool/ba0f675f-9f14-407b-b278-66d8f59f49ca,
USD,Royco V2,Avalanche,Lending,Staked Avant USD · Junior,High,DefiLlama,JRROYSAVUSD,1595091,7.98314,8.09757,8.35403,7.98314,,,unrated: internal signals only,https://defillama.com/yields/pool/36b496c7-8a7a-56e5-9570-6be8d1934144,
USD,Morpho Blue,Monad,Lending,SATUSDC,High,DefiLlama,SATUSDC,2274718,7.9614,7.98621,6.60237,6.77599,1.18541,,"score 3.5; allocation leg 4.5 (PT-USDat-14JAN2027→USDat 4.7@86%, PT-srUSDat-14JAN2027 unrated@14%, PT-USDat-27AUG2026→USDat 4.7@0%); -1 util 100%",https://defillama.com/yields/pool/e6cd1ce0-d34b-5c5f-86f1-26dedf428fa7,
USD,Morpho Blue,Ethereum,Lending,PENDLEUSDC,Med-High,DefiLlama,PENDLEUSDC,60827828,7.9509,7.42633,7.00683,6.71745,1.23345,,"score 4.8; allocation leg 4.8 (PT-reUSD-10DEC2026→reUSD 4.3@62%, PT-sUSDS-26NOV2026→sUSDS 5.8@26%, PT-sUSDE-26NOV2026→sUSDE 5.5@13%)",https://defillama.com/yields/pool/d73fcfed-a2ca-5314-a94b-a841982df77f,
USD,Strata Markets,Ethereum,Lending,SRUSDE,Med-High,DefiLlama,SRUSDE,18329021,7.93145,4.63384,4.00877,7.93145,,,"score 5.7; USDE 7.2 (credora 7.4, pharos 7.9, tid 6.5); -2 red flags; +0.5 senior tranche buffer",https://defillama.com/yields/pool/843be062-d836-43ef-9670-c78d6ecb60bf,MISMATCH(source 4.07)
USD,Superform,Ethereum,Lending,SuperVault,High,DefiLlama,SUPERUSDC,5873152,7.93077,6.91075,6.68886,5.17801,2.75276,,unrated: internal signals only,https://defillama.com/yields/pool/fbd2a90a-f18f-412f-9f75-cc75432efd3f,
USD,Ember Protocol,Ethereum,Lending,Ember Y10K,Med-High,DefiLlama,USDC,17742482,7.93008,8.25169,11.64159,7.93008,,,"score 5.9; USDC 8.6 (credora 9.5, pharos 9.0, tid 7.5); capped 5.9: allocation not visible",https://defillama.com/yields/pool/4ae1f481-ae46-5a2c-82a2-13e192180594,
USD,Midas RWA,Ethereum,Lending,mEDGE,Med-High,DefiLlama,USDC,1705723,7.92,11.06,8.46267,7.92,,,unrated: internal signals only,https://defillama.com/yields/pool/d48e9c5a-7c28-4192-ab3d-795b5fbed7be,
USD,Midas RWA,Monad,Lending,mEDGE,High,DefiLlama,USDC,247675,7.92,11.06,8.46267,7.92,,,unrated: internal signals only,https://defillama.com/yields/pool/e5389a91-5a5c-4042-a409-4ef276b81d56,
USD,Convex Finance,Ethereum,LP,frxUSD/sUSDS,Med-Low,DefiLlama,frxUSD-sUSDS,1050875,7.91409,5.39101,4.9207,4.82,3.09409,,"score 6.2; FRXUSD 6.2 (pharos 7.1, tid 5.5); SUSDS 6.3 (pharos 5.5, tid 7.0); worst leg: FRXUSD",https://defillama.com/yields/pool/e2d1f421-242a-4028-b0bb-22511e9b481c,
USD,Midas RWA,Ethereum,Lending,mROX,Med-High,DefiLlama,USDC,3237404,7.84,7.22286,7.062,7.84,,,unrated: internal signals only,https://defillama.com/yields/pool/6d6b4436-fa38-4fa8-be5d-672153b49f5c,
USD,Midas RWA,Ethereum,Lending,mMEV,Med-High,DefiLlama,USDC,2526290,7.84,7.22286,7.06267,7.84,,,unrated: internal signals only,https://defillama.com/yields/pool/0ffd2dc2-72d2-449f-8cac-34a09ce6f323,
USD,Royco V2,Base,Lending,Staked USN · Senior,High,DefiLlama,SRROYSUSN,1625404,7.84,7.63023,7.65439,7.84,,,unrated: internal signals only,https://defillama.com/yields/pool/a03a9a79-443a-5fd1-af08-646c87bf1cbc,
USD,Lagoon,Ethereum,Lending,9SUSDC,Med-High,DefiLlama,9SUSDC,5417224,7.82493,8.0654,7.87465,7.82493,,,unrated: internal signals only,https://defillama.com/yields/pool/2bc0cfec-842e-4319-8da3-85374f087c33,
USD,Morpho Blue,Ethereum,Lending,KUSDC,Med-High,DefiLlama,KUSDC,6920357,7.82171,6.96841,6.09058,7.58795,0.23376,,"score 5.7; allocation leg 5.7 (PT-reUSD-10DEC2026→reUSD 4.3@28%, cbBTC 9.5@17%, wFalconX unrated@16%, PT-USD3-17DEC2026→USD3 4.9@14%, USD3 5.4@14%, mF-ONE 8.4@4%, stUSDS 7.5@3%, WBTC 9.5@3%, wstETH 8.5*@1%)",https://defillama.com/yields/pool/4828569b-ddba-42a7-9bf9-e7e6d809112d,
USD,Yuzu Money,Plasma,Lending,SYZUSD,Med-High,DefiLlama,SYZUSD,37317615,7.77758,7.54158,7.55066,7.77758,,,"score 4.1; SYZUSD 4.1 (pharos 5.4, tid 3.0)",https://defillama.com/yields/pool/6174b1d6-8212-4964-95bf-ca9c539864ba,
USD,Yuzu Money,Monad,Lending,SYZUSD,Med-High,DefiLlama,SYZUSD,11130040,7.77758,7.54158,7.55066,7.77758,,,"score 4.1; SYZUSD 4.1 (pharos 5.4, tid 3.0)",https://defillama.com/yields/pool/c51e151e-44ad-4f25-9911-102bd00811dc,
USD,Yuzu Money,Sei,Lending,SYZUSD,Med-High,DefiLlama,SYZUSD,9086281,7.77758,7.54158,7.55066,7.77758,,,"score 4.1; SYZUSD 4.1 (pharos 5.4, tid 3.0)",https://defillama.com/yields/pool/20ccc2e5-0eca-4d9d-abd0-313908f51b31,
USD,Yuzu Money,Ethereum,Lending,SYZUSD,High,DefiLlama,SYZUSD,251167,7.77758,7.54158,7.55066,7.77758,,,"score 3.1; SYZUSD 4.1 (pharos 5.4, tid 3.0); -1 tvl<1M",https://defillama.com/yields/pool/570ddae7-acae-4277-905b-278cd994b08d,
USD,Beefy,Ethereum,LP,Curve,Med-Low,DefiLlama,BOLD-LUSD,398734,7.7434,6.30102,5.44339,,,,"score 6.4; BOLD 7.4 (pharos 8.4, tid 6.5); LUSD 7.8 (pharos 7.8); worst leg: BOLD; -1 tvl<1M",https://defillama.com/yields/pool/1977885c-d5ae-4c9e-b4df-863b7e1578e6,
USD,Curvance,Monad,Lending,Curvance AUSD,Med-High,DefiLlama,AUSD,1152235,7.73521,7.59228,8.3581,5.93521,1.8,,"score 4.9; AUSD 7.3 (credora 9.0, pharos 7.3, tid 6.0); collateral leg 4.9 (savUSD 4.9@100%); collateral leg governs",https://defillama.com/yields/pool/49698509-c2ac-4901-a44a-0beccfc13880,
USD,Lagoon,Ethereum,Lending,SYNUSD+,Med-High,DefiLlama,SYNUSD+,10697532,7.70139,7.49622,7.68315,7.70139,,,unrated: internal signals only,https://defillama.com/yields/pool/41e759da-5cfd-45b9-bb50-316a72fcb3b5,
USD,Morpho Blue,Ethereum,Lending,KABUUSDC,High,DefiLlama,KABUUSDC,723451,7.69748,6.49078,5.17715,7.69748,0,,"score 0.5; allocation leg 3.0 (MORPHO unrated@69%, SYRUP unrated@26%, EIGEN 6.5*@0%, wstETH 8.5*@0%, FLUID 7.7@0%); -2 red flags; -1 tvl<1M; -1 util 100%",https://defillama.com/yields/pool/6073c893-d1fe-4408-b9d7-ba3039f27e5b,MISMATCH(source 22.99)
USD,Convex Finance,Ethereum,LP,DOLA/sUSDS,Med-High,DefiLlama,DOLA-sUSDS,6533002,7.69517,6.79798,5.75958,2.32,5.37517,,"score 4.5; DOLA 5.0 (pharos 5.7, tid 4.5); SUSDS 6.3 (pharos 5.5, tid 7.0); worst leg: DOLA; -0.5 pool 76% in DOLA",https://defillama.com/yields/pool/51f9c038-feed-4666-8866-30efc92e0566,
USD,Morpho Blue,Ethereum,Lending,SENPYUSDPST,High,DefiLlama,SENPYUSDPST,60483805,7.68311,7.91858,8.0656,5.0424,2.64071,,score 2.5; allocation leg 3.0 (PST unrated@100%); -0.5 concentrated book 100%,https://defillama.com/yields/pool/d437f7b3-09ba-5450-be41-d2b7d0e9406d,
USD,Dolomite,Ethereum,Lending,USD1,Med-Low,DefiLlama,USD1,87976897,7.6758,7.81925,8.12903,2.69715,4.97865,,"score 7.5; USD1 7.5 (credora 9.0, pharos 6.1)",https://defillama.com/yields/pool/86e18974-35ca-4948-9c82-694facf9d082,
USD,Curve DEX,Ethereum,LP,SaveDola,High,DefiLlama,scrvUSD-sDOLA,5235359,7.61933,6.73162,6.72865,6.26,1.35933,,"score 2.5; CRVUSD 6.0 (pharos 7.3, tid 5.0); SDOLA 5.0 (pharos 5.5, tid 4.5); worst leg: SDOLA; -2 red flags; -0.5 pool 77% in sDOLA",https://defillama.com/yields/pool/6ba003eb-fb87-4771-a542-e41d352e7c82,MISMATCH(curve total 1.36)
USD,Yearn Finance,Ethereum,Lending,USD yVault,Med-High,DefiLlama,USDC,11956091,7.58725,7.0336,6.65714,7.58725,0,,"score 5.7; USDC 8.6 (credora 9.5, pharos 9.0, tid 7.5); strategy book leg 5.7 (Morpho Yearn OG USDC C[yearn og usdc] 4.5†@59%, USDC To sUSDS De~sUSDS 6.3†@9%, USDC to Grove US~USDS 8.1†@8%, Katana yvUSDC Co~yvUSDC 9.4†@8%, stcUSD/USDC Pawn~stcUSD 7.4†@7%, sUSDS Pendle PT ~sUSDS 6.3†@5%, USD3 Pendle PT M~USD3 5.4†@3%); strategy book leg governs",https://defillama.com/yields/pool/d5959f91-86ce-4177-b234-49e1f17d8f82,
USD,Uniswap V4,Polygon,LP,0.00%,Med-Low,DefiLlama,DAI-USDT,821084,7.58228,6.29653,7.77711,7.58228,,,"score 6.2; DAI 8.1 (pharos 8.1); USDT 7.2 (credora 8.4, pharos 7.4, tid 6.0); worst leg: USDT; -1 tvl<1M",https://defillama.com/yields/pool/3301149d-7df2-4516-bd1f-2caa908dcb71,
USD,Convex Finance,Ethereum,LP,LlamaThena,Med-Low,DefiLlama,scrvUSD-sUSDe,1180236,7.54027,7.53308,7.53904,4.13,3.41027,,"score 6.0; CRVUSD 6.0 (pharos 7.3, tid 5.0); SUSDE 6.0 (pharos 5.5, tid 6.5); worst leg: CRVUSD",https://defillama.com/yields/pool/18d68b7b-1674-4616-b5a8-65bbfb3723cd,
USD,Lista Lending,Ethereum,Lending,Lista USDC Savings Vault,Med-Low,DefiLlama,USDC,4451342,7.53001,6.82526,7.03734,1.35389,6.17612,,"score 7.9; USDC 8.6 (credora 9.5, pharos 9.0, tid 7.5); capped 7.9: not VERIFIED",https://defillama.com/yields/pool/005bdeab-17c3-4561-961d-fef74f4ca6f9,REWARD-HEAVY(emissions 6.2 of 7.5 unverified)
USD,Midas RWA,Ethereum,Lending,mFONE,Low,DefiLlama,USDC,65706029,7.52,7.57714,7.54667,7.52,,,score 8.4; MFONE 8.4 (credora 8.4),https://defillama.com/yields/pool/7d491f26-a03b-4eca-ae2c-e068391b15d3,
USD,Balancer V3,Monad,LP,wnAUSD / wnUSDC / wnUSDT0,Med-High,DefiLlama,wnUSDT0-wnAUSD-wnUSDC,1595917,7.51212,8.10356,8.4729,2.37446,5.13766,,unrated: internal signals only,https://defillama.com/yields/pool/e1c092b8-3d7b-4a27-b24c-da8a0ff2f8d2,REWARD-HEAVY(emissions 5.1 of 7.5 unverified)
USD,Curvance,Monad,Lending,savUSD/USDC,High,DefiLlama,USDC,465730,7.42655,7.75106,8.57465,5.62655,1.8,,"score 3.9; USDC 8.6 (credora 9.5, pharos 9.0, tid 7.5); collateral leg 4.9 (savUSD 4.9@100%); collateral leg governs; -1 tvl<1M",https://defillama.com/yields/pool/bca9d351-b928-4aeb-9d7d-c8a5406b8a7a,
USD,Morpho Blue,Ethereum,Lending,INFINIFIUSDC,High,DefiLlama,INFINIFIUSDC,735391,7.42135,7.82933,6.76557,7.42135,0,,"score 1.5; allocation leg 3.0 (siUSD unrated@99%, iUSD 5.2@1%); -1 tvl<1M; -0.5 concentrated book 99%",https://defillama.com/yields/pool/bc59aa21-18b2-40a4-a15b-07fe84107d3c,
USD,Curve DEX,Ethereum,LP,reUSD/fxUSD,Med-High,DefiLlama,reUSD-fxUSD,1831011,7.41262,6.8789,6.23354,0.1,7.31262,,"score 4.3; REUSD 4.8 (pharos 5.0, tid 5.0, yearn 4.2); FXUSD 6.5 (pharos 7.2, tid 4.5, yearn 8.5); worst leg: REUSD; -0.5 pool 76% in reUSD",https://defillama.com/yields/pool/18f29a9a-3550-457b-a39e-b80ce65000aa,
USD,Morpho Blue,Ethereum,Lending,SENPYUSDMWIN,High,DefiLlama,SENPYUSDMWIN,25753375,7.40522,6.7282,6.65567,2.65844,4.74678,,score 1.5; allocation leg 3.0 (mWIN unrated@100%); -1 util 99%; -0.5 concentrated book 100%,https://defillama.com/yields/pool/e0025c75-bee9-59ed-9b4b-efe23123405f,
USD,Current,Sui,Lending,MainMarket,Med-High,DefiLlama,USDSUI,5371401,7.3975,7.79922,8.12823,3.08405,4.31345,,score 5.0; USDSUI 5.0 (pharos 5.0),https://defillama.com/yields/pool/1438fc47-2b15-47ac-8514-1ae7b7246cac,
USD,Morpho Blue,Ethereum,Lending,REECOUSDC,Med-High,DefiLlama,REECOUSDC,7285508,7.38955,6.70019,6.36748,7.38955,0,,"score 4.4; allocation leg 4.4 (PT-reUSD-10DEC2026→reUSD 4.3@74%, reUSD 4.8@26%)",https://defillama.com/yields/pool/935fb02d-9645-4d46-85e0-5504bd01ef80,
USD,fx Protocol,Ethereum,Lending,USDC+fxUSD,High,DefiLlama,USDC+fxUSD,10042787,7.36,6.64143,6.87967,,,,unrated: internal signals only,https://defillama.com/yields/pool/36a80c7f-23d1-4e8c-9341-181e1a20d858,
USD,Kamino Liquidity,Solana,LP,USDS-USDC,Med-Low,DefiLlama,USDS-USDC,539352,7.34984,2.86217,1.1882,7.34984,0,,"score 7.1; USDS 8.1 (credora 8.4, pharos 8.0, tid 7.0, yearn 9.6); USDC 8.6 (credora 9.5, pharos 9.0, tid 7.5); worst leg: USDS; -1 tvl<1M",https://defillama.com/yields/pool/0969d0b7-dace-47e1-9a56-182d4ad08198,
USD,Uniswap V4,Ethereum,LP,0.00%,Med-Low,DefiLlama,USDC-USDT,3698462,7.32706,4.42161,44.19313,7.32706,,,"score 7.2; USDC 8.6 (credora 9.5, pharos 9.0, tid 7.5); USDT 7.2 (credora 8.4, pharos 7.4, tid 6.0); worst leg: USDT",https://defillama.com/yields/pool/396690fe-b21f-43d6-a189-1e8157069671,
USD,Morpho Blue,Ethereum,Lending,RESERVOIRUSDC,High,DefiLlama,RESERVOIRUSDC,12904602,7.30997,6.86963,6.50513,5.89369,1.41628,,"score 0.9; allocation leg 1.4 (wsrUSD 1.4@90%, wsrUSD 1.4@0%); credora vault C (psl 13.25%); allocation leg governs; -0.5 concentrated book 90%",https://defillama.com/yields/pool/1b33f341-1dc2-446a-856e-caf900563ae2,
USD,Curve DEX,Ethereum,LP,apyUSD-apxUSD,High,DefiLlama,apyUSD-apxUSD,16726329,7.28,7.71571,8.06,7.28,0,,"score 2.4; APYUSD 2.4 (pharos 1.7, tid 3.0); APXUSD 3.0 (pharos 2.7, tid 3.0, yearn 3.6); worst leg: APYUSD",https://defillama.com/yields/pool/7b3e4cca-a90e-4a45-95ac-a6b637a850b2,
USD,Convex Finance,Ethereum,LP,Curve Vault for crvUSD,Med-Low,DefiLlama,crvUSD,3224754,7.2793,6.18999,5.67635,5.697,1.5823,,"score 6.0; CRVUSD 6.0 (pharos 7.3, tid 5.0)",https://defillama.com/yields/pool/0359418f-fedd-4973-9221-957a11c0a692,
USD,Morpho Blue,Hyperliquid L1,Lending,Felix USDT0,Med-Low,DefiLlama,USD₮0,2856041,7.27575,9.73161,7.35257,7.27575,0,,"score 7.3; allocation leg 7.3 (kHYPE 7.3@77%, WHYPE 9.5@9%, UBTC 4.1@7%, kHYPE 7.3@4%, UBTC 4.1@1%, WHYPE 9.5@1%)",https://defillama.com/yields/pool/d716dd56-359d-4dad-b89b-ac8f95df505e,
USD,Kamino Lend,Solana,Lending,OnRe Market,Med-High,DefiLlama,USDC,3942349,7.2661,6.93851,6.36652,7.2661,,,"score 4.8; USDC 8.6 (credora 9.5, pharos 9.0, tid 7.5); market reserves leg 4.8 (ONyc 4.4@86%, USDG 7.7@13%, PT-ONyc-10JAN27→ONyc 3.9@1%, USDS 8.1@0%, PT-ONyc-10SEP26→ONyc 3.9@0%, AUSD 7.3@0%, USDT 7.2@0%); market reserves leg governs",https://defillama.com/yields/pool/ca537616-5cc3-429a-aded-ebe307121d1f,
USD,Dolomite,Ethereum,Lending,USDC,Med-Low,DefiLlama,USDC,30059156,7.25407,7.18552,7.30398,3.29044,3.96363,,"score 7.9; USDC 8.6 (credora 9.5, pharos 9.0, tid 7.5); capped 7.9: not VERIFIED",https://defillama.com/yields/pool/20e45c3e-7de7-4d34-89e7-20858ecdf252,
USD,Kamino Liquidity,Solana,LP,USDG-USDE,Med-Low,DefiLlama,USDG-USDE,499326,7.24809,8.52258,6.19327,7.24809,0,,"score 6.2; USDG 7.7 (credora 9.0, pharos 7.3, tid 6.5, yearn 8.5); USDE 7.2 (credora 7.4, pharos 7.9, tid 6.5); worst leg: USDE; -1 tvl<1M",https://defillama.com/yields/pool/a49f8e51-8f3e-4c5f-80ab-0aabb1315aab,
USD,Morpho Blue,Ethereum,Lending,HYPERUSDCA,Med-High,DefiLlama,HYPERUSDCA,9382232,7.20968,6.80065,6.51387,7.20968,0,,"score 4.2; allocation leg 5.2 (PT-reUSD-10DEC2026→reUSD 4.3@53%, mHyperBTC unrated@12%, WBTC 9.5@11%, mF-ONE 8.4@5%, cbBTC 9.5@5%, AA_FalconXUSDC 5.2@4%, sUSDat 3.0@3%, reUSD 4.8@2%, PT-USDat-14JAN2027→USDat 4.7@0%); -1 util 100%",https://defillama.com/yields/pool/5a55b869-de6e-42ba-9091-6ee0e02525c2,
USD,Royco V2,Avalanche,Lending,Staked Avant USD · Senior,High,DefiLlama,SRROYSAVUSD,5048717,7.1555,7.24412,7.38822,7.1555,,,unrated: internal signals only,https://defillama.com/yields/pool/10ed830c-0bd3-5ee8-8a51-48b44bb6dd10,
USD,Kamino Lend,Solana,Lending,sUSDai Market,High,DefiLlama,USDC,201791,7.13622,7.25277,6.22622,7.13622,,,"score 2.9; USDC 8.6 (credora 9.5, pharos 9.0, tid 7.5); market reserves leg 4.9 (sUSDai 4.9@100%); market reserves leg governs; -1 tvl<1M; -1 util 96%",https://defillama.com/yields/pool/b6a0429a-54c2-57ef-b9c4-11a348f6d148,NEW(9d history)
USD,Morpho Blue,Hyperliquid L1,Lending,FEUSDT0V2,Med-Low,DefiLlama,FEUSDT0V2,4956731,7.10805,9.65698,7.24798,7.10805,0,,"score 7.3; allocation leg 7.3 (kHYPE 7.3@77%, WHYPE 9.5@9%, UBTC 4.1@7%, kHYPE 7.3@4%, UBTC 4.1@1%, WHYPE 9.5@1%)",https://defillama.com/yields/pool/11b994db-6487-56d9-b17d-727b24e89c4e,
USD,Upshift,Monad,Lending,EARNAUSDLOOP,Med-High,DefiLlama,EARNAUSDLOOP,2124044,7.10564,,5.60862,7.10564,,,unrated: internal signals only,https://defillama.com/yields/pool/09aa7857-e782-5752-a198-8f880759c0f5,NEW(3d history)
USD,Strata Markets,Ethereum,Lending,JRMM1USD,Med-High,DefiLlama,JRMM1USD,1048765,7.10248,7.10256,8.91282,7.10248,,,unrated: internal signals only,https://defillama.com/yields/pool/2172d4b0-9a76-4452-af46-2ce833d2c612,
USD,Morpho Blue,Ethereum,Lending,HYPERUSDCA,Med-High,DefiLlama,HYPERUSDCA,1485689,7.10139,7.04913,7.17024,7.10139,0,,"score 4.4; allocation leg 4.4 (PT-reUSD-10DEC2026→reUSD 4.3@50%, sUSN 5.0@35%, srRoyUSDC 3.4@14%, fxSAVE 5.1@1%, AA_FalconXUSDC 5.2@0%, OETH 8.4@0%, mF-ONE 8.4@0%)",https://defillama.com/yields/pool/3d438f2e-0022-4814-80be-f626ba8fcd40,
USD,Morpho Blue,Ethereum,Lending,RESERVOIRUSDC,Med-Low,DefiLlama,RESERVOIRUSDC,578191,7.09511,7.37248,7.98481,6.55778,0.53733,,score 6.0; allocation leg 9.5 (cbBTC 9.5@100%); -2 red flags; -1 tvl<1M; -0.5 concentrated book 100%,https://defillama.com/yields/pool/9d1a102c-92e7-4536-bdea-b6cc693af428,MISMATCH(source 3.76)
USD,Convex Finance,Ethereum,LP,sUSDe/crvUSD,Med-High,DefiLlama,crvUSD-sUSDe,553108,7.08671,7.18629,7.22928,2.59,4.49671,,"score 5.0; CRVUSD 6.0 (pharos 7.3, tid 5.0); SUSDE 6.0 (pharos 5.5, tid 6.5); worst leg: CRVUSD; -1 tvl<1M",https://defillama.com/yields/pool/93833f3f-4033-422a-bcb3-2c00d37d594d,
USD,Silo V2,Avalanche,Lending,id 142,Med-Low,DefiLlama,USDC,240997,7.05827,6.36651,6.04159,7.05827,,,"score 7.6; USDC 8.6 (credora 9.5, pharos 9.0, tid 7.5); -1 tvl<1M",https://defillama.com/yields/pool/7cee66c5-4e83-4beb-8b4d-2c2fd62813c5,
USD,Beefy,Ethereum,LP,Convex,Med-High,DefiLlama,CRVUSD-SUSDE,416256,7.05655,7.08368,7.22271,,,,"score 5.0; CRVUSD 6.0 (pharos 7.3, tid 5.0); SUSDE 6.0 (pharos 5.5, tid 6.5); worst leg: CRVUSD; -1 tvl<1M",https://defillama.com/yields/pool/68f41ac1-afed-41dd-90c4-9819f9804c63,
USD,Current,Sui,Lending,MainMarket,Med-High,DefiLlama,USDT,755192,7.04751,7.12577,7.43474,2.58863,4.45888,,"score 5.9; USDT 7.2 (credora 8.4, pharos 7.4, tid 6.0); -1 tvl<1M; capped 5.9: collateral not visible",https://defillama.com/yields/pool/a1577bc0-3aab-4501-90f0-3c7d5dd78406,
USD,Morpho Blue,Hyperliquid L1,Lending,GTUSDT0,High,DefiLlama,GTUSDT0,241497,7.04724,9.70183,7.48777,7.04724,0,,unrated: internal signals only,https://defillama.com/yields/pool/a5a41daf-40da-435f-854c-4a9e9df99d32,
USD,Makina,Ethereum,Lending,DUSD,Med-High,DefiLlama,DUSD,1921713,7.01513,5.01451,6.54086,7.01513,,,"score 5.2; DUSD 5.2 (pharos 5.4, tid 5.0)",https://defillama.com/yields/pool/a0387f4b-18ba-5fb5-8171-0f177254dfeb,
USD,Morpho Blue,Ethereum,Lending,CSUSDC,Med-High,DefiLlama,CSUSDC,1268909,6.99925,6.2565,6.04132,6.99925,0,,"score 4.4; allocation leg 4.4 (PT-reUSD-10DEC2026→reUSD 4.3@50%, sUSN 5.0@35%, srRoyUSDC 3.4@14%, fxSAVE 5.1@1%, AA_FalconXUSDC 5.2@0%, OETH 8.4@0%, mF-ONE 8.4@0%)",https://defillama.com/yields/pool/05c5acfb-eb6c-40bd-865c-2015c017e953,
USD,Morpho Blue,Hyperliquid L1,Lending,FEUSDT02,High,DefiLlama,FEUSDT02,276856,6.95859,9.51117,8.08182,6.95859,0,,unrated: internal signals only,https://defillama.com/yields/pool/a8377123-ab6a-4df7-b873-8490a47e2881,
USD,Beefy,Monad,LP,Morpho,Med-Low,DefiLlama,USDC,403066,6.95564,7.41684,6.92892,,,,"score 7.6; USDC 8.6 (credora 9.5, pharos 9.0, tid 7.5); -1 tvl<1M",https://defillama.com/yields/pool/a312b6b6-a539-4fc4-ba95-b273e410398b,
USD,Morpho Blue,Ethereum,Lending,M1 USDC,High,DefiLlama,USDC,8652707,6.93138,6.99951,7.78902,6.93138,0,,"score 2.5; allocation leg 3.0 (mM1-USD unrated@100%, cbBTC 9.5@0%); -0.5 concentrated book 100%",https://defillama.com/yields/pool/212a6c31-9633-408e-b2bb-347490046581,
USD,Morpho Blue,Stable,Lending,StableEarn,High,DefiLlama,USDT0,21948335,6.92052,6.83312,7.19164,6.54804,0.37248,,unrated: internal signals only,https://defillama.com/yields/pool/a259a0f0-8897-4740-b3b2-0ae1041f1bf0,
USD,Curve DEX,Ethereum,LP,DUSD/frxUSD,Med-High,DefiLlama,frxUSD-DUSD,4659013,6.91721,7.23232,9.78946,0.01,6.90721,,"score 5.2; FRXUSD 6.2 (pharos 7.1, tid 5.5); DUSD 5.2 (pharos 5.4, tid 5.0); worst leg: DUSD",https://defillama.com/yields/pool/a3418d18-b05c-4b42-b6fb-d42571791ed2,
USD,Uniswap V4,Ethereum,LP,0.05%,Med-Low,DefiLlama,BOLD-USDC,3177531,6.91592,3.14702,1.7049,6.91592,,,"score 7.4; BOLD 7.4 (pharos 8.4, tid 6.5); USDC 8.6 (credora 9.5, pharos 9.0, tid 7.5); worst leg: BOLD",https://defillama.com/yields/pool/d0c42a48-871a-4e83-9ef2-b3f60b3e0e90,
USD,Fluid Lite,Ethereum,Lending,Fluid Lite USD Vault,Med-Low,DefiLlama,USDC,43511274,6.89,6.94286,6.90133,,,,"score 7.9; USDC 8.6 (credora 9.5, pharos 9.0, tid 7.5); capped 7.9: not VERIFIED",https://defillama.com/yields/pool/488f06db-5a36-450e-9ba9-b4321be39c7c,
USD,Re,Ethereum,Lending,Re Protocol Deposit Token,Med-High,DefiLlama,reUSD,280264200,6.85202,6.78656,6.71263,6.85202,,,"score 4.8; REUSD 4.8 (pharos 5.0, tid 5.0, yearn 4.2)",https://defillama.com/yields/pool/1c312830-ee96-40c9-b55f-b0f209ca6ebd,
USD,Morpho Blue,Robinhood Chain,Lending,STEAKUSDG,High,DefiLlama,STEAKUSDG,511490980,6.85084,6.95447,6.98153,3.66433,3.18651,,unrated: internal signals only,https://defillama.com/yields/pool/32f586b4-5358-5aa2-88ee-c842139e7023,
USD,Morpho Blue,Ethereum,Lending,SENPYUSDPRIMEV2,High,DefiLlama,SENPYUSDPRIMEV2,214260352,6.81418,6.46866,6.23187,4.52985,2.28433,,score 1.5; allocation leg 3.0 (PRIME unrated@100%); -1 util 98%; -0.5 concentrated book 100%,https://defillama.com/yields/pool/f569e486-da2a-41ef-8bfe-1a4db0d1d268,
USD,Convex Finance,Ethereum,LP,DOLA/sUSDe,Med-High,DefiLlama,DOLA-sUSDe,52224023,6.80489,6.47357,5.48317,1.46,5.34489,,"score 5.0; DOLA 5.0 (pharos 5.7, tid 4.5); SUSDE 6.0 (pharos 5.5, tid 6.5); worst leg: DOLA",https://defillama.com/yields/pool/85407c01-6f16-4cef-9ef2-1b2bf2556183,
USD,Euler V2,Monad,Lending,EVK Vault eUSDC-12,Med-Low,DefiLlama,USDC,415828,6.80253,6.95665,6.65474,6.80253,,,"score 7.6; USDC 8.6 (credora 9.5, pharos 9.0, tid 7.5); -1 tvl<1M",https://defillama.com/yields/pool/b3836ef0-a38f-4ee0-bdf1-bb697477ac06,
USD,Curve LlamaLend,Ethereum,Lending,WBTC collateral,Med-Low,DefiLlama,crvUSD,3282875,6.79329,5.67363,4.68985,5.697,1.09629,,"score 6.0; CRVUSD 6.0 (pharos 7.3, tid 5.0)",https://defillama.com/yields/pool/63e16117-f67d-458c-a131-f4f1fdcbdc77,
USD,Aave V3,Plasma,Lending,Aave Plasma GHO,Med-Low,DefiLlama,GHO,4143298,6.77912,6.935,6.60722,3.39359,3.38553,,"score 6.9; GHO 6.9 (credora 8.4, pharos 7.1, tid 5.5); pool collateral leg 7.2 (USDT0 7.2@100%)",https://defillama.com/yields/pool/f0df03c4-a46f-4f41-be89-37226c814918,
USD,Upshift,Monad,Lending,EARNAUSD,Med-High,DefiLlama,EARNAUSD,24038753,6.77668,5.59881,5.24012,5.90144,0.87524,,unrated: internal signals only,https://defillama.com/yields/pool/e10580de-1ad2-4bbc-a0e8-ad4db95df4a3,
USD,Superform,Base,Lending,SuperVault,High,DefiLlama,SUPERUSDC,633054,6.77039,5.88113,8.61323,4.01763,2.75276,,unrated: internal signals only,https://defillama.com/yields/pool/a7e28f73-d613-4ddf-ab90-756018fdf299,
USD,Convex Finance,Ethereum,LP,Curve.fi Factory Plain Pool: crvUSD/USDC,Med-Low,DefiLlama,USDC-crvUSD,10111774,6.7639,6.64088,6.31242,0.58,6.1839,,"score 6.0; USDC 8.6 (credora 9.5, pharos 9.0, tid 7.5); CRVUSD 6.0 (pharos 7.3, tid 5.0); worst leg: CRVUSD",https://defillama.com/yields/pool/755fcec6-f4fd-4150-9184-60f099206694,
USD,Uniswap V4,Polygon,LP,0.00%,Med-Low,DefiLlama,USDC-USDT,530744,6.75804,6.19144,6.05692,6.75804,,,"score 6.2; USDC 8.6 (credora 9.5, pharos 9.0, tid 7.5); USDT 7.2 (credora 8.4, pharos 7.4, tid 6.0); worst leg: USDT; -1 tvl<1M",https://defillama.com/yields/pool/cbe997d9-1ba4-4448-8ca0-a7823e52969b,
USD,Convex Finance,Ethereum,LP,Curve Lend – fxSAVE collateral,Med-High,DefiLlama,CRVUSD,223857,6.75644,9.7955,11.73839,1.14,5.61644,,"score 5.0; CRVUSD 6.0 (pharos 7.3, tid 5.0); -1 tvl<1M",https://defillama.com/yields/pool/81f0762a-8596-46e2-aca7-c2cac4958a1e,REWARD-HEAVY(emissions 5.6 of 6.8 unverified)
USD,Uniswap V3,Arbitrum,LP,0.01%,Med-Low,DefiLlama,USDC-USDT,1147380,6.74605,3.99649,4.29606,6.74605,,,"score 7.2; USDC 8.6 (credora 9.5, pharos 9.0, tid 7.5); USDT 7.2 (credora 8.4, pharos 7.4, tid 6.0); worst leg: USDT",https://defillama.com/yields/pool/ba3fb5f5-684e-4834-afca-d58668395b02,
USD,Curve DEX,Fraxtal,LP,CRVUSD-FRXUSD,Med-High,DefiLlama,CRVUSD-FRXUSD,307117,6.74215,7.27157,8.70099,0.01,6.73215,,"score 5.0; CRVUSD 6.0 (pharos 7.3, tid 5.0); FRXUSD 6.2 (pharos 7.1, tid 5.5); worst leg: CRVUSD; -1 tvl<1M",https://defillama.com/yields/pool/c1acf34c-8528-4a41-b201-dec870926b31,
USD,Uniswap V4,Polygon,LP,0.01%,Med-Low,DefiLlama,USDC-DAI,508498,6.71449,5.35463,6.48263,6.71449,,,"score 7.1; USDC 8.6 (credora 9.5, pharos 9.0, tid 7.5); DAI 8.1 (pharos 8.1); worst leg: DAI; -1 tvl<1M",https://defillama.com/yields/pool/86ef91bd-14c1-413e-8d28-a0e87788d5bf,
USD,Yearn Finance,Ethereum,Lending,Morpho Yearn OG USDC Compounder,Med-High,DefiLlama,USDC,7585073,6.70283,6.78395,6.84547,6.70283,0,,"score 5.9; USDC 8.6 (credora 9.5, pharos 9.0, tid 7.5); capped 5.9: allocation not visible",https://defillama.com/yields/pool/90cb9575-6a55-4900-9536-ead80c7dfa6c,
USD,Uniswap V4,Ethereum,LP,0.01%,Med-High,DefiLlama,GHO-USDT,489588,6.67647,17.02009,9.3531,6.67647,,,"score 5.9; GHO 6.9 (credora 8.4, pharos 7.1, tid 5.5); USDT 7.2 (credora 8.4, pharos 7.4, tid 6.0); worst leg: GHO; -1 tvl<1M",https://defillama.com/yields/pool/89dd96d1-c2ea-49bb-a3a8-8fb37a688b96,
USD,Makina,Ethereum,Lending,INTMKSRROYUSDC,High,DefiLlama,INTMKSRROYUSDC,7070837,6.6567,6.14656,6.37141,6.6567,,,unrated: internal signals only,https://defillama.com/yields/pool/9bdf55a5-348a-5e51-bbc3-6daecd6165eb,
USD,Project 0,Solana,Lending,USDC,Med-High,DefiLlama,USDC,550257,6.64922,6.31322,6.31129,6.64922,,,"score 5.9; USDC 8.6 (credora 9.5, pharos 9.0, tid 7.5); -1 tvl<1M; capped 5.9: collateral not visible",https://defillama.com/yields/pool/696684da-0982-4270-b7b7-bd9cd9c65687,
USD,Euler V2,Monad,Lending,EVK Vault eUSDC-17,Med-Low,DefiLlama,USDC,860606,6.64899,7.39559,5.79949,5.39899,1.25,,"score 7.6; USDC 8.6 (credora 9.5, pharos 9.0, tid 7.5); -1 tvl<1M",https://defillama.com/yields/pool/17aa6528-e589-5db2-9d85-930b8ea63f36,
USD,Uniswap V3,Avalanche,LP,0.05%,Med-Low,DefiLlama,USDE-USDC,502872,6.64721,4.60861,7.14567,6.64721,,,"score 6.2; USDE 7.2 (credora 7.4, pharos 7.9, tid 6.5); USDC 8.6 (credora 9.5, pharos 9.0, tid 7.5); worst leg: USDE; -1 tvl<1M",https://defillama.com/yields/pool/e639ecd9-c243-4233-9332-82327da75257,
USD,Convex Finance,Ethereum,LP,crvUSD/frxUSD,Med-Low,DefiLlama,frxUSD-crvUSD,12595347,6.61639,6.48156,6.17055,0.29,6.32639,,"score 6.0; FRXUSD 6.2 (pharos 7.1, tid 5.5); CRVUSD 6.0 (pharos 7.3, tid 5.0); worst leg: CRVUSD",https://defillama.com/yields/pool/22a20de7-791a-48f2-8765-537db17b7f9e,
USD,Pareto Credit,Ethereum,Lending,Pareto AA Tranche - RockawayXUSDC,Med-High,DefiLlama,USDC,22061744,6.61607,6.61607,6.68393,6.61607,,,"score 5.9; USDC 8.6 (credora 9.5, pharos 9.0, tid 7.5); capped 7.9: not VERIFIED; capped 5.9: allocation not visible",https://defillama.com/yields/pool/015556b9-0b7d-5dc5-9a9d-99ee3fbe89ee,
USD,Euler V2,Monad,Lending,EVK Vault eAUSD-17,Med-High,DefiLlama,AUSD,1831130,6.58447,6.58423,7.08535,4.88447,1.7,,"score 5.8; AUSD 7.3 (credora 9.0, pharos 7.3, tid 6.0); collateral leg 6.8 (PT-AUSD-8OCT2026→AUSD 6.8@100%); collateral leg governs; -1 util 93%",https://defillama.com/yields/pool/34320b49-244c-5594-a5b7-053e4ca5339b,
USD,Curve DEX,Ethereum,LP,evaUSDC/evaUSDT,Med-High,DefiLlama,evaUSDT-evaUSDC,3962296,6.57947,6.86206,8.15058,0,6.57947,,unrated: internal signals only,https://defillama.com/yields/pool/9d2981a0-af33-4a5d-b43f-b191a36fdc3b,
USD,Yearn Finance,Ethereum,LP,DOLA-SUSDS,Med-High,DefiLlama,DOLA-SUSDS,1093631,6.54401,7.46642,6.78014,6.54401,0,,"score 5.0; DOLA 5.0 (pharos 5.7, tid 4.5); SUSDS 6.3 (pharos 5.5, tid 7.0); worst leg: DOLA",https://defillama.com/yields/pool/b6c74919-d481-4a45-8e03-60513866c112,
USD,Fusion by IPOR,Ethereum,Lending,Reservoir srUSD Looping Ethereum,High,DefiLlama,rUSD,634011,6.53646,4.40273,5.00123,6.53646,0,,"score 0.5; RUSD 3.0 (credora 4.0, pharos 1.9); allocation leg 1.4 (wsrUSD 1.4@100%, rUSD 3.0@0%, rUSD 3.0@0%, morpho?0x3e29fd 6.0†@0%); allocation leg governs; -1 tvl<1M; -1 leveraged strategy; -0.5 concentrated book 100%",https://defillama.com/yields/pool/567c8eb4-a71c-4bf8-b063-5be5329e4fe7,
USD,Curve DEX,Ethereum,LP,STRUSD-TRUSD,High,DefiLlama,STRUSD-TRUSD,4073149,6.52,6.32286,5.58067,6.52,0,,score 3.0; TRUSD 5.3 (pharos 5.3); STRUSD unrated 3.0; worst leg: STRUSD,https://defillama.com/yields/pool/23e0e833-36db-5a19-bcef-3d8a20724265,
USD,Curve DEX,Ethereum,LP,dUSD/sfrxUSD,High,DefiLlama,dUSD-sfrxUSD,853727,6.49606,6.76226,7.11495,1.17,5.32606,,"score 3.7; DUSD 5.2 (pharos 5.4, tid 5.0); FRXUSD 6.2 (pharos 7.1, tid 5.5); worst leg: DUSD; -1 tvl<1M; -0.5 pool 80% in dUSD",https://defillama.com/yields/pool/15692d23-4da2-4a73-99c0-9c93c1aa86d9,
USD,Balancer V3,Hyperliquid L1,LP,USDp-csbUSDC,High,DefiLlama,USDp-eUSDC-3,330180,6.49371,5.31105,6.34959,6.49371,0,,"score 2.0; USDP 5.5 (pharos 6.2, tid 5.0); CSBUSDC unrated 3.0; worst leg: CSBUSDC; -1 tvl<1M",https://defillama.com/yields/pool/a06aeaa0-2876-46b2-afc2-94e9a7a5559d,
USD,Midas RWA,Ethereum,Lending,mM1USD,High,DefiLlama,USDC,26250735,6.48,6.48,8.10733,6.48,,,unrated: internal signals only,https://defillama.com/yields/pool/15cc07d7-3ffc-49e6-8500-deaeb414e32d,
USD,Fusion by IPOR,Ethereum,Lending,TAU InfiniFi Pointsmax,High,DefiLlama,USDC,1281376,6.47214,5.53422,5.84008,6.47214,0,,"score 2.5; USDC 8.6 (credora 9.5, pharos 9.0, tid 7.5); allocation leg 3.0 (siUSD unrated@100%); allocation leg governs; -0.5 concentrated book 100%",https://defillama.com/yields/pool/5776ffc6-a789-4ad5-80d0-631bc54f80c5,
USD,Aave V3,Avalanche,Lending,USDC,Med-Low,DefiLlama,USDC,4808696,6.41282,6.77797,5.28332,6.41282,,,"score 7.9; USDC 8.6 (credora 9.5, pharos 9.0, tid 7.5); capped 7.9: not VERIFIED",https://defillama.com/yields/pool/c4b05318-88af-4536-a834-f5fc8940d2d3,
USD,Fluid Lending,Ethereum,Lending,Fluid Gho Token,Med-High,DefiLlama,GHO,26667779,6.4,6.92286,5.75,4.93,1.47,,"score 4.8; GHO 6.9 (credora 8.4, pharos 7.1, tid 5.5); collateral leg 4.8 (reUSD 4.8@100%); collateral leg governs",https://defillama.com/yields/pool/578cffd4-1470-44d0-8c5d-e9d4bd403651,
USD,3Jane Lending,Ethereum,Lending,USD3,Med-High,DefiLlama,USD3,92609360,6.397,6.57925,6.7908,6.397,,,"score 5.4; USD3 5.4 (credora 6.6, pharos 7.6, tid 3.5, yearn 4.2)",https://defillama.com/yields/pool/f8cd444e-d99f-4132-b234-fd3482bf8806,
USD,Curve DEX,Ethereum,LP,frxUSD/sUSDS,Med-High,DefiLlama,frxUSD-sUSDS,1634140,6.34474,3.93838,3.61781,4.82,1.52474,,"score 4.2; FRXUSD 6.2 (pharos 7.1, tid 5.5); SUSDS 6.3 (pharos 5.5, tid 7.0); worst leg: FRXUSD; -2 red flags",https://defillama.com/yields/pool/d62e6a1e-eb4b-4b22-a919-322a33fba89f,MISMATCH(curve total 1.53)
USD,Convex Finance,Ethereum,LP,pyUSD/crvUSD,Med-High,DefiLlama,PYUSD-crvUSD,730636,6.31665,6.25439,6.77091,0.16,6.15665,,"score 5.0; PYUSD 7.8 (credora 9.5, pharos 7.0, tid 7.0); CRVUSD 6.0 (pharos 7.3, tid 5.0); worst leg: CRVUSD; -1 tvl<1M",https://defillama.com/yields/pool/443f0162-635e-493c-bc2b-4985f8f790e3,
USD,Convex Finance,Ethereum,LP,GHO/crvUSD,Med-Low,DefiLlama,GHO-crvUSD,1120203,6.31349,6.23092,6.51511,0.09,6.22349,,"score 6.0; GHO 6.9 (credora 8.4, pharos 7.1, tid 5.5); CRVUSD 6.0 (pharos 7.3, tid 5.0); worst leg: CRVUSD",https://defillama.com/yields/pool/b790a7e7-e493-4822-937f-94204b0cbfb5,
USD,fx Protocol,Ethereum,Lending,FXUSDSTABILITYPOOLV2.0,High,DefiLlama,FXUSDSTABILITYPOOLV2.0,84295379,6.31,6.54714,8.13733,,,,unrated: internal signals only,https://defillama.com/yields/pool/abd6c9e1-3b52-459a-a31b-9022a4dcf7e2,
USD,Compound V3,Ethereum,Lending,USDC,Med-Low,DefiLlama,USDC,34444912,6.28129,5.19254,4.78413,6.28129,0,,"score 7.9; USDC 8.6 (credora 9.5, pharos 9.0, tid 7.5); capped 7.9: not VERIFIED",https://defillama.com/yields/pool/7da72d09-56ca-4ec5-a45f-59114353e487,
USD,Morpho Blue,Ethereum,Lending,USUALUSDC+,Med-Low,DefiLlama,USUALUSDC+,2005841,6.26162,6.64222,6.09532,6.26162,0,,"score 6.3; allocation leg 6.3 (cbBTC 9.5@51%, nvPRIME unrated@49%)",https://defillama.com/yields/pool/e553e77d-7ddc-4816-a1c9-4e68605f882c,
USD,Convex Finance,Ethereum,LP,Curve.fi Factory Plain Pool: crvUSD/USDT,Med-Low,DefiLlama,USDT-crvUSD,9383010,6.25512,6.40596,6.38868,0.2,6.05512,,"score 6.0; USDT 7.2 (credora 8.4, pharos 7.4, tid 6.0); CRVUSD 6.0 (pharos 7.3, tid 5.0); worst leg: CRVUSD",https://defillama.com/yields/pool/a3ffd3fe-b21c-44eb-94d5-22c80057a600,
USD,Morpho Blue,Ethereum,Lending,FAUSDE,High,DefiLlama,FAUSDE,4947778,6.23001,5.6853,6.54324,6.23001,0,,"score 3.7; allocation leg 4.7 (sUSDai 4.9@86%, sUSDat 3.0@13%, syrupUSDC 6.8@0%); -1 util 93%",https://defillama.com/yields/pool/e45f5c36-0277-423f-a5b0-15071e1a250e,
USD,Euler V2,Monad,Lending,K3 Capital Earn AUSD,Med-High,DefiLlama,AUSD,17990100,6.21043,6.31089,6.13245,4.96043,1.25,,"score 5.8; AUSD 7.3 (credora 9.0, pharos 7.3, tid 6.0); collateral leg 6.8 (PT-AUSD-8OCT2026→AUSD 6.8@100%); collateral leg governs; -1 util 93%",https://defillama.com/yields/pool/f234d4dc-9b36-4b23-b1ad-ab73e8286b56,
USD,Midas RWA,Base,Lending,mGLO,High,DefiLlama,USDC,51536763,6.2,6.2,2.80455,6.2,,,unrated: internal signals only,https://defillama.com/yields/pool/70267deb-6203-537d-b013-c861e063419c,
USD,Midas RWA,Robinhood Chain,Lending,mGLO,High,DefiLlama,USDC,36043534,6.2,6.2,2.80455,6.2,,,unrated: internal signals only,https://defillama.com/yields/pool/38cae0ab-6989-5f2e-a9b0-04e5d088d580,
USD,Curve DEX,Base,LP,USDC-USDBC-AXLUSDC-CRVUSD,High,DefiLlama,USDC-USDBC-AXLUSDC-CRVUSD,250193,6.18814,5.90553,5.7513,0.09,6.09814,,"score 2.0; USDC 8.6 (credora 9.5, pharos 9.0, tid 7.5); CRVUSD 6.0 (pharos 7.3, tid 5.0); USDBC unrated 3.0; AXLUSDC unrated 3.0; worst leg: USDBC; -1 tvl<1M",https://defillama.com/yields/pool/05979e07-baf5-4f94-b417-19bf64130e1d,
USD,Aave V4,Avalanche,Lending,Core,Med-Low,DefiLlama,USDT,8083245,6.17502,6.55782,6.67642,0.08502,6.09,,"score 7.2; USDT 7.2 (credora 8.4, pharos 7.4, tid 6.0)",https://defillama.com/yields/pool/e57ec8fc-4831-5383-82ac-4d96083707a8,
USD,Curve DEX,Ethereum,LP,LlamaThena,Med-Low,DefiLlama,scrvUSD-sUSDe,1650009,6.15103,6.1276,6.00947,4.13,2.02103,,"score 6.0; CRVUSD 6.0 (pharos 7.3, tid 5.0); SUSDE 6.0 (pharos 5.5, tid 6.5); worst leg: CRVUSD",https://defillama.com/yields/pool/0d6b4d03-fb91-4b6f-bd55-544e7aa71200,
USD,Aave V4,Ethereum,Lending,Core,Med-Low,DefiLlama,USDG,10150198,6.14703,6.14954,6.17021,2.66703,3.48,,"score 7.7; USDG 7.7 (credora 9.0, pharos 7.3, tid 6.5, yearn 8.5)",https://defillama.com/yields/pool/411707d7-0293-4ad3-982d-72125e1f5de7,
USD,Morpho Blue,Ethereum,Lending,GTUSDCF,Med-Low,DefiLlama,GTUSDCF,23504326,6.14436,6.2443,6.04918,6.14436,0,,"score 6.5; allocation leg 8.5 (cbBTC 9.5@74%, AA_FalconXUSDC 5.2@14%, reUSD 4.8@4%, LBTC 8.4@3%, PT-sUSDD-26NOV2026→sUSDD 3.6@3%, weETH 7.0@1%, syrupUSDC 6.8@0%, PT-USDG-28MAY2026→USDG 7.2@0%, PT-sUSDS-26NOV2026→sUSDS 5.8@0%); credora vault A (psl 0.26%); allocation leg governs; -2 red flags",https://defillama.com/yields/pool/ff113246-f6e0-4e10-b92c-abd3cd1d7dd6,MISMATCH(source 4.58)
USD,Aave V4,Ethereum,Lending,Global Dollar,Med-Low,DefiLlama,USDG,3812544,6.1414,6.13528,6.16417,2.8614,3.28,,"score 7.7; USDG 7.7 (credora 9.0, pharos 7.3, tid 6.5, yearn 8.5)",https://defillama.com/yields/pool/6d36657a-710e-5870-aaf9-f00f20e919b9,
USD,Curvance,Monad,Lending,wsrUSD/AUSD,High,DefiLlama,AUSD,1956376,6.13501,6.05934,5.91107,4.33501,1.8,,"score 1.4; AUSD 7.3 (credora 9.0, pharos 7.3, tid 6.0); collateral leg 1.4 (wsrUSD 1.4@100%); collateral leg governs",https://defillama.com/yields/pool/90924439-8fb8-4e6a-afe3-9ba393e68fdc,
USD,Midas RWA,Ethereum,Lending,mGLOBAL,Med-High,DefiLlama,USDC,34064146,6.1,6.1,6.64909,6.1,,,"score 4.8; MGLOBAL 4.8 (pharos 5.2, yearn 4.3)",https://defillama.com/yields/pool/4e11cab6-afe4-5785-ac9d-cf3b46dc67f7,
USD,Morpho Blue,Ethereum,Lending,HUMAUSDC,High,DefiLlama,HUMAUSDC,12522996,6.08818,6.39767,6.26769,6.08818,0,,score 2.5; allocation leg 3.0 (PST unrated@100%); -0.5 concentrated book 100%,https://defillama.com/yields/pool/a295b2bd-0d49-4b01-803a-ff96bdcd0d33,
USD,Curvance,Monad,Lending,wsrUSD/USDC,High,DefiLlama,USDC,3160779,6.07896,6.15926,5.94426,4.27896,1.8,,"score 1.4; USDC 8.6 (credora 9.5, pharos 9.0, tid 7.5); collateral leg 1.4 (wsrUSD 1.4@100%); collateral leg governs",https://defillama.com/yields/pool/6ecbd541-f13e-5f59-93cf-7ba92ce3606e,
USD,Convex Finance,Ethereum,LP,Curve Lend – syrupUSDC collateral,Med-Low,DefiLlama,CRVUSD,3372027,6.06855,6.20704,5.92616,1.9487,4.11985,,"score 6.0; CRVUSD 6.0 (pharos 7.3, tid 5.0)",https://defillama.com/yields/pool/1c76c589-e3e7-54cf-b549-bba72cc74ab5,REWARD-HEAVY(emissions 4.1 of 6.1 unverified)
USD,Euler V2,Monad,Lending,EVK Vault eUSDC-15,Med-Low,DefiLlama,USDC,334464,6.05647,6.05584,6.05344,4.55647,1.5,,"score 7.6; USDC 8.6 (credora 9.5, pharos 9.0, tid 7.5); -1 tvl<1M",https://defillama.com/yields/pool/6cc57c9a-b81a-4089-ab38-06810344ba18,
USD,Liquity V2,Ethereum,Lending,BOLD deposited in the RETH Stability Pool earns continuous BOLD yield and periodic RETH rewards from Trove liquidations,Med-Low,DefiLlama,BOLD,4247209,6.02408,6.3345,4.64766,,,,"score 7.4; BOLD 7.4 (pharos 8.4, tid 6.5)",https://defillama.com/yields/pool/326739f2-4650-4992-a8eb-a400e7790499,
USD,Morpho Blue,Katana,Lending,BBQUSDC,Med-High,DefiLlama,BBQUSDC,1542967,6.00625,6.19274,6.65076,1.33637,4.66988,,score 5.5; BBQUSDC 5.5 (pharos 5.5),https://defillama.com/yields/pool/938e1047-c2df-4b13-acaa-15fa76db50cc,REWARD-HEAVY(emissions 4.7 of 6.0 unverified)
USD,Curve DEX,Monad,LP,3pool,Med-Low,DefiLlama,AUSD-USDC-USDT0,2343576,6,6,6.87731,0,6,,"score 7.2; AUSD 7.3 (credora 9.0, pharos 7.3, tid 6.0); USDC 8.6 (credora 9.5, pharos 9.0, tid 7.5); USDT 7.2 (credora 8.4, pharos 7.4, tid 6.0); worst leg: USDT",https://defillama.com/yields/pool/ceb80408-8ab8-4293-b274-162efff518a6,
USD,Yearn Finance,Ethereum,LP,Curve DOLA-sUSDe Factory yVault,Med-High,DefiLlama,DOLA-sUSDe,12406527,5.98685,6.15213,5.91564,5.98685,0,,"score 5.0; DOLA 5.0 (pharos 5.7, tid 4.5); SUSDE 6.0 (pharos 5.5, tid 6.5); worst leg: DOLA",https://defillama.com/yields/pool/77a6c1f4-fc04-47ff-aa62-090bcb20e3db,
USD,Beefy,Ethereum,LP,Convex,Med-High,DefiLlama,GHO-CRVUSD,217326,5.98083,5.85766,6.2407,,,,"score 5.0; GHO 6.9 (credora 8.4, pharos 7.1, tid 5.5); CRVUSD 6.0 (pharos 7.3, tid 5.0); worst leg: CRVUSD; -1 tvl<1M",https://defillama.com/yields/pool/6a8516bb-6eba-4c81-ba6e-6c0434d87b18,
USD,Morpho Blue,Ethereum,Lending,GTUSDCRWA,Med-High,DefiLlama,GTUSDCRWA,10986757,5.9786,6.08996,5.815,5.9786,0,,"score 4.3; allocation leg 4.3 (savUSD 4.9@59%, siUSD unrated@24%, srRoyUSDC 3.4@10%, ftUSD 5.3@5%, weETH 7.0@1%, PT-cUSD-23JUL2026→cUSD 6.2@0%); credora vault C+ (psl 9.65%); allocation leg governs",https://defillama.com/yields/pool/086d98c3-e23e-42b2-9425-cb8915724337,
USD,Morpho Blue,Ethereum,Lending,BBQUSDC,Med-High,DefiLlama,BBQUSDC,45248190,5.96305,6.19782,5.67394,5.96305,0,,"score 4.4; BBQUSDC 5.5 (pharos 5.5); allocation leg 5.4 (wFalconX unrated@33%, mF-ONE 8.4@33%, PT-reUSD-10DEC2026→reUSD 4.3@22%, weETH 7.0@5%, reUSD 4.8@5%, weETH 7.0@1%, syrupUSDC 6.8@0%, PT-srUSDe-2APR2026→srUSDe 6.2@0%); allocation leg governs; -1 util 93%",https://defillama.com/yields/pool/f8d7740c-4cef-420e-a944-1b7caffde643,
USD,Convex Finance,Ethereum,LP,Curve Vault for crvUSD,Med-Low,DefiLlama,crvUSD,1163385,5.947,5.83563,5.4528,1.6813,4.2657,,"score 6.0; CRVUSD 6.0 (pharos 7.3, tid 5.0)",https://defillama.com/yields/pool/ed1793ea-e039-422f-a798-ceff63d55f6b,REWARD-HEAVY(emissions 4.3 of 5.9 unverified)
USD,Uniswap V3,Ethereum,LP,0.05%,Med-Low,DefiLlama,EURCV-USDC,3340220,5.91164,2.59314,1.29272,5.91164,,,"score 6.8; EURCV 6.8 (pharos 6.8); USDC 8.6 (credora 9.5, pharos 9.0, tid 7.5); worst leg: EURCV",https://defillama.com/yields/pool/330fe26f-2f0e-4f15-aca1-5a7a7242bbd1,
USD,Yuzu Money,Ethereum,Lending,YZCASH,Med-High,DefiLlama,YZCASH,1570343,5.90146,5.90354,5.91445,5.90146,,,unrated: internal signals only,https://defillama.com/yields/pool/12b8c52b-d73e-595d-8bbc-f610d0c54d71,
USD,Aave V3,Monad,Lending,Aave Monad mUSD,Med-High,DefiLlama,mUSD,9894298,5.87572,6.01016,6.01908,2.19522,3.6805,,"score 5.6; MUSD 5.6 (pharos 5.6, yearn 5.6); pool collateral leg 8.1 (USDC 8.6@63%, USDT0 7.2@25%, GHO 6.9@8%, WETH 9.0*@3%, cbBTC 9.5@0%)",https://defillama.com/yields/pool/b5ca474e-8117-55d5-982b-78421f845abf,
USD,Morpho Blue,Base,Lending,CSCBUSDC,Low,DefiLlama,CSCBUSDC,38578896,5.86503,5.85748,5.82184,4.21939,1.64564,,"score 9.0; allocation leg 9.2 (cbBTC 9.5@70%, SOL 8.5*@15%, JitoSOL 8.0*@7%, cbETH 8.3*@2%); credora vault A (psl 0.26%)",https://defillama.com/yields/pool/097b18e2-9232-4c44-bd2e-502de4ba889e,
USD,Convex Finance,Ethereum,LP,Curve Lend – sDOLA collateral,Med-Low,DefiLlama,CRVUSD,10502014,5.85591,5.93219,6.00376,2.7533,3.10261,,"score 6.0; CRVUSD 6.0 (pharos 7.3, tid 5.0)",https://defillama.com/yields/pool/01924724-1926-5902-9dea-91823db12413,
USD,Fluid Lending,Arbitrum,Lending,Fluid USD Coin,Med-Low,DefiLlama,USDC,55629367,5.85,4.65286,4.217,5.85,,,"score 7.9; USDC 8.6 (credora 9.5, pharos 9.0, tid 7.5); capped 7.9: not VERIFIED",https://defillama.com/yields/pool/4c45cc9e-e1a4-43c9-8a3d-687d96abb07c,
USD,Morpho Blue,Ethereum,Lending,SATUSDC,High,DefiLlama,SATUSDC,870712,5.84749,4.95331,5.20026,5.84749,0,,"score 0.5; allocation leg 3.6 (sUSDat 3.0@59%, PT-USDat-14JAN2027→USDat 4.7@32%, PT-sUSDat-14JAN2027→sUSDat 2.5@4%); -2 red flags; -1 tvl<1M; -1 util 100%",https://defillama.com/yields/pool/2202d562-d4b0-4114-bf9a-5ecba6173a79,MISMATCH(source 8.10)
USD,Aave V3,Monad,Lending,Aave Monad GHO,Med-Low,DefiLlama,GHO,3596892,5.84114,5.9898,6.01693,3.41147,2.42967,,"score 6.9; GHO 6.9 (credora 8.4, pharos 7.1, tid 5.5); pool collateral leg 8.2 (USDC 8.6@69%, USDT0 7.2@28%, WETH 9.0*@3%, cbBTC 9.5@0%)",https://defillama.com/yields/pool/225ac154-fa49-53ea-a246-12c7483f5b24,
USD,Aave V3,Monad,Lending,Aave Monad AUSD,Med-Low,DefiLlama,AUSD,2260746,5.83697,5.72296,5.90469,3.52967,2.3073,,"score 7.3; AUSD 7.3 (credora 9.0, pharos 7.3, tid 6.0); pool collateral leg 8.1 (USDC 8.6@63%, USDT0 7.2@25%, GHO 6.9@8%, WETH 9.0*@3%, cbBTC 9.5@0%)",https://defillama.com/yields/pool/d795cb4c-e30f-52c0-8447-bf0853763a20,
USD,Strata Markets,Ethereum,Lending,JRPRIME,High,DefiLlama,JRPRIME,262856,5.83052,6.11506,5.88209,5.83052,,,unrated: internal signals only,https://defillama.com/yields/pool/f88ff950-9096-46c0-bb9e-93f4d8266c41,
USD,Morpho Blue,Ethereum,Lending,BBQUSDC,High,DefiLlama,BBQUSDC,13609975,5.82783,5.90083,5.42993,5.82783,0,,"score 1.3; BBQUSDC 5.5 (pharos 5.5); allocation leg 3.3 (strUSD unrated@67%, PT-trUSD-26NOV2026→trUSD 4.8@18%, etrUSD unrated@13%); allocation leg governs; -2 red flags",https://defillama.com/yields/pool/36977448-9ad9-43ea-85f2-60ee1b92ecd0,MISMATCH(source 8.19)
USD,Lagoon,Ethereum,Lending,MURMURRUSDCONE,High,DefiLlama,MURMURRUSDCONE,226640,5.82724,5.95857,5.93227,5.82724,,,unrated: internal signals only,https://defillama.com/yields/pool/89981eec-b7a8-43d5-af89-381dd4ed7d49,
USD,Aave V3,Monad,Lending,Aave Monad USDT0,Med-Low,DefiLlama,USDT0,6737994,5.82202,5.96562,6.03123,3.9324,1.88962,,"score 7.2; USDT 7.2 (credora 8.4, pharos 7.4, tid 6.0); pool collateral leg 8.4 (USDC 8.6@84%, GHO 6.9@11%, WETH 9.0*@4%, cbBTC 9.5@0%)",https://defillama.com/yields/pool/8bba1554-1318-54ad-9143-0972406e9428,
USD,Curve DEX,Ethereum,LP,reUSD/sUSDe,Med-High,DefiLlama,reUSD-sUSDe,2295448,5.82,5.66,5.67433,5.82,0,,"score 4.3; REUSD 4.8 (pharos 5.0, tid 5.0, yearn 4.2); SUSDE 6.0 (pharos 5.5, tid 6.5); worst leg: REUSD; -0.5 pool 81% in sUSDe",https://defillama.com/yields/pool/ed940168-f355-4ccc-8f3f-4a49761df0da,
USD,Curve DEX,Ethereum,LP,USD3-SCRVUSD,Med-High,DefiLlama,USD3-SCRVUSD,698896,5.81795,5.79135,6.20632,1.52,4.29795,,"score 4.4; USD3 5.4 (credora 6.6, pharos 7.6, tid 3.5, yearn 4.2); CRVUSD 6.0 (pharos 7.3, tid 5.0); worst leg: USD3; -1 tvl<1M",https://defillama.com/yields/pool/681faca0-5f8d-4341-9ba8-7ef8e73968a3,
USD,Aave V3,Monad,Lending,USDC,Med-Low,DefiLlama,USDC,13847695,5.80697,5.68713,5.84959,4.0985,1.70847,,"score 7.3; USDC 8.6 (credora 9.5, pharos 9.0, tid 7.5); pool collateral leg 7.3 (USDT0 7.2@69%, GHO 6.9@23%, WETH 9.0*@8%, cbBTC 9.5@1%); pool collateral leg governs",https://defillama.com/yields/pool/0a1131e6-a59d-537c-b18f-826b9583f01f,
USD,Fusion by IPOR,Base,Lending,Harvest USDC vault Base,Med-Low,DefiLlama,USDC,1062137,5.80196,6.1107,6.64788,3.94433,1.85763,,"score 6.0; USDC 8.6 (credora 9.5, pharos 9.0, tid 7.5); allocation leg 6.0 (harvest-erc4626 6.0†@80%, harvest-erc4626 6.0†@20%, USDC 8.6@0%, harvest-erc4626 6.0†@0%, harvest-erc4626 6.0†@0%, harvest-erc4626 6.0†@0%, harvest-erc4626 6.0†@0%, harvest-erc4626 6.0†@0%, harvest-erc4626 6.0†@0%, harvest-erc4626 6.0†@0%); allocation leg governs",https://defillama.com/yields/pool/724759e3-48d8-4ff6-ba11-505694cc2303,
USD,Curve DEX,OP Mainnet,LP,CRVUSD-USDC,Med-High,DefiLlama,CRVUSD-USDC,249036,5.79637,5.44699,5.41105,0.37,5.42637,,"score 5.0; CRVUSD 6.0 (pharos 7.3, tid 5.0); USDC 8.6 (credora 9.5, pharos 9.0, tid 7.5); worst leg: CRVUSD; -1 tvl<1M",https://defillama.com/yields/pool/ab15cce6-f35f-4996-9590-45fb1b6e4eee,
USD,Morpho Blue,Base,Lending,SIRLOINUSDC,Med-Low,DefiLlama,SIRLOINUSDC,442806493,5.78047,5.73654,5.66243,3.03864,2.74183,,"score 6.2; allocation leg 7.2 (USDe 7.2@87%, cbBTC 9.5@0%, cbETH 8.3*@0%); credora vault B+ (psl 1.19%); allocation leg governs; -1 util 92%",https://defillama.com/yields/pool/8276be38-acc6-4005-ab0d-62680f49f4df,
USD,Curve LlamaLend,Ethereum,Lending,svZCHF collateral,Med-High,DefiLlama,CRVUSD,491906,5.76177,6.19381,7.91862,0.8297,4.93207,,"score 5.0; CRVUSD 6.0 (pharos 7.3, tid 5.0); -1 tvl<1M",https://defillama.com/yields/pool/26ada2b2-81ea-540a-976e-6ef5b0659173,REWARD-HEAVY(emissions 4.9 of 5.8 unverified)
USD,Morpho Blue,Ethereum,Lending,ARMUSDCS,Low,DefiLlama,ARMUSDCS,45598257,5.75025,5.52373,5.26594,5.75025,0,,"score 8.1; allocation leg 8.1 (cbBTC 9.5@47%, PT-reUSD-10DEC2026→reUSD 4.3@21%, WBTC 9.5@15%, wstETH 8.5*@5%, PT-USDat-14JAN2027→USDat 4.7@3%, PT-USDG-24SEP2026→USDG 7.2@0%)",https://defillama.com/yields/pool/d2a99602-b0c7-4f6a-a329-82bdaad3df0c,
USD,Morpho Blue,Monad,Lending,BBQUSDC,Med-High,DefiLlama,BBQUSDC,330318,5.72364,6.31364,6.48839,3.24374,2.4799,,"score 4.5; BBQUSDC 5.5 (pharos 5.5); allocation leg 6.5 (XAUt0 unrated@25%, PT-AUSD-8OCT2026→AUSD 6.8@25%, WMON 6.5*@25%, WBTC 9.5@25%, wstETH 8.5*@0%); -1 tvl<1M",https://defillama.com/yields/pool/ee11e86e-1771-4847-8b49-40c68f85cd46,
USD,Uniswap V4,Ethereum,LP,0.00%,Med-Low,DefiLlama,USDC-USDT,4033749,5.72321,1.88037,34.82968,5.72321,,,"score 7.2; USDC 8.6 (credora 9.5, pharos 9.0, tid 7.5); USDT 7.2 (credora 8.4, pharos 7.4, tid 6.0); worst leg: USDT",https://defillama.com/yields/pool/f75a6b08-2a18-4c2a-94a9-9a5d2785e365,
USD,Royco V2,Ethereum,Lending,Morini Stock Market TR Basis Trade · Junior,High,DefiLlama,JRSTOCKMARKETTRBASISTRADE,445757,5.71665,9.0877,14.61494,5.71665,,,unrated: internal signals only,https://defillama.com/yields/pool/9873162c-ef8a-5e02-8985-e9393f1fac3c,
USD,Royco V2,Ethereum,Lending,Morini Stock Market TR Basis Trade · Senior,High,DefiLlama,SRSTOCKMARKETTRBASISTRADE,445014,5.69775,9.03816,14.35091,5.69775,,,unrated: internal signals only,https://defillama.com/yields/pool/b5bd9a08-ae1a-536e-90f4-df59897a66da,
USD,Gains Network,Base,Lending,Gains Network USDC,Med-Low,DefiLlama,USDC,627164,5.69412,5.5261,8.15224,5.69412,,,"score 7.6; USDC 8.6 (credora 9.5, pharos 9.0, tid 7.5); -1 tvl<1M",https://defillama.com/yields/pool/d511efb8-f61b-43ce-bb1e-dffc6a57727f,
USD,Convex Finance,Ethereum,LP,Curve Lend – sfrxUSD collateral,Med-Low,DefiLlama,CRVUSD,15457033,5.67273,5.97745,5.92364,2.6921,2.98063,,"score 6.0; CRVUSD 6.0 (pharos 7.3, tid 5.0)",https://defillama.com/yields/pool/04fd30b3-c871-527b-bb8e-a50f7ab5c174,
USD,Balancer V3,Base,LP,AAVEUSDC-AAVEGHO,High,DefiLlama,AAVEUSDC-AAVEGHO,274065,5.66074,4.58667,3.95442,5.66074,0,,unrated: internal signals only,https://defillama.com/yields/pool/96a2dc74-8cb5-43a8-9a86-75612cf7f904,
USD,Morpho Blue,Monad,Lending,CSAAUSD,High,DefiLlama,CSAAUSD,2990284,5.65762,5.64625,6.91145,5.20801,0.44961,,"score 3.0; allocation leg 3.0 (naccUSDC unrated@65%, YZM unrated@35%)",https://defillama.com/yields/pool/a9fac1a0-f898-47b5-b7d3-d4d07c5f8a89,
USD,Curve DEX,Ethereum,LP,frxUSD/sDOLA,High,DefiLlama,frxUSD-sDOLA,954595,5.65081,5.95756,6.10046,4.65,1.00081,,"score 1.5; FRXUSD 6.2 (pharos 7.1, tid 5.5); SDOLA 5.0 (pharos 5.5, tid 4.5); worst leg: SDOLA; -2 red flags; -1 tvl<1M; -0.5 pool 78% in sDOLA",https://defillama.com/yields/pool/d92e6b85-90ec-4796-a77c-0c56a65e6734,MISMATCH(curve total 1.00)
USD,Aave V3,Plasma,Lending,USDT0,High,DefiLlama,USDT0,41273709,5.64427,5.02603,4.94122,4.80099,0.84328,,"score 2.0; USDT 7.2 (credora 8.4, pharos 7.4, tid 6.0); pool collateral leg 3.0 (WXPL unrated@100%); pool collateral leg governs; -1 util 95%",https://defillama.com/yields/pool/e338c687-a5d8-4abf-bc04-127990811b0a,
USD,Convex Finance,Ethereum,LP,Curve Vault for crvUSD,Med-Low,DefiLlama,crvUSD,8230880,5.64066,5.78319,5.9096,2.5765,3.06416,,"score 6.0; CRVUSD 6.0 (pharos 7.3, tid 5.0)",https://defillama.com/yields/pool/64078a28-4d66-43d7-bc97-012994a0e4d4,
USD,Fluid Lending,Arbitrum,Lending,Fluid Gho Token,Med-High,DefiLlama,GHO,2278686,5.63,5.34143,5.38833,5.63,,,"score 4.9; GHO 6.9 (credora 8.4, pharos 7.1, tid 5.5); collateral leg 9.5 (WBTC 9.5@100%); -2 red flags",https://defillama.com/yields/pool/19d0ddd5-083a-4839-a01a-5fdf066e94a3,MISMATCH(source 0.02)
USD,Morpho Blue,Ethereum,Lending,STEAKPYUSD,Med-Low,DefiLlama,STEAKPYUSD,331211,5.62943,7.10391,6.51295,5.62943,0,,"score 7.6; allocation leg 8.6 (PAXG 8.4@47%, wstETH 8.5*@39%, WBTC 9.5@13%); -1 tvl<1M",https://defillama.com/yields/pool/1eb871b8-f380-40a7-b451-1c899eba8fd2,
USD,Curve DEX,Ethereum,LP,ZCHF/CRVUSD,Med-High,DefiLlama,crvUSD-ZCHF,641425,5.59563,5.7476,5.51235,0.05,5.54563,,"score 4.4; CRVUSD 6.0 (pharos 7.3, tid 5.0); ZCHF 5.9 (pharos 8.1, tid 4.0); worst leg: ZCHF; -1 tvl<1M; -0.5 pool 79% in ZCHF",https://defillama.com/yields/pool/d85aeae0-e233-4c1e-8620-66569a571609,
USD,Sky Lending,Ethereum,Lending,GROVE Farming Pool,Med-Low,DefiLlama,USDS,168448817,5.57417,5.46877,5.61463,,5.57417,,"score 7.9; USDS 8.1 (credora 8.4, pharos 8.0, tid 7.0, yearn 9.6); capped 7.9: not VERIFIED",https://defillama.com/yields/pool/4d87430b-688a-5ac5-a593-4e31ac715d02,REWARD-HEAVY(emissions 5.6 of 5.6 unverified)
USD,ether.fi Liquid,Ethereum,Lending,LIQUIDUSD,High,DefiLlama,LIQUIDUSD,26284799,5.56636,5.47532,5.48574,5.56636,,,unrated: internal signals only,https://defillama.com/yields/pool/7c12f175-37bc-41db-967a-1d7f1f4a23c4,
USD,Sky Lending,Ethereum,Lending,SDAI,High,DefiLlama,SDAI,202110287,5.55881,5.55881,5.55881,1.25,,4.30881,score 3.5; SDAI 5.5 (pharos 5.5); -2 self-reported,https://defillama.com/yields/pool/c8a24fee-ec00-4f38-86c0-9f6daebc4225,SELF-REPORTED(flat 30d history)
USD,Morpho Blue,Base,Lending,GTUSDCF,Med-High,DefiLlama,GTUSDCF,4944104,5.54819,5.5849,5.47758,5.54819,0,,"score 4.9; allocation leg 4.9 (cbXRP unrated@41%, SOL 8.5*@21%, cbADA unrated@18%, JitoSOL 8.0*@13%, WETH 9.0*@0%, LBTC 8.4@0%, cbBTC 9.5@0%, wstETH 8.5*@0%)",https://defillama.com/yields/pool/92a97f48-005e-4819-a838-f442ea92c401,
USD,Yearn Finance,Ethereum,Lending,crvUSD-2 yVault,Med-High,DefiLlama,crvUSD,1291383,5.53793,5.26257,5.19768,5.53793,0,,"score 5.9; CRVUSD 6.0 (pharos 7.3, tid 5.0); capped 5.9: allocation not visible",https://defillama.com/yields/pool/a4236681-173c-4a52-97d2-30c61f07141b,
USD,Convex Finance,Ethereum,LP,USDT-USDE,Med-High,DefiLlama,USDT-USDE,869293,5.52604,6.03874,8.35828,0.52,5.00604,,"score 5.7; USDT 7.2 (credora 8.4, pharos 7.4, tid 6.0); USDE 7.2 (credora 7.4, pharos 7.9, tid 6.5); worst leg: USDT; -1 tvl<1M; -0.5 pool 76% in USDT",https://defillama.com/yields/pool/3514b9aa-50fb-4534-b614-8336eb9f7e1e,
USD,Lagoon,Ethereum,Lending,SIGMAUSDC,Med-High,DefiLlama,SIGMAUSDC,1258629,5.49076,5.49402,5.37635,5.49076,,,unrated: internal signals only,https://defillama.com/yields/pool/de96c722-ab4e-4af1-85f8-3700d72dc957,
USD,Uniswap V4,Ethereum,LP,Dynamic fee (hook),Med-Low,DefiLlama,USDC-USDG,2597567,5.47615,3.9136,3.25604,5.47615,,,"score 7.7; USDC 8.6 (credora 9.5, pharos 9.0, tid 7.5); USDG 7.7 (credora 9.0, pharos 7.3, tid 6.5, yearn 8.5); worst leg: USDG",https://defillama.com/yields/pool/b05bbb91-bb22-5bda-9ffa-260b7d674b45,
USD,Aave V4,Ethereum,Lending,Core,Med-Low,DefiLlama,frxUSD,3990646,5.4695,5.46637,5.52952,2.6395,2.83,,"score 6.2; FRXUSD 6.2 (pharos 7.1, tid 5.5)",https://defillama.com/yields/pool/44da6781-e5d3-4b77-8171-e55571a8cc22,
USD,Curve DEX,Ethereum,LP,alUSD/frxUSD,High,DefiLlama,alUSD-frxUSD,2158823,5.44368,6.0395,6.01511,0.17,5.27368,,"score 1.7; ALUSD 2.7 (pharos 2.7); FRXUSD 6.2 (pharos 7.1, tid 5.5); worst leg: ALUSD; -1 pool 90% in alUSD",https://defillama.com/yields/pool/0baca69f-f88b-4dc3-9410-02a77c96df69,
USD,Lista Lending,Ethereum,Lending,Lista USDT Savings Vault,Med-Low,DefiLlama,USDT,4066013,5.42346,5.69816,6.07398,0.95089,4.47257,,"score 7.2; USDT 7.2 (credora 8.4, pharos 7.4, tid 6.0)",https://defillama.com/yields/pool/5e953c59-150a-4e1a-a117-3db74c7c8591,REWARD-HEAVY(emissions 4.5 of 5.4 unverified)
USD,Morpho Blue,Ethereum,Lending,SDUSDCV2,Med-Low,DefiLlama,SDUSDCV2,481883,5.41617,6.57279,5.75513,5.41617,0,,"score 6.9; allocation leg 8.4 (mF-ONE 8.4@100%, sDOLA 5.0@0%); -1 tvl<1M; -0.5 concentrated book 100%",https://defillama.com/yields/pool/90bb2816-3020-47c6-8f1d-3f46c538931b,
USD,Uniswap V4,Ethereum,LP,0.01%,Med-Low,DefiLlama,USDT-USDG,260764,5.40842,4.33185,4.33717,5.40842,,,"score 6.2; USDT 7.2 (credora 8.4, pharos 7.4, tid 6.0); USDG 7.7 (credora 9.0, pharos 7.3, tid 6.5, yearn 8.5); worst leg: USDT; -1 tvl<1M",https://defillama.com/yields/pool/2627c98a-15a9-4f63-961e-a5c2276f082d,
USD,Convex Finance,Ethereum,LP,alUSD/sDOLA,High,DefiLlama,sDOLA-alUSD,716212,5.39245,5.03627,4.99265,0.8,4.59245,,"score 0.7; SDOLA 5.0 (pharos 5.5, tid 4.5); ALUSD 2.7 (pharos 2.7); worst leg: ALUSD; -1 tvl<1M; -1 pool 88% in alUSD",https://defillama.com/yields/pool/1fa89639-b77f-4876-bebc-21ba6f36aab1,
USD,Aave V4,Ethereum,Lending,Plus,Med-Low,DefiLlama,USDE,18862871,5.39198,5.61577,5.54187,0.00198,5.39,,"score 7.2; USDE 7.2 (credora 7.4, pharos 7.9, tid 6.5); pool collateral leg 8.5 (tBTC 9.0@44%, rETH 8.4@35%, weETH 7.0@12%, cbETH 8.3*@5%, AAVE 8.0*@1%, BTC.b 6.6@0%, LBTC 8.4@0%, wstETH 8.5*@0%, syrupUSDT 6.0@0%)",https://defillama.com/yields/pool/06e31808-bec8-435c-a2b2-2c539bffb231,
USD,Euler V2,Monad,Lending,EVK Vault eUSDT0-13,Med-Low,DefiLlama,USDT0,555939,5.35299,5.36245,5.35443,5.35299,,,"score 6.2; USDT 7.2 (credora 8.4, pharos 7.4, tid 6.0); -1 tvl<1M",https://defillama.com/yields/pool/37820016-d0f4-52a7-ac7d-b5b6977ac0d1,
USD,Morpho Blue,Ethereum,Lending,GTDAICORE,Med-High,DefiLlama,GTDAICORE,3085191,5.34576,6.03133,5.48135,5.34576,0,,unrated: internal signals only,https://defillama.com/yields/pool/d78f63a2-98c4-481b-9f3d-147505dd9974,
USD,Beefy,Ethereum,LP,Moo Morpho Smokehouse USDC,Med-Low,DefiLlama,USDC,3388611,5.34371,5.27872,4.87912,,,,"score 7.9; USDC 8.6 (credora 9.5, pharos 9.0, tid 7.5); capped 7.9: not VERIFIED",https://defillama.com/yields/pool/45ecff73-d1b5-412f-ae15-c409034cc14c,
USD,Strata Markets,Ethereum,Lending,SRNUSD,High,DefiLlama,SRNUSD,265901,5.29739,5.17018,4.71672,5.29739,,,"score 2.8; NUSD 3.2 (credora 1.5, pharos 5.0); -1 tvl<1M; +0.5 senior tranche buffer",https://defillama.com/yields/pool/979711ce-d0c0-4aae-a5fc-d7b76e868649,
USD,Aave V3,Plasma,Lending,Aave Plasma sUSDe,Med-Low,DefiLlama,sUSDe,208696223,5.29706,5.29706,6.10519,0,,5.29706,"score 6.0; SUSDE 6.0 (pharos 5.5, tid 6.5); pool collateral leg 7.2 (USDT0 7.2@100%)",https://defillama.com/yields/pool/6cf9108a-4832-4681-95d7-757d51d3b24a,
USD,Aave V3,Ethereum,Lending,SUSDE,Med-Low,DefiLlama,SUSDE,148645493,5.29706,5.29706,5.96946,0,,5.29706,"score 6.0; SUSDE 6.0 (pharos 5.5, tid 6.5); pool collateral leg 8.5 (tBTC 9.0@44%, rETH 8.4@35%, weETH 7.0@12%, cbETH 8.3*@5%, AAVE 8.0*@1%, BTC.b 6.6@0%, LBTC 8.4@0%, wstETH 8.5*@0%, syrupUSDT 6.0@0%)",https://defillama.com/yields/pool/29932dea-cd71-44c3-95bd-3e1525f4e3dd,
USD,Morpho Blue,Ethereum,Lending,SUSDE,Med-High,DefiLlama,SUSDE,104524512,5.29706,5.29706,5.29706,0,,5.29706,"score 4.0; SUSDE 6.0 (pharos 5.5, tid 6.5); -2 self-reported",https://defillama.com/yields/pool/9b0c3b21-d47b-4b0c-855d-d1b78cd35350,SELF-REPORTED(flat 30d history)
USD,Aave V3,Mantle,Lending,Aave Mantle sUSDe,Med-Low,DefiLlama,sUSDe,96463960,5.29706,5.29706,6.41619,0,,5.29706,"score 6.0; SUSDE 6.0 (pharos 5.5, tid 6.5)",https://defillama.com/yields/pool/a4e37545-203b-4412-9acd-3e8b1aa4d744,
USD,Aave V4,Ethereum,Lending,Plus,Med-High,DefiLlama,sUSDe,10237473,5.29706,5.29706,5.29706,0,,5.29706,"score 4.0; SUSDE 6.0 (pharos 5.5, tid 6.5); pool collateral leg 8.5 (tBTC 9.0@44%, rETH 8.4@35%, weETH 7.0@12%, cbETH 8.3*@5%, AAVE 8.0*@1%, BTC.b 6.6@0%, LBTC 8.4@0%, wstETH 8.5*@0%, syrupUSDT 6.0@0%); -2 self-reported",https://defillama.com/yields/pool/fafb2fcb-d70b-48a5-9026-6f51126e882a,SELF-REPORTED(flat 30d history)
USD,Curve LlamaLend,Ethereum,Lending,crvUSD borrow,Med-High,DefiLlama,SUSDE,2069744,5.29706,5.29706,5.29706,,,5.29706,"score 4.0; SUSDE 6.0 (pharos 5.5, tid 6.5); -2 self-reported",https://defillama.com/yields/pool/0c1297da-9397-4e5c-9f10-2042b04d9f67,SELF-REPORTED(flat 30d history)
USD,Morpho Blue,Ethereum,Lending,SUSDE,Med-High,DefiLlama,SUSDE,1671042,5.29706,5.29706,5.29706,0,,5.29706,"score 4.0; SUSDE 6.0 (pharos 5.5, tid 6.5); -2 self-reported",https://defillama.com/yields/pool/c0921c0f-51aa-45b8-87e3-5eec59a6972b,SELF-REPORTED(flat 30d history)
USD,Morpho Blue,Ethereum,Lending,SUSDE,Med-High,DefiLlama,SUSDE,1176316,5.29706,5.29706,5.29706,0,,5.29706,"score 4.0; SUSDE 6.0 (pharos 5.5, tid 6.5); -2 self-reported",https://defillama.com/yields/pool/9f90f830-d381-461d-984f-9cf909ce906f,SELF-REPORTED(flat 30d history)
USD,Morpho Blue,Ethereum,Lending,SUSDE,High,DefiLlama,SUSDE,736485,5.29706,5.29706,5.29706,0,,5.29706,"score 3.0; SUSDE 6.0 (pharos 5.5, tid 6.5); -2 self-reported; -1 tvl<1M",https://defillama.com/yields/pool/51de19bd-d2a6-420e-9bbd-350c967b23d0,SELF-REPORTED(flat 30d history)
USD,Morpho Blue,Ethereum,Lending,SUSDE,High,DefiLlama,SUSDE,234754,5.29706,5.29706,5.29706,0,,5.29706,"score 3.0; SUSDE 6.0 (pharos 5.5, tid 6.5); -2 self-reported; -1 tvl<1M",https://defillama.com/yields/pool/a3a5cf89-9a9e-4db7-8f6d-1af3d5714d79,SELF-REPORTED(flat 30d history)
USD,Fluid Lending,Ethereum,Lending,SUSDE,High,DefiLlama,SUSDE,214939,5.29706,5.29706,5.29706,0,,5.29706,"score 3.0; SUSDE 6.0 (pharos 5.5, tid 6.5); -2 self-reported; -1 tvl<1M",https://defillama.com/yields/pool/2b389744-c2d6-40f4-b128-c9b7784b3417,SELF-REPORTED(flat 30d history)
USD,Fluid Lending,Ethereum,Lending,SUSDE,High,DefiLlama,SUSDE,201620,5.29706,5.29706,5.29706,0,,5.29706,"score 3.0; SUSDE 6.0 (pharos 5.5, tid 6.5); -2 self-reported; -1 tvl<1M",https://defillama.com/yields/pool/36b0894c-79c8-42bf-9d04-e97b62c85351,SELF-REPORTED(flat 30d history)
USD,Aave V3,Ethereum,Lending,Umbrella,Med-Low,DefiLlama,USDT,63700792,5.29203,5.466,5.10395,3.69203,1.6,,"score 6.2; USDT 7.2 (credora 8.4, pharos 7.4, tid 6.0); pool collateral leg 8.4 (tBTC 9.0@42%, rETH 8.4@33%, weETH 7.0@11%, cbETH 8.3*@5%, XAUt 7.2@3%, LINK 8.0*@3%, AAVE 8.0*@1%, BTC.b 6.6@0%, LBTC 8.4@0%); -1 util 94%",https://defillama.com/yields/pool/a90d554a-b548-4f50-b03e-9dcb724b7777,
USD,Maple,Ethereum,Lending,Syrup USDT,Med-Low,DefiLlama,USDT,643809940,5.28274,5.07789,4.80313,5.28274,0,,"score 7.2; USDT 7.2 (credora 8.4, pharos 7.4, tid 6.0)",https://defillama.com/yields/pool/8edfdf02-cdbb-43f7-bca6-954e5fe56813,
USD,Curve DEX,Ethereum,LP,sDAI/sUSDe,Med-High,DefiLlama,sDAI-sUSDe,3696925,5.28,4.03,3.88667,5.28,0,,"score 5.5; SDAI 5.5 (pharos 5.5); SUSDE 6.0 (pharos 5.5, tid 6.5); worst leg: SDAI",https://defillama.com/yields/pool/d22deafb-dbb1-417c-b555-cc8c9f4b955a,
USD,Aave V3,MegaETH,Lending,USDM,High,DefiLlama,USDM,520839,5.27507,4.88411,4.52257,5.27507,,,"score 3.8; USDM 4.8 (pharos 4.5, tid 5.0); -1 tvl<1M",https://defillama.com/yields/pool/5c994437-94bf-4c96-a4c1-5b8ae446dfd0,
USD,Uniswap V3,Ethereum,LP,0.01%,Med-Low,DefiLlama,DAI-USDT,1329844,5.26014,4.72009,4.37056,5.26014,,,"score 7.2; DAI 8.1 (pharos 8.1); USDT 7.2 (credora 8.4, pharos 7.4, tid 6.0); worst leg: USDT",https://defillama.com/yields/pool/802d35a2-5bae-456f-a2a9-4e1b48e0dec5,
USD,Curve DEX,Ethereum,LP,DOLA/sUSDS,Med-High,DefiLlama,DOLA-sUSDS,7628082,5.22226,4.62972,4.03352,2.32,2.90226,,"score 4.5; DOLA 5.0 (pharos 5.7, tid 4.5); SUSDS 6.3 (pharos 5.5, tid 7.0); worst leg: DOLA; -0.5 pool 76% in DOLA",https://defillama.com/yields/pool/b36c0e1b-792f-4fee-8160-a0002c23e1d1,
USD,Convex Finance,Ethereum,LP,Curve Vault for crvUSD,Med-Low,DefiLlama,crvUSD,3358236,5.22059,5.21161,5.28983,0.6236,4.59699,,"score 6.0; CRVUSD 6.0 (pharos 7.3, tid 5.0)",https://defillama.com/yields/pool/eb0af544-1cc0-4617-8187-218fef3a24f9,REWARD-HEAVY(emissions 4.6 of 5.2 unverified)
USD,Uniswap V4,Ethereum,LP,Dynamic fee (hook),Med-Low,DefiLlama,USDC-USDT,6021156,5.22029,5.00829,3.03995,5.22029,,,"score 7.2; USDC 8.6 (credora 9.5, pharos 9.0, tid 7.5); USDT 7.2 (credora 8.4, pharos 7.4, tid 6.0); worst leg: USDT",https://defillama.com/yields/pool/fcf0e09f-7157-5ace-856b-25c7f6376eab,
USD,Curve DEX,Ethereum,LP,sUSDe/crvUSD,Med-High,DefiLlama,crvUSD-sUSDe,694123,5.22023,5.36422,5.47183,2.59,2.63023,,"score 5.0; CRVUSD 6.0 (pharos 7.3, tid 5.0); SUSDE 6.0 (pharos 5.5, tid 6.5); worst leg: CRVUSD; -1 tvl<1M",https://defillama.com/yields/pool/7e871eb8-f746-4af2-958d-1239bce4508e,
USD,Convex Finance,Ethereum,LP,Curve Vault for crvUSD,Med-Low,DefiLlama,crvUSD,3165534,5.20666,5.79141,5.94873,2.6373,2.56936,,"score 6.0; CRVUSD 6.0 (pharos 7.3, tid 5.0)",https://defillama.com/yields/pool/659de03b-a9fd-41ee-8a1c-7c7de1c6782a,
USD,Maple,Ethereum,Lending,Syrup USDC,Med-Low,DefiLlama,USDC,2891696734,5.17757,5.17322,5.06215,5.17757,0,,"score 7.9; USDC 8.6 (credora 9.5, pharos 9.0, tid 7.5); capped 7.9: not VERIFIED",https://defillama.com/yields/pool/43641cf5-a92e-416b-bce9-27113d3c0db6,
USD,Uniswap V4,Ethereum,LP,0.01%,Med-Low,DefiLlama,USDC-USDT,536509,5.15909,1.77335,1.31907,5.15909,,,"score 6.2; USDC 8.6 (credora 9.5, pharos 9.0, tid 7.5); USDT 7.2 (credora 8.4, pharos 7.4, tid 6.0); worst leg: USDT; -1 tvl<1M",https://defillama.com/yields/pool/62536f41-83fa-467b-bd07-2749f94e8370,
USD,Kamino Lend,Solana,Lending,Obligate Market,High,DefiLlama,USDC,563506,5.142,5.35498,5.3714,5.142,,,"score 2.0; USDC 8.6 (credora 9.5, pharos 9.0, tid 7.5); market reserves leg 3.0 (oTFY unrated@100%); market reserves leg governs; -1 tvl<1M",https://defillama.com/yields/pool/6a1895e9-5512-5629-b344-22d0c9ac1ed2,
USD,Morpho Blue,Ethereum,Lending,ARMUSDTS,Med-Low,DefiLlama,ARMUSDTS,10039356,5.13008,5.36364,5.54682,5.13008,0,,"score 6.0; allocation leg 6.0 (v-wmtUSDT unrated@35%, wstETH 8.5*@27%, WBTC 9.5@15%, PT-reUSD-10DEC2026→reUSD 4.3@14%, cbBTC 9.5@5%, PT-USDat-14JAN2027→USDat 4.7@3%, XAUt 7.2@1%)",https://defillama.com/yields/pool/37ba6878-526b-51a9-9bea-8b18986d9eb3,
USD,Morpho Blue,Base,Lending,BBQUSDC,High,DefiLlama,BBQUSDC,735079,5.09109,5.38957,5.22594,5.09109,0,,"score 2.0; BBQUSDC 5.5 (pharos 5.5); allocation leg 3.0 (cbXRP unrated@78%, cbDOGE unrated@13%); allocation leg governs; -1 tvl<1M",https://defillama.com/yields/pool/bf346d43-ef94-4277-b159-ebadb93caef1,
USD,Kamino Lend,Solana,Lending,xStocks Market,High,DefiLlama,USDC,511203,5.08773,5.06108,4.2785,5.08773,,,"score 2.1; USDC 8.6 (credora 9.5, pharos 9.0, tid 7.5); market reserves leg 3.1 (SPYx unrated@19%, MSTRx unrated@19%, GOOGLx unrated@14%, QQQx unrated@13%, NVDAx unrated@12%, TSLAx unrated@12%, cbBTC 9.5@2%); market reserves leg governs; -1 tvl<1M",https://defillama.com/yields/pool/571311bf-7da7-4f3c-b181-43119070bffc,
USD,Royco V2,Ethereum,Lending,Maple Finance syrupUSDC · Senior,High,DefiLlama,SRROYSYRUPUSDC,605291,5.08292,5.0525,4.99014,5.08292,,,unrated: internal signals only,https://defillama.com/yields/pool/274d97a2-567d-5fa5-8639-8d42a1ccdb0d,
USD,Sky Lending,Ethereum,Lending,Expert Mode,Med-Low,DefiLlama,STUSDS,190418583,5.07,5.07571,5.15467,5.07,,,"score 7.5; STUSDS 7.5 (pharos 7.2, yearn 7.8)",https://defillama.com/yields/pool/9f71f0fd-cfac-54b1-865e-37338f481708,
USD,Fluid Lending,Ethereum,Lending,Fluid USD Coin,Med-Low,DefiLlama,USDC,130600086,5.07,4.71,4.463,5.07,,,"score 7.9; USDC 8.6 (credora 9.5, pharos 9.0, tid 7.5); capped 7.9: not VERIFIED",https://defillama.com/yields/pool/4438dabc-7f0c-430b-8136-2722711ae663,
USD,Fluid Lending,Ethereum,Lending,USDC,Med-Low,DefiLlama,USDC,738092,5.07,4.69857,4.46033,5.07,,,"score 7.6; USDC 8.6 (credora 9.5, pharos 9.0, tid 7.5); -1 tvl<1M",https://defillama.com/yields/pool/db446cb6-2ec5-4fdd-9812-bdbeab125a31,
USD,Yearn Finance,Ethereum,Lending,CRVUSDCWBTCWETH,High,DefiLlama,CRVUSDCWBTCWETH,697161,5.06529,4.86847,4.99304,5.06529,0,,unrated: internal signals only,https://defillama.com/yields/pool/70684610-4bf2-489c-8329-af063de529a6,
USD,Aave V3,Ethereum,Lending,Aave Ethereum USDS,Med-Low,DefiLlama,USDS,4948440,5.06349,3.282,2.92546,1.92696,3.13653,,"score 7.9; USDS 8.1 (credora 8.4, pharos 8.0, tid 7.0, yearn 9.6); capped 7.9: not VERIFIED",https://defillama.com/yields/pool/e65588a1-27ad-4e20-9232-68a6cfaccf63,
USD,Curve LlamaLend,Ethereum,Lending,wstETH collateral,Med-Low,DefiLlama,crvUSD,3961771,5.03803,4.99313,3.92752,2.6373,2.40073,,"score 6.0; CRVUSD 6.0 (pharos 7.3, tid 5.0)",https://defillama.com/yields/pool/2d2872cc-a509-46c8-aaed-4bcd61258808,
USD,Morpho Blue,Base,Lending,BBQUSDC,Med-High,DefiLlama,BBQUSDC,21381269,5.03192,5.00765,5.00618,5.03192,0,,"score 4.0; BBQUSDC 5.5 (pharos 5.5); allocation leg 4.0 (cbXRP unrated@43%, mGLO unrated@23%, WETH 9.0*@10%, cbBTC 9.5@2%, cbETH 8.3*@2%); credora vault B+ (psl 0.92%); worst leg: BBQUSDC; allocation leg governs",https://defillama.com/yields/pool/832c94db-4948-4f14-aa65-af6e737d984e,
USD,Morpho Blue,Arbitrum,Lending,BBQUSDC,Med-High,DefiLlama,BBQUSDC,2656081,5.03093,4.84425,4.93171,5.03093,0,,score 5.5; BBQUSDC 5.5 (pharos 5.5),https://defillama.com/yields/pool/c13f1940-9965-4eee-b7e8-af785591ceda,
USD,Convex Finance,Ethereum,LP,Curve.fi Strategic USD Reserves,Med-High,DefiLlama,USDC-USDT,938126,5.02776,4.6141,4.84612,0.16,4.86776,,"score 5.7; USDC 8.6 (credora 9.5, pharos 9.0, tid 7.5); USDT 7.2 (credora 8.4, pharos 7.4, tid 6.0); worst leg: USDT; -1 tvl<1M; -0.5 pool 80% in USDT",https://defillama.com/yields/pool/29c6c784-6969-4839-a91d-1b01fb3eabec,
USD,Makina,Ethereum,Lending,USDSHFMK,High,DefiLlama,USDSHFMK,21950338,5.01801,4.86796,4.7516,5.01801,,,unrated: internal signals only,https://defillama.com/yields/pool/56a40119-56c1-5f44-822e-b6e3fd4aa785,
USD,Morpho Blue,Base,Lending,USDE,Med-Low,DefiLlama,USDE,392543420,5,5,4.85042,0,5,,"score 7.2; USDE 7.2 (credora 7.4, pharos 7.9, tid 6.5); credora vault A (psl 0.15%); worst leg: USDE",https://defillama.com/yields/pool/2d3b68a8-33d3-47e0-a4c0-0bafef4b01d5,
USD,Morpho Blue,Robinhood Chain,Lending,USDE,Med-Low,DefiLlama,USDE,342675947,5,5,4.81236,0,5,,"score 7.2; USDE 7.2 (credora 7.4, pharos 7.9, tid 6.5)",https://defillama.com/yields/pool/d3ed814d-9763-5436-8b25-66bdbabd36f8,REWARD-HEAVY(emissions 5.0 of 5.0 unverified)
USD,Morpho Blue,Ethereum,Lending,AUGUSTUSDCV2,High,DefiLlama,AUGUSTUSDCV2,305341,4.98222,4.73327,6.89077,4.98222,0,,"score 3.3; allocation leg 4.3 (syzUSD 4.1@77%, AA_FalconXUSDC 5.2@23%); -1 tvl<1M",https://defillama.com/yields/pool/df22be39-3524-4843-93c3-ae4afabd93a7,
USD,Maple,Ethereum,Lending,syrupUSDG,Med-Low,DefiLlama,USDG,453986290,4.97384,4.99367,4.99251,4.97384,0,,"score 7.7; USDG 7.7 (credora 9.0, pharos 7.3, tid 6.5, yearn 8.5)",https://defillama.com/yields/pool/4c004503-9587-46f2-a362-d23a80f4b691,
USD,Strata Markets,Ethereum,Lending,SRMM1USD,High,DefiLlama,SRMM1USD,422585,4.96977,4.96975,6.20454,4.96977,,,unrated: internal signals only,https://defillama.com/yields/pool/8139ac7b-c983-4800-bb98-60abe3d68157,
USD,Kamino Lend,Solana,Lending,Huma Market,High,DefiLlama,USDC,3432720,4.961,5.29329,4.61272,4.961,,,"score 3.0; USDC 8.6 (credora 9.5, pharos 9.0, tid 7.5); market reserves leg 3.0 (PST unrated@100%, USDS 8.1@0%, USDG 7.7@0%); market reserves leg governs",https://defillama.com/yields/pool/8a6cf606-e8e5-412f-9aad-da512327582a,
USD,Euler V2,Monad,Lending,EVK Vault eAUSD-20,Med-High,DefiLlama,AUSD,1182598,4.96043,5.06089,4.88245,4.96043,,,"score 5.8; AUSD 7.3 (credora 9.0, pharos 7.3, tid 6.0); collateral leg 6.8 (PT-AUSD-8OCT2026→AUSD 6.8@100%); collateral leg governs; -1 util 93%",https://defillama.com/yields/pool/81aa40b4-4aee-5253-996e-32270854da62,
USD,Morpho Blue,Base,Lending,ETHENAUSDC,Med-High,DefiLlama,ETHENAUSDC,30924043,4.95104,4.78069,4.50947,4.95104,0,,"score 4.1; allocation leg 5.1 (cbXRP unrated@65%, cbBTC 9.5@23%, USDe 7.2@7%, cbETH 8.3*@5%); credora vault A (psl 0.32%); allocation leg governs; -1 util 100%",https://defillama.com/yields/pool/14170877-8941-4c7d-b12c-06517c70f1e7,
USD,Morpho Blue,Ethereum,Lending,SKYMONEYUSDSFLAGSHIP,Low,DefiLlama,SKYMONEYUSDSFLAGSHIP,37213514,4.93121,4.93977,4.85845,0.65821,4.273,,"score 8.1; allocation leg 8.1 (cbBTC 9.5@49%, PT-sUSDS-26NOV2026→sUSDS 5.8@32%, wstETH 8.5*@19%)",https://defillama.com/yields/pool/61a5c79a-42d3-4de2-bcd2-13f73729c139,
USD,Euler V2,Base,Lending,EVK Vault eUSDC-49,Med-Low,DefiLlama,USDC,223899,4.9188,6.23549,14.77979,4.9188,,,"score 7.6; USDC 8.6 (credora 9.5, pharos 9.0, tid 7.5); -1 tvl<1M",https://defillama.com/yields/pool/8395e9c7-a26d-4e9c-a6e9-7cc002244979,
USD,Kamino Lend,Solana,Lending,AUTO Market,Med-Low,DefiLlama,USDC,440583,4.90436,5.13147,4.35575,4.90436,,,"score 7.6; USDC 8.6 (credora 9.5, pharos 9.0, tid 7.5); -1 tvl<1M",https://defillama.com/yields/pool/6cbcccd4-f405-58d4-ac95-0847df57b5c1,
USD,Curve DEX,Ethereum,LP,FRAX-USDC,High,DefiLlama,FRAX-USDC,1984600,4.89914,4.48988,4.57544,0.08,4.81914,,"score 2.9; FRAX 3.9 (pharos 5.6, tid 2.5); USDC 8.6 (credora 9.5, pharos 9.0, tid 7.5); worst leg: FRAX; -1 pool 90% in FRAX",https://defillama.com/yields/pool/3f6aa14f-eb0c-4738-bf74-8bc666f7d2b1,
USD,Morpho Blue,Ethereum,Lending,GUSDCE,Med-High,DefiLlama,GUSDCE,8078413,4.8985,4.99101,5.0204,4.8985,0,,"score 6.0; allocation leg 6.0 (cbBTC 9.5@32%, PST unrated@31%, reUSD 4.8@26%, LBTC 8.4@7%, PT-USDat-14JAN2027→USDat 4.7@3%)",https://defillama.com/yields/pool/746c13b0-b757-4733-aec5-2b1e72e33958,
USD,Beefy,Base,LP,Morpho,Med-Low,DefiLlama,USDC,394480,4.87449,4.99805,4.91205,,,,"score 7.6; USDC 8.6 (credora 9.5, pharos 9.0, tid 7.5); -1 tvl<1M",https://defillama.com/yields/pool/ba81ce35-1dfb-4a58-b74b-92d52166e19f,
USD,Curve LlamaLend,Ethereum,Lending,sfrxUSD collateral,Med-Low,DefiLlama,crvUSD,18381400,4.86778,4.9234,4.75355,2.6921,2.17568,,"score 6.0; CRVUSD 6.0 (pharos 7.3, tid 5.0)",https://defillama.com/yields/pool/27af094e-e18f-5eb2-bfbf-1cf24be73057,
USD,Uniswap V4,Ethereum,LP,0.01%,Med-Low,DefiLlama,USDC-USDG,220831,4.84624,3.15047,10.23017,4.84624,,,"score 6.7; USDC 8.6 (credora 9.5, pharos 9.0, tid 7.5); USDG 7.7 (credora 9.0, pharos 7.3, tid 6.5, yearn 8.5); worst leg: USDG; -1 tvl<1M",https://defillama.com/yields/pool/ed6aa630-4b85-5532-8a87-038d96d55d86,
USD,Curve DEX,Ethereum,LP,avUSD/frxUSD,Med-High,DefiLlama,frxUSD-avUSD,580840,4.83409,5.71618,5.80386,0,4.83409,,"score 4.4; FRXUSD 6.2 (pharos 7.1, tid 5.5); AVUSD 5.4 (credora 5.8, pharos 6.0, tid 4.5); worst leg: AVUSD; -1 tvl<1M",https://defillama.com/yields/pool/1044613e-47c3-48b8-b608-9986da8fbe7b,
USD,Aave V3,Ethereum,Lending,Aave Horizon RWA RLUSD,Med-Low,DefiLlama,RLUSD,71274432,4.8332,4.93629,4.97299,1.60818,3.22502,,"score 7.8; RLUSD 7.8 (credora 9.5, pharos 7.2, tid 7.0)",https://defillama.com/yields/pool/98d07333-f5e4-4a48-8061-cfb4b73ccf79,REWARD-HEAVY(emissions 3.2 of 4.8 unverified)
USD,SparkLend,Ethereum,Lending,SPK Farming Pool,Med-Low,DefiLlama,USDS,556067775,4.82833,4.88692,4.25001,,4.82833,,"score 7.9; USDS 8.1 (credora 8.4, pharos 8.0, tid 7.0, yearn 9.6); capped 7.9: not VERIFIED",https://defillama.com/yields/pool/54e9b138-3146-4c1f-8dce-1cb948f5ef96,REWARD-HEAVY(emissions 4.8 of 4.8 unverified)
USD,Yearn Finance,Ethereum,Lending,YBOLD,Med-High,DefiLlama,YBOLD,6628997,4.82727,5.81964,7.16494,4.82727,0,,score 5.5; YBOLD 5.5 (pharos 5.5),https://defillama.com/yields/pool/4c29f645-12db-461f-a1d7-16900d624271,
USD,Curve LlamaLend,Ethereum,Lending,sDOLA collateral,Med-Low,DefiLlama,CRVUSD,11943443,4.80304,4.71233,4.65709,2.7533,2.04974,,"score 6.0; CRVUSD 6.0 (pharos 7.3, tid 5.0)",https://defillama.com/yields/pool/6f5662dc-e05d-5304-a35b-d34cb8c9a4b7,
USD,Curve DEX,Ethereum,LP,BOLD-AVUSD,Med-High,DefiLlama,BOLD-AVUSD,328394,4.78344,6.46932,6.66403,0,4.78344,,"score 4.4; BOLD 7.4 (pharos 8.4, tid 6.5); AVUSD 5.4 (credora 5.8, pharos 6.0, tid 4.5); worst leg: AVUSD; -1 tvl<1M",https://defillama.com/yields/pool/1cb41712-6417-485e-aa23-db1d99a57b2b,
USD,Yearn Finance,Katana,Lending,vbUSDC yVault,Med-High,DefiLlama,vbUSDC,7265849,4.77106,4.71099,5.23494,1.2918,3.47926,,"score 5.9; strategy book leg 5.9 (Morpho Yearn OG ~USDC 6.5†@46%, Morpho Yearn Deg~USDC 6.5†@20%, Single Sided Steer LP vbUS unrated@16%, Morpho V2 Steakhouse H[steakhouse hig] 6.2†@10%, Morpho Steakhous~USDC 6.5†@7%, Single Sided Ste~AUSD 7.3†@0%)",https://defillama.com/yields/pool/0f185c65-9d48-48d2-85ab-7728314988e6,REWARD-HEAVY(emissions 3.5 of 4.8 unverified)
USD,Morpho Blue,Ethereum,Lending,PRESTOUSDCP,Low,DefiLlama,PRESTOUSDCP,302169,4.7421,4.74027,4.48393,4.7421,0,,score 8.0; allocation leg 9.5 (WBTC 9.5@100%); -1 tvl<1M; -0.5 concentrated book 100%,https://defillama.com/yields/pool/dbc0aad9-d4d5-53df-9428-5b9404cdb222,
USD,Yearn Finance,Base,Lending,Morpho Yearn Morpho Vault 1 Compounder,Med-High,DefiLlama,USDC,1529239,4.73873,4.71822,4.92929,4.73873,0,,"score 5.9; USDC 8.6 (credora 9.5, pharos 9.0, tid 7.5); capped 7.9: not VERIFIED; capped 5.9: allocation not visible",https://defillama.com/yields/pool/ea721c71-9a61-481d-aa52-b0198f325c66,
USD,Midas RWA,Ethereum,Lending,mAPOLLO,Med-High,DefiLlama,USDC,7392913,4.73,4.88143,6.769,4.73,,,unrated: internal signals only,https://defillama.com/yields/pool/435b3f8a-6c72-4db5-94e4-ffc93c5f0f69,
USD,Morpho Blue,Ethereum,Lending,GUSDCQ,Low,DefiLlama,GUSDCQ,10163872,4.71801,4.68887,4.45232,4.71801,0,,"score 9.4; allocation leg 9.4 (WBTC 9.5@86%, cbBTC 9.5@11%, weETH 7.0@2%, wstETH 8.5*@0%)",https://defillama.com/yields/pool/ba8f47b8-2cc2-4976-a0f9-1bd8da4bcb91,
USD,Aave V3,Polygon,Lending,Aave Polygon DAI,Med-Low,DefiLlama,DAI,702896,4.6983,4.63156,4.29172,4.6983,,,score 7.1; DAI 8.1 (pharos 8.1); -1 tvl<1M,https://defillama.com/yields/pool/c57bdc97-3100-41ff-845f-075363f6f5a4,
USD,Fluid Lending,Polygon,Lending,USDT0,Med-Low,DefiLlama,USDT0,514110,4.69,4.45429,5.13433,4.69,,,"score 6.2; USDT 7.2 (credora 8.4, pharos 7.4, tid 6.0); -1 tvl<1M",https://defillama.com/yields/pool/4a61f9bc-3e9a-4849-8b2c-67574dd22a86,
USD,Gauntlet,Ethereum,Lending,gtUSDa,High,DefiLlama,GTUSDA,1390856,4.64471,4.64312,4.70873,4.64471,,,unrated: internal signals only,https://defillama.com/yields/pool/d764f4ea-c791-4c10-a2d1-505b6c75712a,
USD,Gauntlet,Arbitrum,Lending,Gauntlet USD Alpha,High,DefiLlama,GTUSDA,5037314,4.63345,4.63909,4.70927,4.63345,,,unrated: internal signals only,https://defillama.com/yields/pool/693ec0f2-1901-4645-a132-16b34696c84b,
USD,Morpho Blue,Ethereum,Lending,STEAKUSDC,Med-Low,DefiLlama,STEAKUSDC,103097006,4.61621,4.58555,4.41053,4.61621,0,,"score 6.4; STEAKUSDC 6.4 (pharos 6.4); allocation leg 9.1 (cbBTC 9.5@68%, weETH 7.0@14%, WBTC 9.5@10%, wstETH 8.5*@5%, WBTC 9.5@1%, WETH 9.0*@1%, wstETH 8.5*@1%); credora vault A (psl 0.26%); worst leg: STEAKUSDC",https://defillama.com/yields/pool/931ea9be-5f4d-428e-beaf-205fc5b4e2b5,
USD,Morpho Blue,Ethereum,Lending,ARMUSDCP,Low,DefiLlama,ARMUSDCP,14659453,4.6137,4.60879,4.456,4.6137,0,,"score 9.0; allocation leg 9.4 (cbBTC 9.5@60%, WBTC 9.5@34%, wstETH 8.5*@6%); credora vault A (psl 0.33%)",https://defillama.com/yields/pool/49ff023e-209e-495a-9c1a-95d188e954b4,
USD,Morpho Blue,Ethereum,Lending,OEVUSDC,High,DefiLlama,OEVUSDC,6163178,4.61131,4.59949,4.41749,4.61131,0,,"score 3.7; allocation leg 5.7 (PT-reUSD-10DEC2026→reUSD 4.3@28%, cbBTC 9.5@17%, wFalconX unrated@16%, PT-USD3-17DEC2026→USD3 4.9@14%, USD3 5.4@14%, mF-ONE 8.4@4%, stUSDS 7.5@3%, WBTC 9.5@3%, wstETH 8.5*@1%); credora vault A (psl 0.32%); allocation leg governs; -2 red flags",https://defillama.com/yields/pool/2942e247-18c6-4a4e-926f-151dec88910b,MISMATCH(source 7.19)
USD,Curve DEX,Ethereum,LP,FRXUSD-SUSDE,High,DefiLlama,FRXUSD-SUSDE,820361,4.61009,5.72598,6.78086,3.45,1.16009,,"score 3.0; FRXUSD 6.2 (pharos 7.1, tid 5.5); SUSDE 6.0 (pharos 5.5, tid 6.5); worst leg: SUSDE; -2 red flags; -1 tvl<1M",https://defillama.com/yields/pool/a101e808-c45a-4081-963c-de037c0077a0,MISMATCH(curve total 1.16)
USD,Morpho Blue,Ethereum,Lending,UNIUSDC,Low,DefiLlama,UNIUSDC,4975125,4.60863,4.62203,4.42948,4.60863,0,,"score 9.5; allocation leg 9.5 (cbBTC 9.5@69%, WBTC 9.5@31%, wstETH 8.5*@0%)",https://defillama.com/yields/pool/7f9532c2-20c3-525d-b029-fa9e5e0c1eb7,
USD,Morpho Blue,Ethereum,Lending,GTUSDCP,Low,DefiLlama,GTUSDCP,102392961,4.60629,4.60084,4.42158,4.60629,0,,"score 8.0; GTUSDCP 8.0 (pharos 8.0); allocation leg 9.5 (cbBTC 9.5@70%, WBTC 9.5@27%, wstETH 8.5*@2%, WETH 9.0*@1%, WBTC 9.5@0%, cbBTC 9.5@0%, wstETH 8.5*@0%); credora vault A (psl 0.32%); worst leg: GTUSDCP",https://defillama.com/yields/pool/71b34441-5a46-431b-a9b3-8c081cd0d74c,
USD,Curve DEX,Ethereum,LP,frxUSD/trUSD,Med-High,DefiLlama,frxUSD-trUSD,3059318,4.60483,4.95097,3.51806,0.25,4.35483,,"score 5.3; FRXUSD 6.2 (pharos 7.1, tid 5.5); TRUSD 5.3 (pharos 5.3); worst leg: TRUSD",https://defillama.com/yields/pool/99691e5c-44c7-59aa-af1b-aef1f7efed80,
USD,Dolomite,Arbitrum,Lending,USDC,Med-Low,DefiLlama,USDC,1258335,4.59682,4.08056,4.19823,4.59682,,,"score 7.9; USDC 8.6 (credora 9.5, pharos 9.0, tid 7.5); capped 7.9: not VERIFIED",https://defillama.com/yields/pool/d0e11625-79b9-40e3-b01f-a473af961995,
USD,Aave V4,Avalanche,Lending,Core,Low,DefiLlama,USDC,6084762,4.59649,4.97071,5.08841,0.73649,3.86,,"score 8.6; USDC 8.6 (credora 9.5, pharos 9.0, tid 7.5)",https://defillama.com/yields/pool/22323e90-bde5-54a1-8686-53b4205b61b7,
USD,Aave V3,Ethereum,Lending,Aave Horizon Market,Med-Low,DefiLlama,USDC,534918,4.56892,5.34957,6.62491,4.56892,,,"score 6.4; USDC 8.6 (credora 9.5, pharos 9.0, tid 7.5); pool collateral leg 8.4 (tBTC 9.0@42%, rETH 8.4@33%, weETH 7.0@11%, cbETH 8.3*@5%, XAUt 7.2@3%, LINK 8.0*@3%, AAVE 8.0*@1%, BTC.b 6.6@0%, LBTC 8.4@0%); pool collateral leg governs; -1 tvl<1M; -1 util 94%",https://defillama.com/yields/pool/27296bf9-617a-46e4-9d6d-eefc71e9e0b6,
USD,Beefy,Base,LP,Moo Morpho Base Steakhouse High Yield USDC,Med-Low,DefiLlama,USDC,1850166,4.5688,4.49417,4.48484,,,,"score 7.9; USDC 8.6 (credora 9.5, pharos 9.0, tid 7.5); capped 7.9: not VERIFIED",https://defillama.com/yields/pool/2f6ff86c-3d82-4cd9-8e7d-bc3eb3471493,
USD,Veda,Plasma,Lending,PLASMAUSD,High,DefiLlama,PLASMAUSD,32052333,4.56825,4.22051,4.15386,4.56825,,,unrated: internal signals only,https://defillama.com/yields/pool/95d4f805-1800-4184-98a0-6e49b3ccad8a,
USD,Curve LlamaLend,Ethereum,Lending,syrupUSDC collateral,Med-Low,DefiLlama,CRVUSD,4549002,4.56695,4.41814,4.52895,1.9487,2.61825,,"score 6.0; CRVUSD 6.0 (pharos 7.3, tid 5.0)",https://defillama.com/yields/pool/0b777a97-3753-58f0-964b-260269b09f7e,
USD,Curve LlamaLend,Ethereum,Lending,fxSAVE collateral,Med-High,DefiLlama,CRVUSD,327421,4.56464,6.67985,9.04637,1.14,3.42464,,"score 5.0; CRVUSD 6.0 (pharos 7.3, tid 5.0); -1 tvl<1M",https://defillama.com/yields/pool/30f5924a-ef54-4a3b-8288-1f8229c7a573,REWARD-HEAVY(emissions 3.4 of 4.6 unverified)
USD,Morpho Blue,Ethereum,Lending,CRONOSUSDC,High,DefiLlama,CRONOSUSDC,1318121,4.52718,4.50961,4.38649,4.52718,0,,"score 2.4; allocation leg 4.4 (PT-reUSD-10DEC2026→reUSD 4.3@50%, sUSN 5.0@35%, srRoyUSDC 3.4@14%, fxSAVE 5.1@1%, AA_FalconXUSDC 5.2@0%, OETH 8.4@0%, mF-ONE 8.4@0%); -2 red flags",https://defillama.com/yields/pool/7c9210dc-9550-47eb-b73c-5774aa629c96,MISMATCH(source 8.64)
USD,Curve LlamaLend,Ethereum,Lending,fxSAVE collateral,Med-Low,DefiLlama,crvUSD,1306702,4.52705,4.28259,3.34074,1.6813,2.84575,,"score 6.0; CRVUSD 6.0 (pharos 7.3, tid 5.0)",https://defillama.com/yields/pool/7e53ac11-144a-4803-a713-c33662f5ee37,
USD,Fusion by IPOR,Base,Lending,Base USDC Lending Optimizer,Low,DefiLlama,USDC,2839722,4.52431,4.52384,6.08231,4.52431,0,,"score 8.6; USDC 8.6 (credora 9.5, pharos 9.0, tid 7.5); allocation leg 9.4 (cbBTC 9.5@87%, cbETH 8.3*@4%, aave-v3 8.5†@3%, USDC 8.6@0%)",https://defillama.com/yields/pool/4a2520ad-65ca-57fc-af80-f705c031e523,
USD,Morpho Blue,Ethereum,Lending,VBSHUSDC,High,DefiLlama,VBSHUSDC,11258560,4.52269,4.50517,4.2551,4.52269,0,,"score 2.3; allocation leg 4.3 (savUSD 4.9@59%, siUSD unrated@24%, srRoyUSDC 3.4@10%, ftUSD 5.3@5%, weETH 7.0@1%, PT-cUSD-23JUL2026→cUSD 6.2@0%); credora vault C+ (psl 9.65%); allocation leg governs; -2 red flags",https://defillama.com/yields/pool/d7c8dc33-235e-4d08-94e9-8b72c2500d0d,MISMATCH(source 6.16)
USD,Morpho Blue,Ethereum,Lending,SPARKUSDCBC,High,DefiLlama,SPARKUSDCBC,14236413,4.50157,4.49874,4.36372,4.50157,0,,"score 2.0; allocation leg 3.0 (wUSCC unrated@55%, wJAAA unrated@44%); credora vault B (psl 2.50%); allocation leg governs; -1 util 94%",https://defillama.com/yields/pool/3e31d9a0-4d87-492e-8c2d-78471cd76cec,
USD,Aave V3,Ethereum,Lending,SGHO,Med-High,DefiLlama,SGHO,167635859,4.5,4.5,4.5,4.5,,,"score 4.6; SGHO 6.6 (pharos 6.7, tid 5.5, yearn 8.0); -2 self-reported",https://defillama.com/yields/pool/19d024ed-9c70-4323-9a81-fe873ea5f0e0,SELF-REPORTED(flat 30d history)
USD,Liquity V2,Ethereum,Lending,BOLD deposited in the ETH Stability Pool earns continuous BOLD yield and periodic ETH rewards from Trove liquidations,Med-Low,DefiLlama,BOLD,7137466,4.49021,4.48832,3.94231,,,,"score 7.4; BOLD 7.4 (pharos 8.4, tid 6.5)",https://defillama.com/yields/pool/a635df9a-4cfc-4d17-86d0-934ea441e79f,
USD,Curve DEX,Ethereum,LP,USDS/stUSDS,Med-High,DefiLlama,USDS-stUSDS,2582898,4.46919,3.93249,4.51087,1.97,2.49919,,"score 5.5; USDS 8.1 (credora 8.4, pharos 8.0, tid 7.0, yearn 9.6); STUSDS 7.5 (pharos 7.2, yearn 7.8); worst leg: STUSDS; -2 red flags",https://defillama.com/yields/pool/b7da3156-3157-422f-8163-cb4dd0f182d3,MISMATCH(curve total 2.50)
USD,Tydro,Ink,Lending,Aave InkWhitelabel USDC,Med-High,DefiLlama,USDC,13490950,4.46891,4.351,4.08348,4.46891,,,"score 5.9; USDC 8.6 (credora 9.5, pharos 9.0, tid 7.5); capped 7.9: not VERIFIED; capped 5.9: allocation not visible",https://defillama.com/yields/pool/4d296741-940d-44c1-a729-f6bd1f330f6f,
USD,Lagoon,Ethereum,Lending,9SEURC,High,DefiLlama,9SEURC,776056,4.46038,4.67464,4.35078,4.46038,,,unrated: internal signals only,https://defillama.com/yields/pool/514d3a59-9783-45d9-834f-c8a08d30e9a1,
USD,Morpho Blue,Base,Lending,GTUSDCP,Med-Low,DefiLlama,GTUSDCP,414901936,4.42522,4.40973,4.35771,4.42522,0,,"score 6.2; GTUSDCP 8.0 (pharos 8.0); allocation leg 7.2 (USDe 7.2@87%, cbBTC 9.5@0%, cbETH 8.3*@0%); credora vault B+ (psl 1.19%); worst leg: CREDORA-VAULT; allocation leg governs; -1 util 92%",https://defillama.com/yields/pool/e0672197-9f3e-4414-bca5-e6b4c90aa469,
USD,Morpho Blue,Base,Lending,GTUSDCP,Med-Low,DefiLlama,GTUSDCP,185452773,4.42458,4.40785,4.35684,4.42458,0,,"score 7.5; GTUSDCP 8.0 (pharos 8.0); allocation leg 9.5 (cbBTC 9.5@94%, WETH 9.0*@5%, cbETH 8.3*@1%, cbETH 8.3*@0%, wstETH 8.5*@0%, cbETH 8.3*@0%); credora vault A (psl 0.20%); worst leg: GTUSDCP; -0.5 concentrated book 94%",https://defillama.com/yields/pool/df7ccfd1-2642-4d79-851a-a5b07d9b8a97,
USD,Morpho Blue,Base,Lending,STEAKUSDC,Med-High,DefiLlama,STEAKUSDC,382383319,4.42452,4.40725,4.35639,4.42452,0,,"score 5.9; STEAKUSDC 6.4 (pharos 6.4); allocation leg 9.5 (cbBTC 9.5@97%, WETH 9.0*@2%, cbETH 8.3*@1%, wstETH 8.5*@0%, cbETH 8.3*@0%); credora vault A (psl 0.20%); worst leg: STEAKUSDC; -0.5 concentrated book 97%",https://defillama.com/yields/pool/ba68527f-8ec2-4c55-827a-8f4673ae047c,
USD,Morpho Blue,Base,Lending,GUSDCQ,Low,DefiLlama,GUSDCQ,2032449,4.42365,4.40766,4.35744,4.42365,0,,"score 9.0; allocation leg 9.5 (cbBTC 9.5@94%, WETH 9.0*@5%, cbETH 8.3*@1%); -0.5 concentrated book 94%",https://defillama.com/yields/pool/96ef2230-b5fc-47d7-bbb3-847816e1c15b,
USD,Aave V3,Mantle,Lending,Aave Mantle USDT0,Med-Low,DefiLlama,USDT0,14990800,4.42339,4.44587,4.45349,3.88886,0.53453,,"score 7.2; USDT 7.2 (credora 8.4, pharos 7.4, tid 6.0)",https://defillama.com/yields/pool/47da0cdd-7b1d-4927-9545-20b53b73afa8,
USD,Morpho Blue,Ethereum,Lending,STEAKUSDC,High,DefiLlama,STEAKUSDC,63199222,4.41897,4.40448,4.21134,4.41897,0,,"score 2.8; STEAKUSDC 6.4 (pharos 6.4); allocation leg 4.8 (PT-reUSD-10DEC2026→reUSD 4.3@62%, PT-sUSDS-26NOV2026→sUSDS 5.8@26%, PT-sUSDE-26NOV2026→sUSDE 5.5@13%); allocation leg governs; -2 red flags",https://defillama.com/yields/pool/b55f43a8-f444-4cd8-a3a4-0a4e786ba566,MISMATCH(source 7.69)
USD,Morpho Blue,Base,Lending,MPUSDC,Med-Low,DefiLlama,MPUSDC,576956,4.41821,4.42,4.37617,4.41821,0,,"score 7.9; allocation leg 8.9 (cbBTC 9.5@33%, WETH 9.0*@33%, cbETH 8.3*@33%); -1 tvl<1M",https://defillama.com/yields/pool/66471469-2dc4-4223-b867-ca780fe7457d,
USD,Morpho Blue,Ethereum,Lending,GTUSDC,Med-Low,DefiLlama,GTUSDC,22555256,4.40442,4.44733,4.3235,4.40442,0,,"score 6.2; GTUSDC 8.0 (pharos 8.0); allocation leg 6.2 (fxSAVE 5.1@68%, cbBTC 9.5@27%, PT-fxSAVE-29OCT2026→fxSAVE 4.6@5%); credora vault A (psl 0.23%); worst leg: GTUSDC; allocation leg governs",https://defillama.com/yields/pool/a306885c-001e-4479-9ae8-459a56527bc1,
USD,Midas RWA,Ethereum,Lending,mRe7YIELD,Med-High,DefiLlama,USDC,6438127,4.4,4.54571,3.71033,4.4,,,unrated: internal signals only,https://defillama.com/yields/pool/fdeb7a57-e6c2-481e-9a8d-c7371600eeb9,
USD,Midas RWA,Etherlink,Lending,mRE7,High,DefiLlama,USDC,1125462,4.4,4.54571,3.71033,4.4,,,unrated: internal signals only,https://defillama.com/yields/pool/161f03a5-e1cc-4c43-8483-5842789441c8,
USD,Midas RWA,TAC,Lending,mRE7,High,DefiLlama,USDC,638213,4.4,4.54571,4.693,4.4,,,unrated: internal signals only,https://defillama.com/yields/pool/74cfc5a9-a8ed-4494-a412-2b5ef77563f7,
USD,Morpho Blue,Ethereum,Lending,GTUSDCCORE,High,DefiLlama,GTUSDCCORE,3784510,4.38649,4.41485,4.37955,4.38649,0,,score 2.5; allocation leg 3.0 (wFalconX unrated@100%); -0.5 concentrated book 100%,https://defillama.com/yields/pool/baf1a020-a2a4-401a-9425-eba22ffce13c,
USD,Lagoon,Avalanche,Lending,AGUSDC,High,DefiLlama,AGUSDC,1047813,4.35687,3.50078,6.20581,4.35687,,,unrated: internal signals only,https://defillama.com/yields/pool/763f056b-94ce-47cc-843a-6beb6eee0946,
USD,Ember Protocol,Ethereum,Lending,Ember Hilbert,Med-High,DefiLlama,USDC,2042837,4.35587,4.27087,4.39909,4.35587,,,"score 5.9; USDC 8.6 (credora 9.5, pharos 9.0, tid 7.5); capped 5.9: allocation not visible",https://defillama.com/yields/pool/fb934d2b-3356-5302-b17e-5bfbda2dad19,
USD,Kamino Lend,Solana,Lending,Huma Market,Low,DefiLlama,USDC,11680323,4.35541,7.44379,4.61363,4.35541,,,"score 8.0; USDC 8.6 (credora 9.5, pharos 9.0, tid 7.5); market reserves leg 8.0 (SOL 8.5*@27%, dSOL 7.3*@23%, JITOSOL 8.0*@11%, cbBTC 9.5@6%, JupSOL 7.8*@5%, USDG 7.7@4%, PYUSD 7.8@4%, MSOL 8.0*@2%, hSOL 7.3*@2%); market reserves leg governs",https://defillama.com/yields/pool/d2141a59-c199-4be7-8d4b-c8223954836b,
USD,Curve DEX,Ethereum,LP,RLUSD/USDC,Med-Low,DefiLlama,USDC-RLUSD,61502720,4.3465,4.37506,5.24501,0.36,3.9865,,"score 7.8; USDC 8.6 (credora 9.5, pharos 9.0, tid 7.5); RLUSD 7.8 (credora 9.5, pharos 7.2, tid 7.0); worst leg: RLUSD",https://defillama.com/yields/pool/e91e23af-9099-45d9-8ba5-ea5b4638e453,
USD,Curve DEX,Ethereum,LP,USDC/USDf,High,DefiLlama,USDC-USDf,3179762,4.34184,4.34855,4.2722,0.08,4.26184,,"score 3.4; USDC 8.6 (credora 9.5, pharos 9.0, tid 7.5); USDF 3.9 (credora 3.2, pharos 4.6); worst leg: USDF; -0.5 pool 81% in USDf",https://defillama.com/yields/pool/3388eabd-fc53-49bf-b358-d1a6dc3c6112,
USD,Fluid Lending,Ethereum,Lending,Fluid Tether USD,Med-Low,DefiLlama,USDT,130337470,4.34,4.21857,4.6,4.34,,,"score 7.2; USDT 7.2 (credora 8.4, pharos 7.4, tid 6.0)",https://defillama.com/yields/pool/4e8cc592-c8d5-4824-8155-128ba521e903,
USD,Curve DEX,Ethereum,LP,DOLA/sUSDe,High,DefiLlama,DOLA-sUSDe,64773113,4.3313,4.41806,4.14465,1.46,2.8713,,"score 3.0; DOLA 5.0 (pharos 5.7, tid 4.5); SUSDE 6.0 (pharos 5.5, tid 6.5); worst leg: DOLA; -2 red flags",https://defillama.com/yields/pool/8a3a7995-73b3-4e25-8b5c-82a8841bf720,MISMATCH(curve total 2.88); REWARD-HEAVY(emissions 2.9 of 4.3 unverified)
USD,Scallop Lend,Sui,Lending,USDC,Med-High,DefiLlama,USDC,541756,4.31688,3.92373,2.76729,4.31688,,,"score 5.9; USDC 8.6 (credora 9.5, pharos 9.0, tid 7.5); -1 tvl<1M; capped 5.9: collateral not visible",https://defillama.com/yields/pool/ddf68725-6ced-4c27-90ca-c14752cd7218,
USD,Aave V3,Gnosis,Lending,Aave Gnosis sDAI,High,DefiLlama,sDAI,5825416,4.30881,4.30881,4.30881,0,,4.30881,score 3.5; SDAI 5.5 (pharos 5.5); -2 self-reported,https://defillama.com/yields/pool/32f04d80-25f9-439f-838d-3b15becf2d21,SELF-REPORTED(flat 30d history)
USD,Beefy,Ethereum,LP,Moo Curve USDS-stUSDS,Med-Low,DefiLlama,USDS-stUSDS,2376827,4.30319,3.9774,4.68145,,,,"score 7.5; USDS 8.1 (credora 8.4, pharos 8.0, tid 7.0, yearn 9.6); STUSDS 7.5 (pharos 7.2, yearn 7.8); worst leg: STUSDS",https://defillama.com/yields/pool/58e015bc-e2d0-46b5-8adc-a60a3566471e,
USD,Fluid Lending,Plasma,Lending,Fluid USDT0,High,DefiLlama,USDT0,20958416,4.29,4.54,5.73967,4.29,,,"score 3.0; USDT 7.2 (credora 8.4, pharos 7.4, tid 6.0); collateral leg 3.0 (sUSDai-USDT0 unrated@100%); collateral leg governs",https://defillama.com/yields/pool/21e972fb-b330-4289-8bfa-6a14e925ecdb,
USD,Uniswap V4,Ethereum,LP,0.01%,Med-Low,DefiLlama,SUSDE-USDT,1013367,4.2887,4.49959,7.80897,4.2887,,,"score 6.0; SUSDE 6.0 (pharos 5.5, tid 6.5); USDT 7.2 (credora 8.4, pharos 7.4, tid 6.0); worst leg: SUSDE",https://defillama.com/yields/pool/1117725b-721c-40d5-9641-887209b7906c,
USD,Morpho Blue,Ethereum,Lending,API3COREUSDC,Med-Low,DefiLlama,API3COREUSDC,964173,4.27029,4.2997,4.13458,4.27029,0,,"score 6.1; allocation leg 8.6 (wstETH 8.5*@90%, cbBTC 9.5@8%, wstETH 8.5*@2%); -1 tvl<1M; -1 util 98%; -0.5 concentrated book 90%",https://defillama.com/yields/pool/0c2bec53-0061-40f8-b389-6b253b49783e,
USD,Morpho Blue,Ethereum,Lending,PRESTOUSDCF,High,DefiLlama,PRESTOUSDCF,3028167,4.25904,4.31913,4.21888,4.25904,0,,score 2.5; allocation leg 3.0 (wFalconX unrated@100%); -0.5 concentrated book 100%,https://defillama.com/yields/pool/d706265d-def3-5417-9c56-960c960d5520,
USD,Aave V3,Base,Lending,USDC,Low,DefiLlama,USDC,17142740,4.25713,4.02637,3.80622,4.25713,,,"score 8.6; USDC 8.6 (credora 9.5, pharos 9.0, tid 7.5); pool collateral leg 8.9 (WETH 9.0*@34%, cbBTC 9.5@34%, cbETH 8.3*@21%, weETH 7.0@6%, wstETH 8.5*@5%)",https://defillama.com/yields/pool/7e0661bf-8cf3-45e6-9424-31916d4c7b84,
USD,Kamino Lend,Solana,Lending,JLP Market,Med-High,DefiLlama,USDC,1539016,4.24483,5.24104,4.13984,4.24483,,,"score 5.6; USDC 8.6 (credora 9.5, pharos 9.0, tid 7.5); market reserves leg 6.6 (JLP 6.5*@92%, USDT 7.2@4%, PYUSD 7.8@2%, USDG 7.7@1%, USD1 7.5@0%, SOL 8.5*@0%); market reserves leg governs; -1 util 93%",https://defillama.com/yields/pool/62649c90-e61a-4ffc-ba31-3d754b7461fc,
USD,Morpho Blue,Base,Lending,YCSUSDC,High,DefiLlama,YCSUSDC,705494,4.22589,4.30172,4.21971,4.22589,0,,"score 2.0; allocation leg 3.0 (cbXRP unrated@78%, cbDOGE unrated@13%); -1 tvl<1M",https://defillama.com/yields/pool/44b5ceb6-274a-4193-9665-ff497ec1e535,
USD,Project 0,Solana,Lending,USDT,Med-High,DefiLlama,USDT,450541,4.21853,5.36858,5.42676,4.21853,,,"score 5.9; USDT 7.2 (credora 8.4, pharos 7.4, tid 6.0); -1 tvl<1M; capped 5.9: collateral not visible",https://defillama.com/yields/pool/7bc3bdb4-a48f-4fe5-8922-724cc44b327d,
USD,Morpho Blue,Base,Lending,K3USDC,Med-Low,DefiLlama,K3USDC,3685834,4.21758,4.42679,4.72885,4.21758,0,,"score 8.0; allocation leg 9.5 (cbBTC 9.5@99%, cbETH 8.3*@0%); -1 util 100%; -0.5 concentrated book 99%",https://defillama.com/yields/pool/cca340f1-03e7-5097-8d7c-f07def190cc2,
USD,Morpho Blue,Base,Lending,BITUSDCP,Low,DefiLlama,BITUSDCP,362174,4.21086,4.21751,4.15407,4.21086,0,,"score 8.3; allocation leg 9.3 (cbBTC 9.5@84%, cbETH 8.3*@15%, cbETH 8.3*@1%, WETH 9.0*@0%, wstETH 8.5*@0%); -1 tvl<1M",https://defillama.com/yields/pool/3c9e2fb0-6bf6-53aa-9ff6-d78ff4d044a1,
USD,Yearn Finance,Base,Lending,USDC Horizon yVault,Med-High,DefiLlama,USDC,767470,4.20874,3.92799,4.26592,4.20874,0,,"score 5.0; USDC 8.6 (credora 9.5, pharos 9.0, tid 7.5); strategy book leg 6.5 (Morpho Yearn Morpho Va† 6.5†@99%, Morpho Moonwell Flagsh[moonwell flags] 9.0†@1%); strategy book leg governs; -1 tvl<1M; -0.5 concentrated book 99%",https://defillama.com/yields/pool/38f24550-a071-447c-8083-d376edaba156,
USD,Morpho Blue,Base,Lending,ARCHGV1USDC,Med-High,DefiLlama,ARCHGV1USDC,1257609,4.20767,4.18975,4.13731,4.20767,0,,unrated: internal signals only,https://defillama.com/yields/pool/15a4bbe2-d1fa-4dce-a780-27faeb859bd7,
USD,Morpho Blue,Base,Lending,STEAKUSDC,Med-High,DefiLlama,STEAKUSDC,14188823,4.20759,4.18977,4.1366,4.20759,0,,"score 4.0; STEAKUSDC 6.4 (pharos 6.4); allocation leg 4.0 (cbXRP unrated@43%, mGLO unrated@23%, WETH 9.0*@10%, cbBTC 9.5@2%, cbETH 8.3*@2%); credora vault B+ (psl 0.92%); worst leg: STEAKUSDC; allocation leg governs",https://defillama.com/yields/pool/7820bd3c-461a-4811-9f0b-1d39c1503c3f,
USD,Morpho Blue,Base,Lending,RE7USDC,Low,DefiLlama,RE7USDC,1244742,4.1983,4.18063,4.1329,4.1983,0,,score 9.0; allocation leg 9.5 (cbBTC 9.5@100%); -0.5 concentrated book 100%,https://defillama.com/yields/pool/47548a32-63c2-4485-b348-eac2cc3a587f,
USD,Lista Lending,BSC,Lending,RockawayX PT Yield,High,DefiLlama,USDT,1706559,4.18826,5.83778,6.29749,4.18826,0,,"score 3.6; USDT 7.2 (credora 8.4, pharos 7.4, tid 6.0); collateral leg 6.6 (BTCB 6.6@100%); collateral leg governs; -2 red flags; -1 lltv 8000000000000000%",https://defillama.com/yields/pool/80a280c8-8225-4232-a2a6-70e6606acd84,MISMATCH(source 2.77)
USD,Aave V3,Ethereum,Lending,Aave Ethereum USDtb,Low,DefiLlama,USDtb,2647163,4.18008,3.276,3.96494,4.18008,,,"score 8.1; USDTB 8.1 (credora 9.0, pharos 7.2); pool collateral leg 8.5 (tBTC 9.0@44%, rETH 8.4@35%, weETH 7.0@12%, cbETH 8.3*@5%, AAVE 8.0*@1%, BTC.b 6.6@0%, LBTC 8.4@0%, wstETH 8.5*@0%, syrupUSDT 6.0@0%)",https://defillama.com/yields/pool/baee0253-eb6e-4a08-a579-a2acd4f034b2,
USD,Morpho Blue,Ethereum,Lending,SBMORPHOUSDC,High,DefiLlama,SBMORPHOUSDC,9155949,4.17547,4.16371,3.99283,4.17547,0,,"score 2.2; allocation leg 5.2 (PT-reUSD-10DEC2026→reUSD 4.3@53%, mHyperBTC unrated@12%, WBTC 9.5@11%, mF-ONE 8.4@5%, cbBTC 9.5@5%, AA_FalconXUSDC 5.2@4%, sUSDat 3.0@3%, reUSD 4.8@2%, PT-USDat-14JAN2027→USDat 4.7@0%); -2 red flags; -1 util 100%",https://defillama.com/yields/pool/80b2d4bf-dac4-4c69-91da-cdc740de1e3b,MISMATCH(source 7.97)
USD,Falcon Finance,Ethereum,Lending,ERC-4626: USDf → sUSDf,High,DefiLlama,SUSDF,64637598,4.15873,4.01847,4.65822,4.15873,,,unrated: internal signals only,https://defillama.com/yields/pool/0f67a08c-3f24-4a4b-963e-541f5a5c0364,
USD,Beefy,Ethereum,LP,Moo Curve USDC-RLUSD,Med-Low,DefiLlama,RLUSD-USDC,2629304,4.15038,4.18059,4.94561,,,,"score 7.8; RLUSD 7.8 (credora 9.5, pharos 7.2, tid 7.0); USDC 8.6 (credora 9.5, pharos 9.0, tid 7.5); worst leg: RLUSD",https://defillama.com/yields/pool/6a577feb-5115-4185-9b55-f9c02bca9399,
USD,Yearn Finance,Ethereum,Lending,Morpho Steakhouse USDC Compounder,Med-High,DefiLlama,USDC,2393611,4.14907,4.10434,3.99167,4.14907,0,,"score 5.9; USDC 8.6 (credora 9.5, pharos 9.0, tid 7.5); capped 7.9: not VERIFIED; capped 5.9: allocation not visible",https://defillama.com/yields/pool/05a3d186-2d42-4e21-b1f0-68c079d22677,
USD,Liquity V2,Ethereum,Lending,BOLD deposited in the WSTETH Stability Pool earns continuous BOLD yield and periodic WSTETH rewards from Trove liquidations,Med-Low,DefiLlama,BOLD,9535996,4.14631,4.41099,3.11166,,,,"score 7.4; BOLD 7.4 (pharos 8.4, tid 6.5)",https://defillama.com/yields/pool/dac71f4f-7b97-463a-b19f-9796c56c21f1,
USD,Aerodrome V1,Base,LP,JEUR-EURC,High,DefiLlama,JEUR-EURC,867811,4.12584,7.47704,11.62316,,4.12584,,score 2.0; EURC 8.3 (pharos 8.3); JEUR unrated 3.0; worst leg: JEUR; -1 tvl<1M,https://defillama.com/yields/pool/e5345fb1-416b-4649-8e75-fc975dada7a7,REWARD-HEAVY(emissions 4.1 of 4.1 unverified)
USD,Aave V4,Ethereum,Lending,Prime,Med-Low,DefiLlama,USDC,3178063,4.10399,5.29309,5.13643,4.10399,,,"score 7.4; USDC 8.6 (credora 9.5, pharos 9.0, tid 7.5); pool collateral leg 8.4 (tBTC 9.0@42%, rETH 8.4@33%, weETH 7.0@11%, cbETH 8.3*@5%, XAUt 7.2@3%, LINK 8.0*@3%, AAVE 8.0*@1%, BTC.b 6.6@0%, LBTC 8.4@0%); pool collateral leg governs; -1 util 94%",https://defillama.com/yields/pool/4ac1a968-68ab-4da8-87e3-8f1e15e3dae2,
USD,Orca DEX,Solana,LP,USDG-SUSD.INFRA,High,DefiLlama,USDG-SUSD.INFRA,1748372,4.09052,,0.46588,4.09052,0,,"score 3.0; USDG 7.7 (credora 9.0, pharos 7.3, tid 6.5, yearn 8.5); SUSDINFRA unrated 3.0; worst leg: SUSDINFRA",https://defillama.com/yields/pool/68a8e75a-b55f-56ea-8280-00859c618189,NEW(5d history)
USD,Morpho Blue,Ethereum,Lending,AVGUSDCCONS,Low,DefiLlama,AVGUSDCCONS,565581,4.08523,4.08127,3.94771,4.08523,0,,score 8.0; allocation leg 9.5 (cbBTC 9.5@100%); -1 tvl<1M; -0.5 concentrated book 100%,https://defillama.com/yields/pool/9e982350-5e38-4174-afac-dd0d6b244a00,
USD,Morpho Blue,Base,Lending,CSUSDC,High,DefiLlama,CSUSDC,866770,4.08326,4.83525,4.23148,4.08326,0,,"score 2.0; allocation leg 3.0 (cbXRP unrated@78%, cbDOGE unrated@13%); -1 tvl<1M",https://defillama.com/yields/pool/34b65551-cca1-48f4-9a62-2145c24e92a4,
USD,Curve DEX,Ethereum,LP,APXUSD-USDC,High,DefiLlama,APXUSD-USDC,4757734,4.08,4.17857,6.18267,4.08,0,,"score 3.0; APXUSD 3.0 (pharos 2.7, tid 3.0, yearn 3.6); USDC 8.6 (credora 9.5, pharos 9.0, tid 7.5); worst leg: APXUSD",https://defillama.com/yields/pool/10155a57-e18b-53f7-b91a-e8bd90122e0a,
USD,Aave V4,Ethereum,Lending,Prime,Med-Low,DefiLlama,USDC,679173,4.07139,4.29943,4.85554,4.07139,,,"score 6.4; USDC 8.6 (credora 9.5, pharos 9.0, tid 7.5); pool collateral leg 8.4 (tBTC 9.0@42%, rETH 8.4@33%, weETH 7.0@11%, cbETH 8.3*@5%, XAUt 7.2@3%, LINK 8.0*@3%, AAVE 8.0*@1%, BTC.b 6.6@0%, LBTC 8.4@0%); pool collateral leg governs; -1 tvl<1M; -1 util 94%",https://defillama.com/yields/pool/38f1474f-bb56-46ff-b2c6-bc07539a1f2b,
USD,Kamino Lend,Solana,Lending,Superstate Opening Bell Market,High,DefiLlama,USDC,396131,4.06519,4.06397,3.78504,4.06519,,,"score 1.5; USDC 8.6 (credora 9.5, pharos 9.0, tid 7.5); market reserves leg 3.5 (FWDI unrated@88%, USCC 7.3@12%, USTB 5.5@0%, CASH 5.5@0%); market reserves leg governs; -1 tvl<1M; -1 util 95%",https://defillama.com/yields/pool/be594f62-06b5-4545-b062-8c8c08c4c0d2,
USD,Morpho Blue,Base,Lending,MWUSDC,Med-Low,DefiLlama,MWUSDC,3948541,4.06418,4.08089,4.06937,3.90584,0.15834,,"score 8.0; allocation leg 9.5 (cbBTC 9.5@99%, cbETH 8.3*@0%); -1 util 100%; -0.5 concentrated book 99%",https://defillama.com/yields/pool/b39b492a-0a64-4926-8598-d5acf05d62b5,
USD,Convex Finance,Ethereum,LP,sfrxUSD/frxUSD,Med-Low,DefiLlama,sfrxUSD-frxUSD,11891920,4.06405,3.8736,3.63078,2.8,1.26405,,"score 6.2; FRXUSD 6.2 (pharos 7.1, tid 5.5); FRXUSD 6.2 (pharos 7.1, tid 5.5)",https://defillama.com/yields/pool/956bda67-d4b0-41bf-92da-ea01f4622dda,
USD,JustLend V1,Tron,Lending,USDD,Med-High,DefiLlama,USDD,389169383,4.05851,4.03647,4.02137,0.00086,4.05765,,"score 4.5; USDD 4.5 (credora 5.8, pharos 4.3, tid 3.5)",https://defillama.com/yields/pool/f179ea6c-3345-432f-b727-9e68e7881105,REWARD-HEAVY(emissions 4.1 of 4.1 unverified)
USD,Uniswap V3,Avalanche,LP,0.01%,Med-Low,DefiLlama,USDT-USDC,362882,4.05693,2.3826,3.23079,4.05693,,,"score 6.2; USDT 7.2 (credora 8.4, pharos 7.4, tid 6.0); USDC 8.6 (credora 9.5, pharos 9.0, tid 7.5); worst leg: USDT; -1 tvl<1M",https://defillama.com/yields/pool/dc781ab7-eb0e-4313-aac9-fa1c365f0fdb,
USD,Aave V3,Ethereum,Lending,Aave Ethereum PYUSD,Med-Low,DefiLlama,PYUSD,759827,4.04575,4.17873,4.7332,4.04575,,,"score 6.8; PYUSD 7.8 (credora 9.5, pharos 7.0, tid 7.0); pool collateral leg 8.5 (tBTC 9.0@44%, rETH 8.4@35%, weETH 7.0@12%, cbETH 8.3*@5%, AAVE 8.0*@1%, BTC.b 6.6@0%, LBTC 8.4@0%, wstETH 8.5*@0%, syrupUSDT 6.0@0%); -1 tvl<1M",https://defillama.com/yields/pool/d118f505-e75f-4152-bad3-49a2dc7482bf,
USD,Fluid Lending,Base,Lending,Fluid Gho Token,High,DefiLlama,GHO,451363,4.04,3.95571,3.617,4.04,,,"score 3.9; GHO 6.9 (credora 8.4, pharos 7.1, tid 5.5); collateral leg 9.5 (cbBTC 9.5@100%); -2 red flags; -1 tvl<1M",https://defillama.com/yields/pool/652e70b1-6489-4e6c-93c7-40c1ec72e272,MISMATCH(source 0.00)
USD,Morpho Blue,Ethereum,Lending,PURINTAUSDC,Med-Low,DefiLlama,PURINTAUSDC,503632,4.03786,3.99359,3.11016,4.03786,0,,score 7.0; allocation leg 8.5 (wstETH 8.5*@91%); -1 tvl<1M; -0.5 concentrated book 91%,https://defillama.com/yields/pool/30e92100-6705-4137-b920-568e035b1e54,
USD,Fusion by IPOR,Base,Lending,yoUSD Looopeer,Med-High,DefiLlama,USDC,241506,4.01795,4.29413,5.1883,4.01795,0,,"score 4.9; USDC 8.6 (credora 9.5, pharos 9.0, tid 7.5); allocation leg 7.4 (yoUSD 7.4@100%, USDC 8.6@0%, USDC 8.6@0%); allocation leg governs; -1 tvl<1M; -1 leveraged strategy; -0.5 concentrated book 100%",https://defillama.com/yields/pool/43ab95db-35f3-4e54-a164-0526e1cd3b9b,
USD,Morpho Blue,Ethereum,Lending,BBQUSDT,Med-High,DefiLlama,BBQUSDT,22086323,4.00283,4.39428,4.5674,4.00283,0,,"score 4.8; allocation leg 4.8 (PT-USDat-14JAN2027→USDat 4.7@63%, sUSDai 4.9@37%, PT-reUSD-10DEC2026→reUSD 4.3@0%, XAUt 7.2@0%, wstETH 8.5*@0%, cbBTC 9.5@0%)",https://defillama.com/yields/pool/c743eac6-1906-4d96-a7aa-667426ec3cc7,
USD,Kamino Lend,Solana,Lending,reUSD Market,High,DefiLlama,USDG,613673,4.00257,4.53274,3.94466,4.00257,,,"score 2.9; USDG 7.7 (credora 9.0, pharos 7.3, tid 6.5, yearn 8.5); market reserves leg 4.9 (reUSD 4.8@96%, USDC 8.6@4%); market reserves leg governs; -1 tvl<1M; -1 util 92%",https://defillama.com/yields/pool/bbf171bc-6c1a-587d-9bfe-68da763e1aa7,
USD,Aave V3,Avalanche,Lending,USDT,Med-Low,DefiLlama,USDT,2537669,3.99685,4.41151,4.22157,3.99685,,,"score 7.2; USDT 7.2 (credora 8.4, pharos 7.4, tid 6.0)",https://defillama.com/yields/pool/e6692d08-85b6-4b50-952b-7c5c531862fe,
USD,Morpho Blue,Base,Lending,GTUSDCC,Low,DefiLlama,GTUSDCC,1837533,3.97583,3.96859,3.92233,3.97583,0,,"score 9.0; allocation leg 9.5 (cbBTC 9.5@94%, WETH 9.0*@5%, cbETH 8.3*@1%); -0.5 concentrated book 94%",https://defillama.com/yields/pool/65653183-7d69-408f-a76c-9dd2914f306f,
USD,Morpho Blue,Base,Lending,SPARKUSDC,Low,DefiLlama,SPARKUSDC,333806591,3.97351,3.95682,3.91112,3.97351,0,,"score 8.5; allocation leg 9.5 (cbBTC 9.5@97%, WETH 9.0*@2%, cbETH 8.3*@1%, wstETH 8.5*@0%, cbETH 8.3*@0%); credora vault A (psl 0.20%); -0.5 concentrated book 97%",https://defillama.com/yields/pool/a5fab52f-73fa-4f44-9c09-9af1eb20996c,
USD,Morpho Blue,Base,Lending,PUSDC,Low,DefiLlama,PUSDC,12216861,3.97351,3.95683,3.91136,3.97351,0,,score 9.0; credora vault A (psl 0.27%),https://defillama.com/yields/pool/c1949c46-0c01-445f-8017-b3192d9913bc,
USD,Morpho Blue,Base,Lending,AVGUSDCCONSB,Low,DefiLlama,AVGUSDCCONSB,423645,3.97308,3.95657,3.91155,3.97308,0,,score 8.0; allocation leg 9.5 (cbBTC 9.5@100%); -1 tvl<1M; -0.5 concentrated book 100%,https://defillama.com/yields/pool/d4254f28-f1fe-445e-86ba-b609dd9bbe4d,
USD,Uniswap V4,BSC,LP,0.00%,Med-Low,DefiLlama,USDT-USDC,554410,3.96895,3.82489,5.91693,3.96895,,,"score 6.2; USDT 7.2 (credora 8.4, pharos 7.4, tid 6.0); USDC 8.6 (credora 9.5, pharos 9.0, tid 7.5); worst leg: USDT; -1 tvl<1M",https://defillama.com/yields/pool/db574898-86c8-4348-b0d0-7fd176de8b31,
USD,Curvance,Monad,Lending,PT-AUSD-8OCT2026/AUSD,Med-Low,DefiLlama,AUSD,1089798,3.94745,5.02011,6.23522,2.36081,1.58664,,"score 6.8; AUSD 7.3 (credora 9.0, pharos 7.3, tid 6.0); collateral leg 6.8 (PT-AUSD-8OCT2026→AUSD 6.8@100%); collateral leg governs",https://defillama.com/yields/pool/87220366-2434-4599-b6bf-7b7daf595a9a,
USD,Royco V2,Arbitrum,Lending,Staked USDai · Senior,High,DefiLlama,SRROYSUSDAI,1147559,3.94245,5.36385,5.93249,3.94245,,,unrated: internal signals only,https://defillama.com/yields/pool/4c85a387-c143-5efb-b561-57d2bb040c4a,STALE(3d old)
USD,Morpho Blue,Hyperliquid L1,Lending,K3USDC,Low,DefiLlama,K3USDC,2051946,3.93848,3.90428,4.84878,3.93848,0,,"score 9.0; allocation leg 9.5 (WHYPE 9.5@100%, WHYPE 9.5@0%); -0.5 concentrated book 100%",https://defillama.com/yields/pool/9daeac04-ab9f-5d39-9b45-4392309c79e7,
USD,Kamino Lend,Solana,Lending,SOL/BTC Market,Med-Low,DefiLlama,USDS,447755,3.9215,3.74518,3.45233,3.9215,,,"score 7.1; USDS 8.1 (credora 8.4, pharos 8.0, tid 7.0, yearn 9.6); market reserves leg 8.1 (SOL 8.5*@24%, dSOL 7.3*@21%, USDC 8.6@11%, JITOSOL 8.0*@10%, cbBTC 9.5@5%, JupSOL 7.8*@5%, USDG 7.7@4%, PYUSD 7.8@3%, MSOL 8.0*@2%); market reserves leg governs; -1 tvl<1M",https://defillama.com/yields/pool/fa36ea14-cfb0-4f04-853f-366b22f0d887,
USD,Kamino Lend,Solana,Lending,SOL/BTC Market,Med-Low,DefiLlama,USDT,1631358,3.91999,3.82364,3.38555,3.91999,,,"score 7.2; USDT 7.2 (credora 8.4, pharos 7.4, tid 6.0); market reserves leg 8.1 (SOL 8.5*@24%, dSOL 7.3*@21%, USDC 8.6@11%, JITOSOL 8.0*@10%, cbBTC 9.5@5%, JupSOL 7.8*@5%, USDG 7.7@4%, PYUSD 7.8@3%, MSOL 8.0*@2%)",https://defillama.com/yields/pool/546b3c0c-138d-4190-b46b-efa1765f1dd3,
USD,Kamino Lend,Solana,Lending,Maple Market,Med-Low,DefiLlama,PYUSD,4868588,3.91277,4.18255,3.6879,3.91277,,,"score 6.9; PYUSD 7.8 (credora 9.5, pharos 7.0, tid 7.0); market reserves leg 6.9 (syrupUSDC 6.8@97%, USDC 8.6@1%, USDG 7.7@1%, CASH 5.5@0%, USDS 8.1@0%, USD1 7.5@0%); market reserves leg governs",https://defillama.com/yields/pool/cfced7e4-e041-445b-845e-afde335e3a35,
USD,Curve LlamaLend,Ethereum,Lending,sUSDe collateral,Med-Low,DefiLlama,crvUSD,8406161,3.89761,4.48787,4.65351,2.5765,1.32111,,"score 6.0; CRVUSD 6.0 (pharos 7.3, tid 5.0)",https://defillama.com/yields/pool/fd106377-2339-49f1-b7a5-8e479322b60d,
USD,Convex Finance,Ethereum,LP,FRAXUSDe,High,DefiLlama,FRAX-USDe,33932618,3.88502,3.83737,4.29234,0.01,3.87502,,"score 3.4; FRAX 3.9 (pharos 5.6, tid 2.5); USDE 7.2 (credora 7.4, pharos 7.9, tid 6.5); worst leg: FRAX; -0.5 pool 76% in FRAX",https://defillama.com/yields/pool/5fac4a47-5360-49b7-8b61-66f88a3d939f,
USD,Morpho Blue,Ethereum,Lending,SKYMONEYUSDSRISKCAPITAL,Med-Low,DefiLlama,SKYMONEYUSDSRISKCAPITAL,1033784,3.87346,4.01628,4.10656,3.87346,0,,score 7.0; allocation leg 7.5 (stUSDS 7.5@100%); -0.5 concentrated book 100%,https://defillama.com/yields/pool/88d00518-2cc9-409e-a336-8e6e4f6aea86,
USD,Morpho Blue,Ethereum,Lending,SKYMONEYUSDCRISKCAPITAL,Med-Low,DefiLlama,SKYMONEYUSDCRISKCAPITAL,9559174,3.8612,4.02714,4.27137,3.8612,0,,score 7.0; allocation leg 7.5 (stUSDS 7.5@100%); -0.5 concentrated book 100%,https://defillama.com/yields/pool/438ef4a3-aad3-41a0-831b-f8cba5a6bdc5,
USD,Morpho Blue,Ethereum,Lending,HUSDC,High,DefiLlama,HUSDC,15824140,3.8537,3.8501,3.72441,3.8537,0,,"score 2.6; allocation leg 4.6 (dCOMP unrated@72%, wstETH 8.5*@25%, cbBTC 9.5@3%); credora vault A (psl 0.27%); allocation leg governs; -2 red flags",https://defillama.com/yields/pool/677f756a-eda4-48b0-ba35-60adc9b44d88,MISMATCH(source 7.34)
USD,Curve DEX,Ethereum,LP,FRXUSD-SGHO,High,DefiLlama,FRXUSD-SGHO,724092,3.85215,5.30593,6.27829,3.1,0.75215,,"score 3.2; FRXUSD 6.2 (pharos 7.1, tid 5.5); SGHO 6.6 (pharos 6.7, tid 5.5, yearn 8.0); worst leg: FRXUSD; -2 red flags; -1 tvl<1M",https://defillama.com/yields/pool/e7464c49-c29a-443f-b449-a23d64c455e1,MISMATCH(curve total 0.75)
USD,Curve DEX,Ethereum,LP,SFRXUSD-SCRVUSD,Med-High,DefiLlama,SFRXUSD-SCRVUSD,207635,3.85,4.05429,3.717,3.85,0,,"score 5.0; FRXUSD 6.2 (pharos 7.1, tid 5.5); CRVUSD 6.0 (pharos 7.3, tid 5.0); worst leg: CRVUSD; -1 tvl<1M",https://defillama.com/yields/pool/d515263f-3726-49ad-80c3-d156e8ca79e0,
USD,Dolomite,Berachain,Lending,USDC.e,High,DefiLlama,USDC.e,434346,3.82072,3.83085,3.78906,3.82072,,,unrated: internal signals only,https://defillama.com/yields/pool/3ad2976e-6fa4-4eb4-b57a-8841536c3bb9,
USD,Aave V3,Ethereum,Lending,Aave Ethereum Lido USDC,Med-Low,DefiLlama,USDC,777668,3.81058,3.70588,3.25688,3.81058,,,"score 6.4; USDC 8.6 (credora 9.5, pharos 9.0, tid 7.5); pool collateral leg 8.4 (tBTC 9.0@42%, rETH 8.4@33%, weETH 7.0@11%, cbETH 8.3*@5%, XAUt 7.2@3%, LINK 8.0*@3%, AAVE 8.0*@1%, BTC.b 6.6@0%, LBTC 8.4@0%); pool collateral leg governs; -1 tvl<1M; -1 util 94%",https://defillama.com/yields/pool/effcb4a4-4dcb-45e5-935d-f15542c13e6b,
USD,Kamino Lend,Solana,Lending,Figure Market,Med-High,DefiLlama,PYUSD,4784134,3.78573,3.58996,3.24746,3.78573,,,"score 4.8; PYUSD 7.8 (credora 9.5, pharos 7.0, tid 7.0); market reserves leg 4.8 (PRIME unrated@60%, USDC 8.6@25%, CASH 5.5@15%, USDS 8.1@1%, wYLDS 5.5@0%, wYLDS 5.5@0%, USDG 7.7@0%, USDT 7.2@0%); market reserves leg governs",https://defillama.com/yields/pool/4decb8fb-be56-48ce-9c61-47a554d248e8,
USD,Curve DEX,Ethereum,LP,GHO/crvUSD,Med-Low,DefiLlama,GHO-crvUSD,1487320,3.73448,3.65935,3.83454,0.09,3.64448,,"score 6.0; GHO 6.9 (credora 8.4, pharos 7.1, tid 5.5); CRVUSD 6.0 (pharos 7.3, tid 5.0); worst leg: CRVUSD",https://defillama.com/yields/pool/fa087a6f-bc17-4752-9ac4-2b190503925f,
USD,Morpho Blue,Hyperliquid L1,Lending,GTUSDCC,Low,DefiLlama,GTUSDCC,1867619,3.72859,3.7133,4.97349,3.72859,0,,"score 9.0; allocation leg 9.5 (WHYPE 9.5@100%, WHYPE 9.5@0%); -0.5 concentrated book 100%",https://defillama.com/yields/pool/fa3d7f72-7a2e-4275-863a-228cb247a096,
USD,Convex Finance,Ethereum,LP,Curve Vault for crvUSD,Med-Low,DefiLlama,crvUSD,5691291,3.72741,4.06916,3.69585,2.7219,1.00551,,"score 6.0; CRVUSD 6.0 (pharos 7.3, tid 5.0)",https://defillama.com/yields/pool/027b72c2-bf96-451b-ac5f-afe6859b0828,
USD,Curve DEX,Ethereum,LP,alUSD/sDOLA,High,DefiLlama,sDOLA-alUSD,894631,3.72647,3.49403,3.28645,0.8,2.92647,,"score 0.7; SDOLA 5.0 (pharos 5.5, tid 4.5); ALUSD 2.7 (pharos 2.7); worst leg: ALUSD; -1 tvl<1M; -1 pool 88% in alUSD",https://defillama.com/yields/pool/0877b39a-c1a8-4155-b5dc-082600fdc26e,
USD,Yearn Finance,Ethereum,Lending,USDC-1 yVault,Med-High,DefiLlama,USDC,19557026,3.71119,3.65614,3.70205,3.71119,0,,"score 5.9; USDC 8.6 (credora 9.5, pharos 9.0, tid 7.5); capped 7.9: not VERIFIED; capped 5.9: allocation not visible",https://defillama.com/yields/pool/7d89af7a-24c9-4292-aa38-7c71b05fbd6d,
USD,Morpho Blue,Hyperliquid L1,Lending,FEUSDCV2,Low,DefiLlama,FEUSDCV2,8607099,3.70197,3.70145,4.8251,3.70197,0,,"score 8.1; allocation leg 8.1 (kHYPE 7.3@47%, WHYPE 9.5@24%, kHYPE 7.3@13%, WHYPE 9.5@13%, UBTC 4.1@2%, PT-kHYPE-24SEP2026→kHYPE 6.8@0%)",https://defillama.com/yields/pool/32123361-6ab0-5d1c-b057-5f34c558fb3d,
USD,Aave V3,Ethereum,Lending,USDT,Med-Low,DefiLlama,USDT,181878860,3.69203,3.88457,3.60729,3.69203,,,"score 6.2; USDT 7.2 (credora 8.4, pharos 7.4, tid 6.0); pool collateral leg 8.4 (tBTC 9.0@42%, rETH 8.4@33%, weETH 7.0@11%, cbETH 8.3*@5%, XAUt 7.2@3%, LINK 8.0*@3%, AAVE 8.0*@1%, BTC.b 6.6@0%, LBTC 8.4@0%); -1 util 94%",https://defillama.com/yields/pool/f981a304-bb6c-45b8-b0c5-fd2f515ad23a,
USD,Uniswap V3,Polygon,LP,0.01%,Med-Low,DefiLlama,USDC-USDC,286227,3.68907,3.0954,4.83389,3.68907,,,"score 7.6; USDC 8.6 (credora 9.5, pharos 9.0, tid 7.5); USDC 8.6 (credora 9.5, pharos 9.0, tid 7.5); -1 tvl<1M",https://defillama.com/yields/pool/9b844396-374d-49d3-8ce7-e54eaa23e800,
USD,Yearn Finance,Base,Lending,True Yield Dollar,Med-High,DefiLlama,USDC,662838,3.68851,3.61874,3.91509,3.68851,0,,"score 5.0; USDC 8.6 (credora 9.5, pharos 9.0, tid 7.5); strategy book leg 6.5 (Morpho Yearn Morpho Va† 6.5†@100%); strategy book leg governs; -1 tvl<1M; -0.5 concentrated book 100%",https://defillama.com/yields/pool/4aa0a5d8-860a-4ca2-af92-69c99c6d98f2,
USD,Morpho Blue,Hyperliquid L1,Lending,FEUSDC,High,DefiLlama,FEUSDC,4224330,3.6866,3.70359,4.77486,3.6866,0,,unrated: internal signals only,https://defillama.com/yields/pool/8622e84a-794b-4b68-aad2-a6a2e0e0d2c7,
USD,Compound V3,Base,Lending,USDC,Med-Low,DefiLlama,USDC,948783,3.66611,4.96909,4.90474,3.66611,0,,"score 7.6; USDC 8.6 (credora 9.5, pharos 9.0, tid 7.5); -1 tvl<1M",https://defillama.com/yields/pool/0c8567f8-ba5b-41ad-80de-00a71895eb19,
USD,Convex Finance,Ethereum,LP,FRXUSD-USPC,High,DefiLlama,FRXUSD-USPC,241004,3.65875,3.61673,4.03304,0,3.65875,,"score 2.5; FRXUSD 6.2 (pharos 7.1, tid 5.5); USPC 4.0 (tid 4.0); worst leg: USPC; -1 tvl<1M; -0.5 pool 78% in frxUSD",https://defillama.com/yields/pool/ff64e4a9-161d-42b8-82a3-b9436c6ceeb1,
USD,Aave V4,Ethereum,Lending,Prime,Med-High,DefiLlama,USDT,253001,3.65132,3.82813,4.11953,3.65132,,,"score 5.2; USDT 7.2 (credora 8.4, pharos 7.4, tid 6.0); pool collateral leg 8.4 (tBTC 9.0@42%, rETH 8.4@33%, weETH 7.0@11%, cbETH 8.3*@5%, XAUt 7.2@3%, LINK 8.0*@3%, AAVE 8.0*@1%, BTC.b 6.6@0%, LBTC 8.4@0%); -1 tvl<1M; -1 util 94%",https://defillama.com/yields/pool/5aabda74-2635-4870-89ab-d45b67d934d7,
USD,Aave V4,Ethereum,Lending,Global Dollar,Med-Low,DefiLlama,USDC,298131,3.64777,3.05401,2.22768,3.64777,,,"score 6.4; USDC 8.6 (credora 9.5, pharos 9.0, tid 7.5); pool collateral leg 8.4 (tBTC 9.0@42%, rETH 8.4@33%, weETH 7.0@11%, cbETH 8.3*@5%, XAUt 7.2@3%, LINK 8.0*@3%, AAVE 8.0*@1%, BTC.b 6.6@0%, LBTC 8.4@0%); pool collateral leg governs; -1 tvl<1M; -1 util 94%",https://defillama.com/yields/pool/a0508fcd-86d6-5abf-8150-01252d53e7b3,
USD,HyperLend Pooled,Hyperliquid L1,Lending,USDC,Med-Low,DefiLlama,USDC,8911322,3.6453,3.69708,4.64254,3.6453,,,"score 7.9; USDC 8.6 (credora 9.5, pharos 9.0, tid 7.5); capped 7.9: not VERIFIED",https://defillama.com/yields/pool/9d21c8a0-4ea9-4585-81a7-e3d09ab24a45,
USD,Aave V4,Ethereum,Lending,Core,Med-Low,DefiLlama,USDT,2148403,3.64154,3.76174,3.90746,3.64154,,,"score 6.2; USDT 7.2 (credora 8.4, pharos 7.4, tid 6.0); pool collateral leg 8.4 (tBTC 9.0@42%, rETH 8.4@33%, weETH 7.0@11%, cbETH 8.3*@5%, XAUt 7.2@3%, LINK 8.0*@3%, AAVE 8.0*@1%, BTC.b 6.6@0%, LBTC 8.4@0%); -1 util 94%",https://defillama.com/yields/pool/517f3a7a-a3b0-4af9-be8e-bcb0fb549744,
USD,Morpho Blue,Ethereum,Lending,GTUSDTF,Med-High,DefiLlama,GTUSDTF,1459805,3.62685,4.37767,4.1745,3.62685,0,,"score 5.3; allocation leg 5.8 (PT-sUSDS-26NOV2026→sUSDS 5.8@100%, syrupUSDT 6.0@0%, WBTC 9.5@0%, wstETH 8.5*@0%, weETH 7.0@0%, sUSDS 6.3@0%, sUSDS 6.3@0%, WETH 9.0*@0%, sUSDD 4.1@0%, wsrUSD 1.4@0%); credora vault A- (psl 0.44%); allocation leg governs; -0.5 concentrated book 100%",https://defillama.com/yields/pool/3bb1186e-cbf3-4615-b5bb-8b0a4f4c8363,
USD,Aave V3,Xlayer,Lending,USDC,Med-Low,DefiLlama,USDC,685813,3.62137,3.38889,3.06506,3.62137,,,"score 7.6; USDC 8.6 (credora 9.5, pharos 9.0, tid 7.5); -1 tvl<1M",https://defillama.com/yields/pool/b832eb4f-63e0-59fe-8292-e82c845b3407,
USD,Curve DEX,Ethereum,LP,crvUSD/frxUSD,Med-Low,DefiLlama,frxUSD-crvUSD,16723502,3.62079,3.81407,3.65128,0.29,3.33079,,"score 6.0; FRXUSD 6.2 (pharos 7.1, tid 5.5); CRVUSD 6.0 (pharos 7.3, tid 5.0); worst leg: CRVUSD",https://defillama.com/yields/pool/cfa46afc-eb9c-4ff5-8e35-e6e1feaea974,
USD,Kamino Lend,Solana,Lending,SOL/BTC Market,Med-Low,DefiLlama,USDG,7947123,3.61726,6.47489,4.89784,3.61726,,,"score 7.7; USDG 7.7 (credora 9.0, pharos 7.3, tid 6.5, yearn 8.5); market reserves leg 8.1 (SOL 8.5*@25%, dSOL 7.3*@22%, USDC 8.6@11%, JITOSOL 8.0*@10%, cbBTC 9.5@6%, JupSOL 7.8*@5%, PYUSD 7.8@3%, MSOL 8.0*@2%, hSOL 7.3*@2%)",https://defillama.com/yields/pool/0cdd7f84-711e-4cd4-916d-da318857559a,
USD,Sky Lending,Ethereum,Lending,SUSDS,Med-High,DefiLlama,SUSDS,4515812935,3.6,3.6,3.6,3.6,,,"score 4.3; SUSDS 6.3 (pharos 5.5, tid 7.0); -2 self-reported",https://defillama.com/yields/pool/d8c4eff5-c8a9-46fc-a888-057c4c668e72,SELF-REPORTED(flat 30d history)
USD,Sky Lending,Arbitrum,Lending,SUSDS,Med-High,DefiLlama,SUSDS,363494953,3.6,3.6,3.6,3.6,,,"score 4.3; SUSDS 6.3 (pharos 5.5, tid 7.0); -2 self-reported",https://defillama.com/yields/pool/3637ce7b-529b-49c1-964c-710a50b2939c,SELF-REPORTED(flat 30d history)
USD,Spark Savings,Arbitrum,Lending,Savings USDS,Med-Low,DefiLlama,USDS,363494953,3.6,3.6,3.6,3.6,,,"score 6.1; USDS 8.1 (credora 8.4, pharos 8.0, tid 7.0, yearn 9.6); -2 self-reported",https://defillama.com/yields/pool/9d499222-a01a-45bb-bbc9-f01c7923693b,SELF-REPORTED(flat 30d history)
USD,Spark Savings,Ethereum,Lending,Spark Savings USDC,Med-Low,DefiLlama,USDC,307633956,3.6,3.6,3.6,3.6,,,"score 6.6; USDC 8.6 (credora 9.5, pharos 9.0, tid 7.5); -2 self-reported",https://defillama.com/yields/pool/c5c74dd1-995c-4445-9d84-3e710bad7d52,SELF-REPORTED(flat 30d history)
USD,Morpho Blue,Ethereum,Lending,SUSDS,Med-High,DefiLlama,SUSDS,59099356,3.6,3.6,3.6,0,,3.6,"score 4.3; SUSDS 6.3 (pharos 5.5, tid 7.0); -2 self-reported",https://defillama.com/yields/pool/b7cb0bfb-87e8-552e-82b8-6ed837472d27,SELF-REPORTED(flat 30d history)
USD,Morpho Blue,Ethereum,Lending,SUSDS,Med-High,DefiLlama,SUSDS,12157488,3.6,3.6,3.6,0,,3.6,"score 4.3; SUSDS 6.3 (pharos 5.5, tid 7.0); -2 self-reported",https://defillama.com/yields/pool/9469cde6-65d8-4bbb-ade6-8a89f1728403,SELF-REPORTED(flat 30d history)
USD,Spark Savings,Base,Lending,Savings USDS,Med-Low,DefiLlama,USDS,12037886,3.6,3.6,3.6,3.6,,,"score 6.1; USDS 8.1 (credora 8.4, pharos 8.0, tid 7.0, yearn 9.6); -2 self-reported",https://defillama.com/yields/pool/aa2d08c0-0abd-4dcf-be93-ff8ca89d01cd,SELF-REPORTED(flat 30d history)
USD,Spark Savings,Avalanche,Lending,Spark Savings USDC,Med-Low,DefiLlama,USDC,8681047,3.6,3.6,3.6,3.6,,,"score 6.6; USDC 8.6 (credora 9.5, pharos 9.0, tid 7.5); -2 self-reported",https://defillama.com/yields/pool/e96cbd55-a0a0-446a-89ba-ada6e2991d50,SELF-REPORTED(flat 30d history)
USD,Sky Lending,OP Mainnet,Lending,SUSDS,Med-High,DefiLlama,SUSDS,5137657,3.6,3.6,3.6,3.6,,,"score 4.3; SUSDS 6.3 (pharos 5.5, tid 7.0); -2 self-reported",https://defillama.com/yields/pool/0af18cf7-b21c-5a85-93e5-bd58289a2d6d,SELF-REPORTED(flat 30d history)
USD,SparkLend,Ethereum,Lending,Spark sUSDS,Med-High,DefiLlama,sUSDS,3309580,3.6,3.6,3.6,0,,3.6,"score 4.3; SUSDS 6.3 (pharos 5.5, tid 7.0); -2 self-reported",https://defillama.com/yields/pool/d3694b72-5bc4-44c9-8ab6-1fc7941d216a,SELF-REPORTED(flat 30d history)
USD,Curve DEX,Ethereum,LP,REUSD-USDC,High,DefiLlama,REUSD-USDC,452449,3.6,3.55143,3.504,3.6,0,,"score 3.8; REUSD 4.8 (pharos 5.0, tid 5.0, yearn 4.2); USDC 8.6 (credora 9.5, pharos 9.0, tid 7.5); worst leg: REUSD; -1 tvl<1M",https://defillama.com/yields/pool/3c7d73df-4886-4184-9d40-d60c09f4d289,
USD,Morpho Blue,Arbitrum,Lending,SUSDS,High,DefiLlama,SUSDS,252849,3.6,3.6,3.6,0,,3.6,"score 3.3; SUSDS 6.3 (pharos 5.5, tid 7.0); -2 self-reported; -1 tvl<1M",https://defillama.com/yields/pool/0fd780bc-de70-42bc-b2db-6afa5f9ad56c,SELF-REPORTED(flat 30d history)
USD,Curve DEX,Ethereum,LP,sfrxUSD/frxUSD,Med-High,DefiLlama,sfrxUSD-frxUSD,11891941,3.59124,3.43193,3.16909,2.8,0.79124,,"score 4.2; FRXUSD 6.2 (pharos 7.1, tid 5.5); FRXUSD 6.2 (pharos 7.1, tid 5.5); -2 red flags",https://defillama.com/yields/pool/aa1fc20e-c4b6-4fa3-bcba-c9b8fd12cfe5,MISMATCH(curve total 0.79)
USD,Orca DEX,Solana,LP,USDC-USDT,Med-Low,DefiLlama,USDC-USDT,711642,3.53852,2.75381,3.31528,3.53852,0,,"score 6.2; USDC 8.6 (credora 9.5, pharos 9.0, tid 7.5); USDT 7.2 (credora 8.4, pharos 7.4, tid 6.0); worst leg: USDT; -1 tvl<1M",https://defillama.com/yields/pool/6aa870e3-1950-4344-ab24-3543a10418c5,
USD,Spark Savings,Ethereum,Lending,Spark Savings USDT,Med-Low,DefiLlama,USDT,447059889,3.5,3.5,3.44167,3.5,,,"score 7.2; USDT 7.2 (credora 8.4, pharos 7.4, tid 6.0)",https://defillama.com/yields/pool/a5d67f7e-5b51-4a9d-969d-caf051a7f5a4,
USD,Spark Savings,Robinhood Chain,Lending,Spark Savings USDG,Med-High,DefiLlama,USDG,14042888,3.5,3.5,3.5,3.5,,,"score 5.7; USDG 7.7 (credora 9.0, pharos 7.3, tid 6.5, yearn 8.5); -2 self-reported",https://defillama.com/yields/pool/a1371c8f-592f-56d4-a506-7f1530f35a00,SELF-REPORTED(flat 30d history)
USD,Clearpool Lending,Flare,Lending,USDX T-POOL,High,DefiLlama,USDX,16599326,3.49962,3.49957,3.4993,3.49962,0,,score 1.1; USDX 1.1 (pharos 1.1),https://defillama.com/yields/pool/be50b874-8147-440d-b8ca-f2c202e9ed64,
USD,Morpho Blue,Tempo,Lending,SENPATHUSD,Med-High,DefiLlama,SENPATHUSD,38716631,3.48893,3.49191,3.20089,0.03432,3.45461,,unrated: internal signals only,https://defillama.com/yields/pool/8ee39d92-b2b7-457b-b636-46e655892a11,REWARD-HEAVY(emissions 3.5 of 3.5 unverified)
USD,Aave V3,Ethereum,Lending,DAI,Low,DefiLlama,DAI,10436416,3.45028,3.23063,3.12122,3.45028,,,"score 8.1; DAI 8.1 (pharos 8.1); pool collateral leg 8.5 (tBTC 9.0@44%, rETH 8.4@35%, weETH 7.0@12%, cbETH 8.3*@5%, AAVE 8.0*@1%, BTC.b 6.6@0%, LBTC 8.4@0%, wstETH 8.5*@0%, syrupUSDT 6.0@0%)",https://defillama.com/yields/pool/3665ee7e-6c5d-49d9-abb7-c47ab5d9d4ac,
USD,Midas RWA,Etherlink,Lending,mBASIS,High,DefiLlama,USDC,4942067,3.45,4.74429,5.03833,3.45,,,unrated: internal signals only,https://defillama.com/yields/pool/c7a1e6c3-e50e-41a7-8bbe-33c88d26b8d0,
USD,Raydium AMM,Solana,LP,Concentrated - 0.01%,Med-Low,DefiLlama,USDC-USDT,1589552,3.45,2.78143,2.832,3.45,0,,"score 7.2; USDC 8.6 (credora 9.5, pharos 9.0, tid 7.5); USDT 7.2 (credora 8.4, pharos 7.4, tid 6.0); worst leg: USDT",https://defillama.com/yields/pool/8ad76d42-6247-42f2-8281-5d59cb77b8b3,
USD,Curve DEX,Ethereum,LP,Curve.fi Factory Plain Pool: crvUSD/USDC,Med-Low,DefiLlama,USDC-crvUSD,14288086,3.44751,3.73217,3.70905,0.58,2.86751,,"score 6.0; USDC 8.6 (credora 9.5, pharos 9.0, tid 7.5); CRVUSD 6.0 (pharos 7.3, tid 5.0); worst leg: CRVUSD",https://defillama.com/yields/pool/5faf730e-2c79-45a2-9459-fbcd185abf18,
USD,Fraxlend,Ethereum,Lending,Fraxlend Interest Bearing frxUSD (Staked Frax Ether) - 58,Med-Low,DefiLlama,frxUSD,4602777,3.44179,3.41294,3.36187,3.44179,,,"score 6.2; FRXUSD 6.2 (pharos 7.1, tid 5.5)",https://defillama.com/yields/pool/cc0e4862-04d0-409a-8d79-7f582e7b8b7a,
USD,Silo V2,Sonic,Lending,id 20,Med-Low,DefiLlama,USDC,355342,3.438,3.92223,6.52962,3.438,,,"score 7.6; USDC 8.6 (credora 9.5, pharos 9.0, tid 7.5); -1 tvl<1M",https://defillama.com/yields/pool/ce77c1eb-f51d-4652-8c25-b53f8254827a,
USD,Morpho Blue,Tempo,Lending,GTPATHUSDP,High,DefiLlama,GTPATHUSDP,284571,3.42844,3.44944,3.40242,0.20649,3.22195,,unrated: internal signals only,https://defillama.com/yields/pool/c9ea92cc-f58c-495f-a664-077823a70386,REWARD-HEAVY(emissions 3.2 of 3.4 unverified)
USD,Morpho Blue,Ethereum,Lending,APYXUSDC,High,DefiLlama,APYXUSDC,4586979,3.42023,3.51062,4.84871,3.42023,0,,"score 1.3; allocation leg 2.3 (apyUSD 2.4@48%, PT-apyUSD-5NOV2026→apyUSD 1.9@34%, PT-apxUSD-5NOV2026→apxUSD 2.5@18%); -1 util 100%",https://defillama.com/yields/pool/79197779-01a2-4e36-b49c-c26eb427c991,
USD,Midas RWA,Ethereum,Lending,mTBILL,Med-High,DefiLlama,USDC,72717387,3.42,3.44,3.44867,3.42,,,unrated: internal signals only,https://defillama.com/yields/pool/b8d0d351-ac04-40de-9768-1fb9fdc68114,
USD,Midas RWA,Etherlink,Lending,mTBILL,High,DefiLlama,USDC,1222729,3.42,3.44,3.44867,3.42,,,unrated: internal signals only,https://defillama.com/yields/pool/6e44d831-b95d-4273-b5d2-acc7cae00e0f,
USD,Midas RWA,Base,Lending,mTBILL,High,DefiLlama,USDC,365700,3.42,3.43857,3.44733,3.42,,,unrated: internal signals only,https://defillama.com/yields/pool/ad541aa1-1abb-5d5e-ba87-5bb0b0cdf0e9,
USD,SparkLend,Ethereum,Lending,USDT,Med-Low,DefiLlama,USDT,15879889,3.39475,3.35238,3.39489,3.39475,,,"score 7.2; USDT 7.2 (credora 8.4, pharos 7.4, tid 6.0)",https://defillama.com/yields/pool/8fbe28b8-140d-4e37-8804-5d2aba4daded,
USD,SparkLend,Ethereum,Lending,USDC,Med-Low,DefiLlama,USDC,4072620,3.39016,3.39041,3.42152,3.39016,,,"score 7.9; USDC 8.6 (credora 9.5, pharos 9.0, tid 7.5); capped 7.9: not VERIFIED",https://defillama.com/yields/pool/65ce8276-b4d9-41ba-9f6f-21fc374cf9bc,
USD,Aave V4,Ethereum,Lending,Plus,Med-High,DefiLlama,USDT,319169,3.35894,4.16768,4.04269,3.35894,,,"score 5.2; USDT 7.2 (credora 8.4, pharos 7.4, tid 6.0); pool collateral leg 8.4 (tBTC 9.0@42%, rETH 8.4@33%, weETH 7.0@11%, cbETH 8.3*@5%, XAUt 7.2@3%, LINK 8.0*@3%, AAVE 8.0*@1%, BTC.b 6.6@0%, LBTC 8.4@0%); -1 tvl<1M; -1 util 94%",https://defillama.com/yields/pool/72fdbf75-d830-4f18-83bf-dd7634f7a3f2,
USD,Morpho Blue,Katana,Lending,CSVBUSDT,High,DefiLlama,CSVBUSDT,949846,3.3572,4.04015,5.71926,3.3572,0,,unrated: internal signals only,https://defillama.com/yields/pool/130d0e23-8a40-5108-b9b6-fc754456a786,
USD,Aave V3,Gnosis,Lending,USDC.E,High,DefiLlama,USDC.E,260483,3.34939,3.16882,2.96689,3.34939,,,unrated: internal signals only,https://defillama.com/yields/pool/461505e0-e631-4af0-b0e9-6a861d917939,
USD,Yearn Finance,Ethereum,Lending,USDS-1 yVault,Med-Low,DefiLlama,USDS,10439323,3.34709,3.22415,2.52775,3.34709,0,,"score 7.6; USDS 8.1 (credora 8.4, pharos 8.0, tid 7.0, yearn 9.6); strategy book leg 8.1 (Grove USDS Compo~USDS 8.1†@97%, Spark USDS Compo~USDS 8.1†@3%); -0.5 concentrated book 97%",https://defillama.com/yields/pool/7501ef09-87d1-405c-b2b2-f269b2727289,
USD,Kamino Lend,Solana,Lending,JLP Market,Med-Low,DefiLlama,USDT,223126,3.34583,3.47422,3.70936,3.34583,,,"score 6.1; USDT 7.2 (credora 8.4, pharos 7.4, tid 6.0); market reserves leg 7.1 (JLP 6.5*@68%, USDC 8.6@29%, PYUSD 7.8@2%, USDG 7.7@1%, USD1 7.5@0%, SOL 8.5*@0%); market reserves leg governs; -1 tvl<1M",https://defillama.com/yields/pool/2d284e9c-7ae4-486f-88be-1584bdc3dd11,
USD,Raydium AMM,Solana,LP,Concentrated - 0.01%,Med-High,DefiLlama,TUSD-USDT,351611,3.34,4.39571,3.56567,3.34,0,,"score 5.0; TUSD 6.0 (pharos 6.0); USDT 7.2 (credora 8.4, pharos 7.4, tid 6.0); worst leg: TUSD; -1 tvl<1M",https://defillama.com/yields/pool/a2801182-6419-4c99-8472-be3dbee35006,
USD,Aave V3,BSC,Lending,USDC,Med-Low,DefiLlama,USDC,1653662,3.3358,3.57929,3.32165,3.3358,,,"score 7.9; USDC 8.6 (credora 9.5, pharos 9.0, tid 7.5); capped 7.9: not VERIFIED",https://defillama.com/yields/pool/15cf7c05-b5f0-4bde-8745-a791528c4381,
USD,Raydium AMM,Solana,LP,Concentrated - 0.01%,Med-Low,DefiLlama,PYUSD-USDT,351350,3.33,4.38714,3.97433,3.33,0,,"score 6.2; PYUSD 7.8 (credora 9.5, pharos 7.0, tid 7.0); USDT 7.2 (credora 8.4, pharos 7.4, tid 6.0); worst leg: USDT; -1 tvl<1M",https://defillama.com/yields/pool/7714b418-71cc-4bb4-b33d-a97ba2f031c6,
USD,Yearn Finance,Ethereum,Lending,USDC,Med-High,DefiLlama,USDC,1115027,3.32776,3.2368,3.43623,3.32776,0,,"score 5.9; USDC 8.6 (credora 9.5, pharos 9.0, tid 7.5); capped 7.9: not VERIFIED; capped 5.9: allocation not visible",https://defillama.com/yields/pool/c90a6ecb-eec9-5980-bbab-3a78bb9a0cc5,
USD,Kamino Lend,Solana,Lending,Ethena Market,Med-Low,DefiLlama,PYUSD,19845989,3.31957,3.50577,3.50573,3.31957,,,"score 7.2; PYUSD 7.8 (credora 9.5, pharos 7.0, tid 7.0); market reserves leg 7.2 (USDe 7.2@100%, USDG 7.7@0%, sUSDe 6.0@0%, USDT 7.2@0%, USDC 8.6@0%); market reserves leg governs",https://defillama.com/yields/pool/44f4d357-a29d-4990-a64a-a8452be2d884,
USD,Morpho Blue,Base,Lending,STEAKUSDC,Med-Low,DefiLlama,STEAKUSDC,123949382,3.30134,3.28806,3.25006,3.30134,0,,score 6.4; STEAKUSDC 6.4 (pharos 6.4); credora vault A (psl 0.17%); worst leg: STEAKUSDC,https://defillama.com/yields/pool/81ae8812-f04f-4f6e-9d71-ee5778f3a178,
USD,Curve LlamaLend,Arbitrum,Lending,WETH collateral,Med-High,DefiLlama,CRVUSD,216184,3.2923,3.13989,4.67773,3.2923,0,,"score 5.0; CRVUSD 6.0 (pharos 7.3, tid 5.0); -1 tvl<1M",https://defillama.com/yields/pool/297ec375-6355-4387-b3a4-2ac7476d6a26,
USD,Morpho Blue,Ethereum,Lending,SKYMONEYUSDTSAVINGS,Med-High,DefiLlama,SKYMONEYUSDTSAVINGS,61167001,3.27371,3.90695,3.84287,2.42653,0.84718,,"score 5.8; allocation leg 6.3 (sUSDS 6.3@100%, sUSDS 6.3@0%); credora vault B+ (psl 0.94%); allocation leg governs; -0.5 concentrated book 100%",https://defillama.com/yields/pool/89641d1d-6ee2-431b-b131-a0b49c59e2c5,
USD,Curve DEX,Ethereum,LP,USDT-USDE,Med-Low,DefiLlama,USDT-USDE,1282520,3.24717,3.74402,6.06023,0.52,2.72717,,"score 6.7; USDT 7.2 (credora 8.4, pharos 7.4, tid 6.0); USDE 7.2 (credora 7.4, pharos 7.9, tid 6.5); worst leg: USDT; -0.5 pool 76% in USDT",https://defillama.com/yields/pool/79e1d4b1-2340-4506-a4a0-a23e05fcf2d2,
USD,Curve DEX,Ethereum,LP,OUSD/USDC,Med-Low,DefiLlama,OUSD-USDC,1020112,3.21906,3.51003,3.03984,0.05,3.16906,,"score 6.4; OUSD 6.4 (pharos 6.2, tid 5.0, yearn 8.6); USDC 8.6 (credora 9.5, pharos 9.0, tid 7.5); worst leg: OUSD",https://defillama.com/yields/pool/280bc035-0c3d-4148-99b7-1c43a8cf7a8b,
USD,Yearn Finance,Ethereum,Lending,USDT-1 yVault,Med-High,DefiLlama,USDT,5741749,3.2027,3.31314,3.30907,3.2027,0,,"score 5.9; USDT 7.2 (credora 8.4, pharos 7.4, tid 6.0); capped 5.9: allocation not visible",https://defillama.com/yields/pool/daf810d4-b190-4d9a-a5c6-f784d6272a77,
USD,Concrete,Ethereum,Lending,Concrete Decentralized Finance USDT,High,DefiLlama,CTDEFIUSDT,29925137,3.20066,6.46137,7.34869,3.20066,,,unrated: internal signals only,https://defillama.com/yields/pool/9ffcea5d-ef46-4b80-a8fb-74b03d38b2ba,
USD,Curve DEX,Ethereum,LP,pyUSD/crvUSD,Med-Low,DefiLlama,PYUSD-crvUSD,1301442,3.19311,3.13067,3.43732,0.16,3.03311,,"score 6.0; PYUSD 7.8 (credora 9.5, pharos 7.0, tid 7.0); CRVUSD 6.0 (pharos 7.3, tid 5.0); worst leg: CRVUSD",https://defillama.com/yields/pool/93a073c9-0870-44a2-a5a6-d6091573be08,
USD,Compound V3,Ethereum,Lending,USDT,Med-Low,DefiLlama,USDT,19301727,3.18056,3.10987,3.03741,3.18056,0,,"score 7.2; USDT 7.2 (credora 8.4, pharos 7.4, tid 6.0)",https://defillama.com/yields/pool/f4d5b566-e815-4ca2-bb07-7bcd8bc797f1,
USD,Aave V3,Polygon,Lending,Aave Polygon USDT,Med-Low,DefiLlama,USDT0,10968584,3.18053,3.15521,3.15715,3.18053,,,"score 7.2; USDT 7.2 (credora 8.4, pharos 7.4, tid 6.0)",https://defillama.com/yields/pool/7e7821a2-3d20-4ae7-9c3d-04cd57904555,
USD,Morpho Blue,OP Mainnet,Lending,GTUSDCP,Med-Low,DefiLlama,GTUSDCP,722887,3.15195,3.07072,3.44305,3.15195,0,,score 7.0; GTUSDCP 8.0 (pharos 8.0); -1 tvl<1M,https://defillama.com/yields/pool/6b655652-e718-4cba-a17b-42ee036531dc,
USD,Kamino Lend,Solana,Lending,Figure Market,Med-High,DefiLlama,CASH,7008294,3.12076,3.1235,3.17975,3.12076,,,"score 5.2; CASH 5.5 (pharos 5.5); market reserves leg 5.2 (PRIME unrated@58%, USDC 8.6@24%, PYUSD 7.8@18%, USDS 8.1@1%, wYLDS 5.5@0%, wYLDS 5.5@0%, USDG 7.7@0%, USDT 7.2@0%); market reserves leg governs",https://defillama.com/yields/pool/6557f42a-a68a-414d-b7ac-3f3b301dda28,
USD,Fusion by IPOR,Arbitrum,Lending,IPOR USDC Prime,Med-Low,DefiLlama,USDC,239935,3.09861,3.06336,3.09439,3.09861,0,,"score 7.0; USDC 8.6 (credora 9.5, pharos 9.0, tid 7.5); allocation leg 8.5 (aave-v3 8.5†@100%, USDC 8.6@0%); allocation leg governs; -1 tvl<1M; -0.5 concentrated book 100%",https://defillama.com/yields/pool/359f75b6-4108-4b61-8282-f6a268ecff6c,
USD,Aave V3,Arbitrum,Lending,USDC,Low,DefiLlama,USDC,23309325,3.05344,3.02066,3.04218,3.05344,,,"score 8.6; USDC 8.6 (credora 9.5, pharos 9.0, tid 7.5); pool collateral leg 8.7 (WETH 9.0*@37%, WBTC 9.5@33%, weETH 7.0@15%, wstETH 8.5*@9%, USD₮0 7.2@6%)",https://defillama.com/yields/pool/d9fa8e14-0447-4207-9ae8-7810199dfa1f,
USD,Morpho Blue,Ethereum,Lending,SDFRXUSDV2,High,DefiLlama,SDFRXUSDV2,708610,3.04747,3.75307,3.5878,2.48422,0.56325,,"score 1.0; allocation leg 3.0 (stakedao-frxsUSDS unrated@56%, stakedao-frxUsDOLA unrated@35%); -1 tvl<1M; -1 util 97%",https://defillama.com/yields/pool/0c305f71-d4bf-401b-ad89-76d814954dcf,
USD,SparkLend,Ethereum,Lending,RLUSD,Med-Low,DefiLlama,RLUSD,1144574,3.04165,2.10493,1.48495,3.04165,,,"score 7.8; RLUSD 7.8 (credora 9.5, pharos 7.2, tid 7.0)",https://defillama.com/yields/pool/80e30152-4021-5b61-ad4c-000884b62abc,NEW(10d history)
USD,Aave V3,Ethereum,Lending,Prime Instance,Med-Low,DefiLlama,GHO,7550019,3.03793,3.03296,2.98956,3.03793,,,"score 6.9; GHO 6.9 (credora 8.4, pharos 7.1, tid 5.5)",https://defillama.com/yields/pool/41683a7c-20a2-4cd7-83a7-3ccedaad0db1,
USD,Compound V3,Arbitrum,Lending,Compound USDC,Med-Low,DefiLlama,USDC,2340026,3.02803,3.03173,2.93185,3.02803,0,,"score 7.9; USDC 8.6 (credora 9.5, pharos 9.0, tid 7.5); capped 7.9: not VERIFIED",https://defillama.com/yields/pool/d9c395b9-00d0-4426-a6b3-572a6dd68e54,
USD,Kamino Lend,Solana,Lending,SOL/BTC Market,Med-High,DefiLlama,CASH,234469,3.02716,3.28161,3.50959,3.02716,,,"score 4.5; CASH 5.5 (pharos 5.5); market reserves leg 8.1 (SOL 8.5*@24%, dSOL 7.3*@21%, USDC 8.6@11%, JITOSOL 8.0*@10%, cbBTC 9.5@5%, JupSOL 7.8*@5%, USDG 7.7@4%, PYUSD 7.8@3%, MSOL 8.0*@2%); -1 tvl<1M",https://defillama.com/yields/pool/91d6ed2f-b69e-4d7b-8d56-ab3256fbe1f5,
USD,Curve DEX,Ethereum,LP,PayPool,Med-Low,DefiLlama,PYUSD-USDC,27986152,3.02218,3.31404,4.68785,0.32,2.70218,,"score 7.3; PYUSD 7.8 (credora 9.5, pharos 7.0, tid 7.0); USDC 8.6 (credora 9.5, pharos 9.0, tid 7.5); worst leg: PYUSD; -0.5 pool 78% in USDC",https://defillama.com/yields/pool/14681aee-05c9-4733-acd0-7b2c84616209,
USD,Aave V3,Mantle,Lending,USDC,Med-Low,DefiLlama,USDC,425087,3.00994,4.15768,3.52394,3.00994,,,"score 7.6; USDC 8.6 (credora 9.5, pharos 9.0, tid 7.5); -1 tvl<1M",https://defillama.com/yields/pool/32cb38a5-b9b9-441a-bf07-8fab47b999d3,
USD,Curve LlamaLend,Ethereum,Lending,sreUSD collateral,Med-Low,DefiLlama,crvUSD,33747618,3.0098,3.24099,2.98685,0.6236,2.3862,,"score 6.0; CRVUSD 6.0 (pharos 7.3, tid 5.0)",https://defillama.com/yields/pool/fc689839-abf0-4649-a9dc-8a4778550f4b,REWARD-HEAVY(emissions 2.4 of 3.0 unverified)
USD,Curve DEX,Ethereum,LP,Curve.fi Factory Plain Pool: crvUSD/USDT,Med-Low,DefiLlama,USDT-crvUSD,47065232,3.00854,3.44735,3.6481,0.2,2.80854,,"score 6.0; USDT 7.2 (credora 8.4, pharos 7.4, tid 6.0); CRVUSD 6.0 (pharos 7.3, tid 5.0); worst leg: CRVUSD",https://defillama.com/yields/pool/90a3e412-e3be-47e1-a233-fd3760f4a794,
USD,Morpho Blue,Ethereum,Lending,BBQAUSD,Med-High,DefiLlama,BBQAUSD,662678,3.00724,2.525,5.39539,3.00724,0,,"score 5.2; allocation leg 6.7 (syrupUSDC 6.8@93%, reUSD 4.8@7%, wstETH 8.5*@0%, AA_FalconXUSDC 5.2@0%, wsrUSD 1.4@0%, sUSDe 6.0@0%, weETH 7.0@0%, WETH 9.0*@0%, cbBTC 9.5@0%); -1 tvl<1M; -0.5 concentrated book 93%",https://defillama.com/yields/pool/839da887-cac0-4d5b-a69b-55b41134d903,
USD,Morpho Blue,Ethereum,Lending,STEAKEURCV,Med-Low,DefiLlama,STEAKEURCV,146158882,3,3,3,3,0,,"score 6.9; allocation leg 8.9 (cbBTC 9.5@37%, wstETH 8.5*@23%, WBTC 9.5@12%, cbBTC 9.5@8%, EUTBL 6.5@7%, wstETH 8.5*@5%, WBTC 9.5@4%, steakUSDC 6.4@2%, eurSAFO 6.5@1%); credora vault A (psl 0.35%); allocation leg governs; -2 self-reported",https://defillama.com/yields/pool/d3b28212-a46b-4db8-8bb7-2c946b3cbe76,SELF-REPORTED(flat 30d history)
USD,Strata Markets,Ethereum,Lending,JRUSDAT,High,DefiLlama,JRUSDAT,1536427,0,9.23502,33.08311,0,,,"score 1.7; USDAT 5.2 (pharos 6.0, tid 4.5, yearn 5.4); -2 red flags; -1.5 junior tranche (first loss)",https://defillama.com/yields/pool/1f42963b-ff24-4563-acb7-0fd35e6ec45b,MISMATCH(source -30.31)
USD,Curve DEX,Arbitrum,LP,alUSD/USDC,High,DefiLlama,alUSD-USDC,561007,0,6.57198,7.71273,0,0,,"score 0.7; ALUSD 2.7 (pharos 2.7); USDC 8.6 (credora 9.5, pharos 9.0, tid 7.5); worst leg: ALUSD; -1 tvl<1M; -1 pool 93% in alUSD",https://defillama.com/yields/pool/abd14430-0463-4146-a90a-cb63e118750f,
USD,Strata Markets,Ethereum,Lending,JRUSDE,High,DefiLlama,JRUSDE,7655072,0,5.89721,6.74611,0,,,"score 3.7; USDE 7.2 (credora 7.4, pharos 7.9, tid 6.5); -2 red flags; -1.5 junior tranche (first loss)",https://defillama.com/yields/pool/8352355c-5ad7-45c5-aca2-628de224f8d8,MISMATCH(source 6.91)
